﻿Stationsnamn;StationsId;Stationsnät;Stationens latitud;Stationens longitud
RINGSJÖDAMMEN ÖVRE;2176;Övriga stationer;55.9141;13.4409

Parameternamn;Enhet
Vattenstånd;cm

Datum (svensk sommartid);Vattenstånd;Kvalitet;;
1974-04-22;5200;G;;Tidsperiod (fr.o.m.) = 1974-04-21
1974-04-23;5200;G;;Tidsperiod (t.o.m.) = 2026-05-15
1974-04-24;5200;G;;Kvalitetskoderna:
1974-04-25;5200;G;;Grön (G) = Kontrollerade och godkända värden.
1974-04-26;5200;G;;Gul (Y) = Grovt kontrollerade värden.
1974-04-27;5200;G;;Orange (O) = Okontrollerade värden.
1974-04-28;5200;G;;Nätinformation:
1974-04-29;5200;G;;SMHIs stationsnät: Data samlas in och lagras i SMHIs databaser. Data rimlighetskontrolleras vilket innebär att felaktiga data korrigeras och att databortfall kompletteras utifrån expertbedömning där det är möjligt. Fysiska stationer övervakas, inspekteras och underhålls löpande av SMHI.
1974-04-30;5200;G;;Övriga stationer: Stationerna ingår ej i SMHIs stationsnät men data samlas in och lagras i SMHIs databaser genom avtal med en tredje part.
1974-05-01;5200;G;;Orsaker till saknade data:
1974-05-02;5200;G;;  stationen eller givaren har varit ur funktion.
1974-05-03;5200;G;;  kvalitetskontrollerna har felmarkerat data (röd kvalitetskod). Efterföljande manuell granskning godkänner, rättar eller underkänner data.
1974-05-04;5200;G
1974-05-05;5200;G
1974-05-06;5400;G
1974-05-07;5400;G
1974-05-08;5398;G
1974-05-09;5399;G
1974-05-10;5398;G
1974-05-11;5400;G
1974-05-12;5398;G
1974-05-13;5396;G
1974-05-14;5396;G
1974-05-15;5396;G
1974-05-16;5396;G
1974-05-17;5396;G
1974-05-18;5394;G
1974-05-19;5393;G
1974-05-20;5392;G
1974-05-21;5392;G
1974-05-22;5392;G
1974-05-23;5392;G
1974-05-24;5390;G
1974-05-25;5392;G
1974-05-26;5388;G
1974-05-27;5389;G
1974-05-28;5388;G
1974-05-29;5390;G
1974-05-30;5390;G
1974-05-31;5390;G
1974-06-01;5390;G
1974-06-02;5390;G
1974-06-03;5387;G
1974-06-04;5386;G
1974-06-05;5386;G
1974-06-06;5388;G
1974-06-07;5386;G
1974-06-08;5386;G
1974-06-09;5386;G
1974-06-10;5385;G
1974-06-11;5385;G
1974-06-12;5384;G
1974-06-13;5384;G
1974-06-14;5384;G
1974-06-15;5382;G
1974-06-16;5382;G
1974-06-17;5381;G
1974-06-18;5380;G
1974-06-19;5379;G
1974-06-20;5378;G
1974-06-21;5376;G
1974-06-22;5378;G
1974-06-23;5379;G
1974-06-24;5379;G
1974-06-25;5378;G
1974-06-26;5378;G
1974-06-27;5378;G
1974-06-28;5377;G
1974-06-29;5373;G
1974-06-30;5372;G
1974-07-01;5375;G
1974-07-02;5374;G
1974-07-03;5373;G
1974-07-04;5372;G
1974-07-05;5372;G
1974-07-06;5372;G
1974-07-07;5373;G
1974-07-08;5372;G
1974-07-09;5372;G
1974-07-10;5370;G
1974-07-11;5371;G
1974-07-12;5371;G
1974-07-13;5372;G
1974-07-14;5370;G
1974-07-15;5371;G
1974-07-16;5371;G
1974-07-17;5371;G
1974-07-18;5370;G
1974-07-19;5370;G
1974-07-20;5369;G
1974-07-21;5366;G
1974-07-22;5367;G
1974-07-23;5367;G
1974-07-24;5366;G
1974-07-25;5366;G
1974-07-26;5365;G
1974-07-27;5362;G
1974-07-28;5362;G
1974-07-29;5363;G
1974-07-30;5363;G
1974-07-31;5362;G
1974-08-01;5362;G
1974-08-02;5362;G
1974-08-03;5362;G
1974-08-04;5362;G
1974-08-05;5365;G
1974-08-06;5368;G
1974-08-07;5367;G
1974-08-08;5367;G
1974-08-09;5368;G
1974-08-10;5370;G
1974-08-11;5370;G
1974-08-12;5370;G
1974-08-13;5369;G
1974-08-14;5368;G
1974-08-15;5368;G
1974-08-16;5370;G
1974-08-17;5369;G
1974-08-18;5368;G
1974-08-19;5368;G
1974-08-20;5366;G
1974-08-21;5365;G
1974-08-22;5364;G
1974-08-23;5364;G
1974-08-24;5363;G
1974-08-25;5362;G
1974-08-26;5364;G
1974-08-27;5362;G
1974-08-28;5361;G
1974-08-29;5360;G
1974-08-30;5359;G
1974-08-31;5358;G
1974-09-01;5359;G
1974-09-02;5359;G
1974-09-03;5358;G
1974-09-04;5357;G
1974-09-05;5355;G
1974-09-06;5355;G
1974-09-07;5356;G
1974-09-08;5356;G
1974-09-09;5357;G
1974-09-10;5355;G
1974-09-11;5355;G
1974-09-12;5354;G
1974-09-13;5354;G
1974-09-14;5354;G
1974-09-15;5355;G
1974-09-16;5355;G
1974-09-17;5354;G
1974-09-18;5353;G
1974-09-19;5352;G
1974-09-20;5352;G
1974-09-21;5352;G
1974-09-22;5352;G
1974-09-23;5352;G
1974-09-24;5352;G
1974-09-25;5352;G
1974-09-26;5352;G
1974-09-27;5352;G
1974-09-28;5351;G
1974-09-29;5351;G
1974-09-30;5351;G
1974-10-01;5351;G
1974-10-02;5352;G
1974-10-03;5352;G
1974-10-04;5352;G
1974-10-05;5352;G
1974-10-06;5354;G
1974-10-07;5355;G
1974-10-08;5355;G
1974-10-09;5357;G
1974-10-10;5358;G
1974-10-11;5360;G
1974-10-12;5364;G
1974-10-13;5368;G
1974-10-14;5368;G
1974-10-15;5371;G
1974-10-16;5372;G
1974-10-17;5372;G
1974-10-18;5371;G
1974-10-19;5371;G
1974-10-20;5370;G
1974-10-21;5368;G
1974-10-22;5370;G
1974-10-23;5372;G
1974-10-24;5377;G
1974-10-25;5380;G
1974-10-26;5380;G
1974-10-27;5385;G
1974-10-28;5385;G
1974-10-29;5388;G
1974-10-30;5390;G
1974-10-31;5391;G
1974-11-01;5390;G
1974-11-02;5395;G
1974-11-03;5399;G
1974-11-04;5399;G
1974-11-05;5396;G
1974-11-06;5404;G
1974-11-07;5394;G
1974-11-08;5400;G
1974-11-09;5402;G
1974-11-10;5404;G
1974-11-11;5402;G
1974-11-12;5402;G
1974-11-13;5406;G
1974-11-14;5409;G
1974-11-15;5410;G
1974-11-16;5411;G
1974-11-17;5411;G
1974-11-18;5410;G
1974-11-19;5414;G
1974-11-20;5415;G
1974-11-21;5416;G
1974-11-22;5415;G
1974-11-23;5413;G
1974-11-24;5412;G
1974-11-25;5411;G
1974-11-26;5413;G
1974-11-27;5415;G
1974-11-28;5419;G
1974-11-29;5422;G
1974-11-30;5421;G
1974-12-01;5422;G
1974-12-02;5424;G
1974-12-03;5420;G
1974-12-04;5422;G
1974-12-05;5423;G
1974-12-06;5422;G
1974-12-07;5424;G
1974-12-08;5424;G
1974-12-09;5425;G
1974-12-10;5425;G
1974-12-11;5426;G
1974-12-12;5426;G
1974-12-13;5428;G
1974-12-14;5429;G
1974-12-15;5431;G
1974-12-16;5432;G
1974-12-17;5435;G
1974-12-18;5437;G
1974-12-19;5438;G
1974-12-20;5442;G
1974-12-21;5442;G
1974-12-22;5442;G
1974-12-23;5442;G
1974-12-24;5442;G
1974-12-25;5440;G
1974-12-26;5440;G
1974-12-27;5442;G
1974-12-28;5445;G
1974-12-29;5446;G
1974-12-30;5446;G
1974-12-31;5446;G
1975-01-01;5445;G
1975-01-02;5447;G
1975-01-03;5445;G
1975-01-04;5441;G
1975-01-05;5441;G
1975-01-06;5441;G
1975-01-07;5441;G
1975-01-08;5442;G
1975-01-09;5442;G
1975-01-10;5440;G
1975-01-11;5443;G
1975-01-12;5445;G
1975-01-13;5445;G
1975-01-14;5445;G
1975-01-15;5445;G
1975-01-16;5445;G
1975-01-17;5443;G
1975-01-18;5441;G
1975-01-19;5440;G
1975-01-20;5438;G
1975-01-21;5440;G
1975-01-22;5437;G
1975-01-23;5437;G
1975-01-24;5439;G
1975-01-25;5439;G
1975-01-26;5439;G
1975-01-27;5440;G
1975-01-28;5442;G
1975-01-29;5441;G
1975-01-30;5440;G
1975-01-31;5438;G
1975-02-01;5439;G
1975-02-02;5438;G
1975-02-03;5430;G
1975-02-04;5434;G
1975-02-05;5433;G
1975-02-06;5432;G
1975-02-07;5430;G
1975-02-08;5430;G
1975-02-09;5429;G
1975-02-10;5427;G
1975-02-11;5425;G
1975-02-12;5427;G
1975-02-13;5425;G
1975-02-14;5424;G
1975-02-15;5424;G
1975-02-16;5424;G
1975-02-17;5423;G
1975-02-18;5422;G
1975-02-19;5419;G
1975-02-20;5418;G
1975-02-21;5417;G
1975-02-22;5415;G
1975-02-23;5416;G
1975-02-24;5413;G
1975-02-25;5411;G
1975-02-26;5404;G
1975-02-27;5402;G
1975-02-28;5407;G
1975-03-01;5402;G
1975-03-02;5404;G
1975-03-03;5406;G
1975-03-04;5405;G
1975-03-05;5404;G
1975-03-06;5404;G
1975-03-07;5405;G
1975-03-08;5405;G
1975-03-09;5405;G
1975-03-10;5405;G
1975-03-11;5406;G
1975-03-12;5406;G
1975-03-13;5406;G
1975-03-14;5404;G
1975-03-15;5404;G
1975-03-16;5406;G
1975-03-17;5403;G
1975-03-18;5403;G
1975-03-19;5403;G
1975-03-20;5402;G
1975-03-21;5400;G
1975-03-22;5402;G
1975-03-23;5402;G
1975-03-24;5402;G
1975-03-25;5402;G
1975-03-26;5402;G
1975-03-27;5403;G
1975-03-28;5404;G
1975-03-29;5403;G
1975-03-30;5405;G
1975-03-31;5406;G
1975-04-01;5408;G
1975-04-02;5407;G
1975-04-03;5408;G
1975-04-04;5410;G
1975-04-05;5412;G
1975-04-06;5413;G
1975-04-07;5416;G
1975-04-08;5420;G
1975-04-09;5422;G
1975-04-10;5423;G
1975-04-11;5424;G
1975-04-12;5425;G
1975-04-13;5422;G
1975-04-14;5423;G
1975-04-15;5426;G
1975-04-16;5426;G
1975-04-17;5426;G
1975-04-18;5426;G
1975-04-19;5421;G
1975-04-20;5424;G
1975-04-21;5428;G
1975-04-22;5423;G
1975-04-23;5423;G
1975-04-24;5421;G
1975-04-25;5420;G
1975-04-26;5422;G
1975-04-27;5422;G
1975-04-28;5417;G
1975-04-29;5420;G
1975-04-30;5422;G
1975-05-01;5416;G
1975-05-02;5414;G
1975-05-03;5416;G
1975-05-04;5415;G
1975-05-05;5415;G
1975-05-06;5416;G
1975-05-07;5416;G
1975-05-08;5416;G
1975-05-09;5416;G
1975-05-10;5415;G
1975-05-11;5416;G
1975-05-12;5415;G
1975-05-13;5416;G
1975-05-14;5417;G
1975-05-15;5418;G
1975-05-16;5417;G
1975-05-17;5418;G
1975-05-18;5418;G
1975-05-19;5418;G
1975-05-20;5417;G
1975-05-21;5413;G
1975-05-22;5415;G
1975-05-23;5416;G
1975-05-24;5416;G
1975-05-25;5416;G
1975-05-26;5415;G
1975-05-27;5416;G
1975-05-28;5413;G
1975-05-29;5412;G
1975-05-30;5412;G
1975-05-31;5412;G
1975-06-01;5412;G
1975-06-02;5411;G
1975-06-03;5412;G
1975-06-04;5413;G
1975-06-05;5410;G
1975-06-06;5410;G
1975-06-07;5410;G
1975-06-08;5411;G
1975-06-09;5403;G
1975-06-10;5408;G
1975-06-11;5407;G
1975-06-12;5409;G
1975-06-13;5403;G
1975-06-14;5402;G
1975-06-15;5404;G
1975-06-16;5402;G
1975-06-17;5402;G
1975-06-18;5402;G
1975-06-19;5402;G
1975-06-20;5401;G
1975-06-21;5401;G
1975-06-22;5401;G
1975-06-23;5398;G
1975-06-24;5397;G
1975-06-25;5394;G
1975-06-26;5394;G
1975-06-27;5393;G
1975-06-28;5392;G
1975-06-29;5392;G
1975-06-30;5390;G
1975-07-01;5388;G
1975-07-02;5388;G
1975-07-03;5387;G
1975-07-04;5386;G
1975-07-05;5386;G
1975-07-06;5385;G
1975-07-07;5385;G
1975-07-08;5384;G
1975-07-09;5384;G
1975-07-10;5382;G
1975-07-11;5381;G
1975-07-12;5379;G
1975-07-13;5378;G
1975-07-14;5377;G
1975-07-15;5379;G
1975-07-16;5378;G
1975-07-17;5379;G
1975-07-18;5379;G
1975-07-19;5378;G
1975-07-20;5380;G
1975-07-21;5379;G
1975-07-22;5378;G
1975-07-23;5376;G
1975-07-24;5376;G
1975-07-25;5376;G
1975-07-26;5376;G
1975-07-27;5373;G
1975-07-28;5373;G
1975-07-29;5372;G
1975-07-30;5371;G
1975-07-31;5369;G
1975-08-01;5370;G
1975-08-02;5369;G
1975-08-03;5367;G
1975-08-04;5367;G
1975-08-05;5363;G
1975-08-06;5365;G
1975-08-07;5364;G
1975-08-08;5363;G
1975-08-09;5362;G
1975-08-10;5360;G
1975-08-11;5360;G
1975-08-12;5359;G
1975-08-13;5358;G
1975-08-14;5357;G
1975-08-15;5355;G
1975-08-16;5353;G
1975-08-17;5352;G
1975-08-18;5352;G
1975-08-19;5352;G
1975-08-20;5352;G
1975-08-21;5351;G
1975-08-22;5350;G
1975-08-23;5348;G
1975-08-24;5346;G
1975-08-25;5346;G
1975-08-26;5344;G
1975-08-27;5344;G
1975-08-28;5343;G
1975-08-29;5343;G
1975-08-30;5342;G
1975-08-31;5341;G
1975-09-01;5341;G
1975-09-02;5338;G
1975-09-03;5337;G
1975-09-04;5336;G
1975-09-05;5335;G
1975-09-06;5334;G
1975-09-07;5332;G
1975-09-08;5332;G
1975-09-09;5330;G
1975-09-10;5330;G
1975-09-11;5328;G
1975-09-12;5328;G
1975-09-13;5328;G
1975-09-14;5328;G
1975-09-15;5328;G
1975-09-16;5326;G
1975-09-17;5325;G
1975-09-18;5325;G
1975-09-19;5324;G
1975-09-20;5322;G
1975-09-21;5321;G
1975-09-22;5320;G
1975-09-23;5321;G
1975-09-24;5318;G
1975-09-25;5318;G
1975-09-26;5318;G
1975-09-27;5316;G
1975-09-28;5316;G
1975-09-29;5316;G
1975-09-30;5318;G
1975-10-01;5318;G
1975-10-02;5318;G
1975-10-03;5316;G
1975-10-04;5318;G
1975-10-05;5316;G
1975-10-06;5318;G
1975-10-07;5319;G
1975-10-08;5319;G
1975-10-09;5317;G
1975-10-10;5317;G
1975-10-11;5317;G
1975-10-12;5314;G
1975-10-13;5313;G
1975-10-14;5313;G
1975-10-15;5311;G
1975-10-16;5311;G
1975-10-17;5311;G
1975-10-18;5311;G
1975-10-19;5310;G
1975-10-20;5310;G
1975-10-21;5311;G
1975-10-22;5308;G
1975-10-23;5308;G
1975-10-24;5305;G
1975-10-25;5306;G
1975-10-26;5306;G
1975-10-27;5305;G
1975-10-28;5305;G
1975-10-29;5304;G
1975-10-30;5303;G
1975-10-31;5303;G
1975-11-01;5302;G
1975-11-02;5302;G
1975-11-03;5302;G
1975-11-04;5302;G
1975-11-05;5302;G
1975-11-06;5302;G
1975-11-07;5301;G
1975-11-08;5302;G
1975-11-09;5301;G
1975-11-10;5301;G
1975-11-11;5299;G
1975-11-12;5299;G
1975-11-13;5300;G
1975-11-14;5299;G
1975-11-15;5298;G
1975-11-16;5299;G
1975-11-17;5298;G
1975-11-18;5297;G
1975-11-19;5297;G
1975-11-20;5299;G
1975-11-21;5298;G
1975-11-22;5297;G
1975-11-23;5297;G
1975-11-24;5297;G
1975-11-25;5296;G
1975-11-26;5296;G
1975-11-27;5299;G
1975-11-28;5298;G
1975-11-29;5299;G
1975-11-30;5300;G
1975-12-01;5301;G
1975-12-02;5307;G
1975-12-03;5305;G
1975-12-04;5304;G
1975-12-05;5302;G
1975-12-06;5302;G
1975-12-07;5305;G
1975-12-08;5303;G
1975-12-09;5306;G
1975-12-10;5307;G
1975-12-11;5309;G
1975-12-12;5311;G
1975-12-13;5311;G
1975-12-14;5310;G
1975-12-15;5309;G
1975-12-16;5308;G
1975-12-17;5309;G
1975-12-18;5310;G
1975-12-19;5311;G
1975-12-20;5311;G
1975-12-21;5311;G
1975-12-22;5307;G
1975-12-23;5308;G
1975-12-24;5309;G
1975-12-25;5308;G
1975-12-26;5309;G
1975-12-27;5310;G
1975-12-28;5310;G
1975-12-29;5312;G
1975-12-30;5312;G
1975-12-31;5314;G
1976-01-01;5314;G
1976-01-02;5316;G
1976-01-03;5320;G
1976-01-04;5319;G
1976-01-05;5318;G
1976-01-06;5318;G
1976-01-07;5319;G
1976-01-08;5322;G
1976-01-09;5324;G
1976-01-10;5327;G
1976-01-11;5329;G
1976-01-12;5332;G
1976-01-13;5334;G
1976-01-14;5336;G
1976-01-15;5338;G
1976-01-16;5338;G
1976-01-17;5339;G
1976-01-18;5340;G
1976-01-19;5340;G
1976-01-20;5343;G
1976-01-21;5341;G
1976-01-22;5346;G
1976-01-23;5350;G
1976-01-24;5352;G
1976-01-25;5352;G
1976-01-26;5352;G
1976-01-27;5354;G
1976-01-28;5354;G
1976-01-29;5354;G
1976-01-30;5354;G
1976-01-31;5354;G
1976-02-01;5354;G
1976-02-02;5354;G
1976-02-03;5354;G
1976-02-04;5353;G
1976-02-05;5352;G
1976-02-06;5353;G
1976-02-07;5354;G
1976-02-08;5354;G
1976-02-09;5353;G
1976-02-10;5353;G
1976-02-11;5354;G
1976-02-12;5354;G
1976-02-13;5352;G
1976-02-14;5354;G
1976-02-15;5354;G
1976-02-16;5354;G
1976-02-17;5354;G
1976-02-18;5353;G
1976-02-19;5352;G
1976-02-20;5354;G
1976-02-21;5352;G
1976-02-22;5352;G
1976-02-23;5352;G
1976-02-24;5352;G
1976-02-25;5352;G
1976-02-26;5354;G
1976-02-27;5354;G
1976-02-28;5353;G
1976-02-29;5354;G
1976-03-01;5354;G
1976-03-02;5355;G
1976-03-03;5356;G
1976-03-04;5357;G
1976-03-05;5356;G
1976-03-06;5355;G
1976-03-07;5356;G
1976-03-08;5356;G
1976-03-09;5357;G
1976-03-10;5358;G
1976-03-11;5358;G
1976-03-12;5358;G
1976-03-13;5357;G
1976-03-14;5357;G
1976-03-15;5357;G
1976-03-16;5357;G
1976-03-17;5357;G
1976-03-18;5357;G
1976-03-19;5356;G
1976-03-20;5354;G
1976-03-21;5354;G
1976-03-22;5354;G
1976-03-23;5354;G
1976-03-24;5354;G
1976-03-25;5354;G
1976-03-26;5354;G
1976-03-27;5353;G
1976-03-28;5353;G
1976-03-29;5355;G
1976-03-30;5354;G
1976-03-31;5357;G
1976-04-01;5356;G
1976-04-02;5362;G
1976-04-03;5362;G
1976-04-04;5364;G
1976-04-05;5365;G
1976-04-06;5365;G
1976-04-07;5369;G
1976-04-08;5371;G
1976-04-09;5372;G
1976-04-10;5373;G
1976-04-11;5374;G
1976-04-12;5375;G
1976-04-13;5375;G
1976-04-14;5376;G
1976-04-15;5376;G
1976-04-16;5376;G
1976-04-17;5376;G
1976-04-18;5375;G
1976-04-19;5377;G
1976-04-20;5376;G
1976-04-21;5377;G
1976-04-22;5375;G
1976-04-23;5378;G
1976-04-24;5377;G
1976-04-25;5377;G
1976-04-26;5376;G
1976-04-27;5377;G
1976-04-28;5376;G
1976-04-29;5377;G
1976-04-30;5375;G
1976-05-01;5376;G
1976-05-02;5378;G
1976-05-03;5378;G
1976-05-04;5379;G
1976-05-05;5378;G
1976-05-06;5378;G
1976-05-07;5378;G
1976-05-08;5380;G
1976-05-09;5380;G
1976-05-10;5380;G
1976-05-11;5380;G
1976-05-12;5378;G
1976-05-13;5378;G
1976-05-14;5376;G
1976-05-15;5376;G
1976-05-16;5377;G
1976-05-17;5377;G
1976-05-18;5377;G
1976-05-19;5376;G
1976-05-20;5376;G
1976-05-21;5376;G
1976-05-22;5375;G
1976-05-23;5374;G
1976-05-24;5373;G
1976-05-25;5374;G
1976-05-26;5374;G
1976-05-27;5373;G
1976-05-28;5373;G
1976-05-29;5373;G
1976-05-30;5372;G
1976-05-31;5373;G
1976-06-01;5372;G
1976-06-02;5374;G
1976-06-03;5375;G
1976-06-04;5376;G
1976-06-05;5374;G
1976-06-06;5376;G
1976-06-07;5375;G
1976-06-08;5376;G
1976-06-09;5376;G
1976-06-10;5374;G
1976-06-11;5373;G
1976-06-12;5373;G
1976-06-13;5371;G
1976-06-14;5371;G
1976-06-15;5370;G
1976-06-16;5370;G
1976-06-17;5368;G
1976-06-18;5368;G
1976-06-19;5368;G
1976-06-20;5368;G
1976-06-21;5368;G
1976-06-22;5367;G
1976-06-23;5367;G
1976-06-24;5367;G
1976-06-25;5367;G
1976-06-26;5366;G
1976-06-27;5365;G
1976-06-28;5364;G
1976-06-29;5362;G
1976-06-30;5360;G
1976-07-01;5360;G
1976-07-02;5358;G
1976-07-03;5358;G
1976-07-04;5358;G
1976-07-05;5358;G
1976-07-06;5356;G
1976-07-07;5352;G
1976-07-08;5353;G
1976-07-09;5352;G
1976-07-10;5350;G
1976-07-11;5350;G
1976-07-12;5350;G
1976-07-13;5349;G
1976-07-14;5348;G
1976-07-15;5348;G
1976-07-16;5348;G
1976-07-17;5348;G
1976-07-18;5346;G
1976-07-19;5346;G
1976-07-20;5346;G
1976-07-21;5346;G
1976-07-22;5344;G
1976-07-23;5344;G
1976-07-24;5344;G
1976-07-25;5340;G
1976-07-26;5341;G
1976-07-27;5340;G
1976-07-28;5336;G
1976-07-29;5336;G
1976-07-30;5338;G
1976-07-31;5335;G
1976-08-01;5338;G
1976-08-02;5337;G
1976-08-03;5338;G
1976-08-04;5336;G
1976-08-05;5337;G
1976-08-06;5335;G
1976-08-07;5336;G
1976-08-08;5335;G
1976-08-09;5335;G
1976-08-10;5332;G
1976-08-11;5330;G
1976-08-12;5330;G
1976-08-13;5328;G
1976-08-14;5329;G
1976-08-15;5327;G
1976-08-16;5325;G
1976-08-17;5324;G
1976-08-18;5323;G
1976-08-19;5323;G
1976-08-20;5322;G
1976-08-21;5322;G
1976-08-22;5320;G
1976-08-23;5318;G
1976-08-24;5317;G
1976-08-25;5317;G
1976-08-26;5316;G
1976-08-27;5313;G
1976-08-28;5313;G
1976-08-29;5313;G
1976-08-30;5312;G
1976-08-31;5311;G
1976-09-01;5310;G
1976-09-02;5310;G
1976-09-03;5309;G
1976-09-04;5309;G
1976-09-05;5309;G
1976-09-06;5308;G
1976-09-07;5305;G
1976-09-08;5304;G
1976-09-09;5304;G
1976-09-10;5303;G
1976-09-11;5304;G
1976-09-12;5304;G
1976-09-13;5303;G
1976-09-14;5302;G
1976-09-15;5302;G
1976-09-16;5302;G
1976-09-17;5302;G
1976-09-18;5302;G
1976-09-19;5301;G
1976-09-20;5301;G
1976-09-21;5301;G
1976-09-22;5300;G
1976-09-23;5299;G
1976-09-24;5298;G
1976-09-25;5298;G
1976-09-26;5297;G
1976-09-27;5298;G
1976-09-28;5297;G
1976-09-29;5297;G
1976-09-30;5297;G
1976-10-01;5296;G
1976-10-02;5295;G
1976-10-03;5295;G
1976-10-04;5294;G
1976-10-05;5294;G
1976-10-06;5294;G
1976-10-07;5294;G
1976-10-08;5294;G
1976-10-09;5294;G
1976-10-10;5294;G
1976-10-11;5294;G
1976-10-12;5294;G
1976-10-13;5294;G
1976-10-14;5295;G
1976-10-15;5297;G
1976-10-16;5297;G
1976-10-17;5297;G
1976-10-18;5300;G
1976-10-19;5300;G
1976-10-20;5300;G
1976-10-21;5300;G
1976-10-22;5299;G
1976-10-23;5299;G
1976-10-24;5299;G
1976-10-25;5299;G
1976-10-26;5298;G
1976-10-27;5298;G
1976-10-28;5297;G
1976-10-29;5295;G
1976-10-30;5295;G
1976-10-31;5295;G
1976-11-01;5294;G
1976-11-02;5294;G
1976-11-03;5294;G
1976-11-04;5294;G
1976-11-05;5294;G
1976-11-06;5294;G
1976-11-07;5294;G
1976-11-08;5294;G
1976-11-09;5294;G
1976-11-10;5294;G
1976-11-11;5294;G
1976-11-12;5294;G
1976-11-13;5294;G
1976-11-14;5294;G
1976-11-15;5294;G
1976-11-16;5293;G
1976-11-17;5292;G
1976-11-18;5292;G
1976-11-19;5292;G
1976-11-20;5292;G
1976-11-21;5292;G
1976-11-22;5291;G
1976-11-23;5291;G
1976-11-24;5291;G
1976-11-25;5291;G
1976-11-26;5291;G
1976-11-27;5291;G
1976-11-28;5294;G
1976-11-29;5296;G
1976-11-30;5297;G
1976-12-01;5301;G
1976-12-02;5303;G
1976-12-03;5304;G
1976-12-04;5306;G
1976-12-05;5308;G
1976-12-06;5309;G
1976-12-07;5312;G
1976-12-08;5313;G
1976-12-09;5313;G
1976-12-10;5313;G
1976-12-11;5315;G
1976-12-12;5315;G
1976-12-13;5315;G
1976-12-14;5316;G
1976-12-15;5316;G
1976-12-16;5318;G
1976-12-17;5320;G
1976-12-18;5321;G
1976-12-19;5321;G
1976-12-20;5321;G
1976-12-21;5321;G
1976-12-22;5322;G
1976-12-23;5323;G
1976-12-24;5324;G
1976-12-25;5324;G
1976-12-26;5324;G
1976-12-27;5324;G
1976-12-28;5326;G
1976-12-29;5328;G
1976-12-30;5328;G
1976-12-31;5328;G
1977-01-01;5329;G
1977-01-02;5331;G
1977-01-03;5330;G
1977-01-04;5330;G
1977-01-05;5330;G
1977-01-06;5332;G
1977-01-07;5332;G
1977-01-08;5333;G
1977-01-09;5334;G
1977-01-10;5335;G
1977-01-11;5337;G
1977-01-12;5337;G
1977-01-13;5339;G
1977-01-14;5338;G
1977-01-15;5338;G
1977-01-16;5340;G
1977-01-17;5341;G
1977-01-18;5341;G
1977-01-19;5341;G
1977-01-20;5342;G
1977-01-21;5342;G
1977-01-22;5343;G
1977-01-23;5344;G
1977-01-24;5344;G
1977-01-25;5344;G
1977-01-26;5346;G
1977-01-27;5349;G
1977-01-28;5352;G
1977-01-29;5356;G
1977-01-30;5356;G
1977-01-31;5360;G
1977-02-01;5361;G
1977-02-02;5363;G
1977-02-03;5364;G
1977-02-04;5364;G
1977-02-05;5364;G
1977-02-06;5366;G
1977-02-07;5366;G
1977-02-08;5370;G
1977-02-09;5373;G
1977-02-10;5375;G
1977-02-11;5376;G
1977-02-12;5376;G
1977-02-13;5379;G
1977-02-14;5379;G
1977-02-15;5380;G
1977-02-16;5381;G
1977-02-17;5380;G
1977-02-18;5380;G
1977-02-19;5386;G
1977-02-20;5384;G
1977-02-21;5388;G
1977-02-22;5391;G
1977-02-23;5394;G
1977-02-24;5398;G
1977-02-25;5401;G
1977-02-26;5404;G
1977-02-27;5406;G
1977-02-28;5406;G
1977-03-01;5407;G
1977-03-02;5406;G
1977-03-03;5407;G
1977-03-04;5409;G
1977-03-05;5417;G
1977-03-06;5425;G
1977-03-07;5427;G
1977-03-08;5430;G
1977-03-09;5431;G
1977-03-10;5432;G
1977-03-11;5433;G
1977-03-12;5434;G
1977-03-13;5435;G
1977-03-14;5435;G
1977-03-15;5436;G
1977-03-16;5436;G
1977-03-17;5437;G
1977-03-18;5438;G
1977-03-19;5438;G
1977-03-20;5439;G
1977-03-21;5441;G
1977-03-22;5442;G
1977-03-23;5442;G
1977-03-24;5441;G
1977-03-25;5439;G
1977-03-26;5438;G
1977-03-27;5436;G
1977-03-28;5435;G
1977-03-29;5434;G
1977-03-30;5432;G
1977-03-31;5430;G
1977-04-01;5429;G
1977-04-02;5429;G
1977-04-03;5428;G
1977-04-04;5427;G
1977-04-05;5427;G
1977-04-06;5427;G
1977-04-07;5426;G
1977-04-08;5426;G
1977-04-09;5425;G
1977-04-10;5422;G
1977-04-11;5424;G
1977-04-12;5424;G
1977-04-13;5424;G
1977-04-14;5426;G
1977-04-15;5425;G
1977-04-16;5424;G
1977-04-17;5426;G
1977-04-18;5424;G
1977-04-19;5424;G
1977-04-20;5425;G
1977-04-21;5424;G
1977-04-22;5425;G
1977-04-23;5425;G
1977-04-24;5425;G
1977-04-25;5425;G
1977-04-26;5426;G
1977-04-27;5424;G
1977-04-28;5427;G
1977-04-29;5426;G
1977-04-30;5424;G
1977-05-01;5426;G
1977-05-02;5425;G
1977-05-03;5425;G
1977-05-04;5425;G
1977-05-05;5423;G
1977-05-06;5422;G
1977-05-07;5421;G
1977-05-08;5421;G
1977-05-09;5420;G
1977-05-10;5420;G
1977-05-11;5421;G
1977-05-12;5420;G
1977-05-13;5422;G
1977-05-14;5421;G
1977-05-15;5421;G
1977-05-16;5420;G
1977-05-17;5418;G
1977-05-18;5419;G
1977-05-19;5418;G
1977-05-20;5420;G
1977-05-21;5419;G
1977-05-22;5418;G
1977-05-23;5418;G
1977-05-24;5417;G
1977-05-25;5417;G
1977-05-26;5415;G
1977-05-27;5415;G
1977-05-28;5413;G
1977-05-29;5413;G
1977-05-30;5414;G
1977-05-31;5412;G
1977-06-01;5413;G
1977-06-02;5412;G
1977-06-03;5412;G
1977-06-04;5411;G
1977-06-05;5411;G
1977-06-06;5410;G
1977-06-07;5410;G
1977-06-08;5409;G
1977-06-09;5409;G
1977-06-10;5411;G
1977-06-11;5408;G
1977-06-12;5407;G
1977-06-13;5408;G
1977-06-14;5406;G
1977-06-15;5406;G
1977-06-16;5406;G
1977-06-17;5408;G
1977-06-18;5408;G
1977-06-19;5408;G
1977-06-20;5406;G
1977-06-21;5406;G
1977-06-22;5403;G
1977-06-23;5401;G
1977-06-24;5401;G
1977-06-25;5400;G
1977-06-26;5400;G
1977-06-27;5396;G
1977-06-28;5398;G
1977-06-29;5398;G
1977-06-30;5395;G
1977-07-01;5398;G
1977-07-02;5397;G
1977-07-03;5398;G
1977-07-04;5397;G
1977-07-05;5397;G
1977-07-06;5396;G
1977-07-07;5396;G
1977-07-08;5396;G
1977-07-09;5395;G
1977-07-10;5391;G
1977-07-11;5394;G
1977-07-12;5393;G
1977-07-13;5393;G
1977-07-14;5391;G
1977-07-15;5389;G
1977-07-16;5387;G
1977-07-17;5388;G
1977-07-18;5387;G
1977-07-19;5388;G
1977-07-20;5388;G
1977-07-21;5388;G
1977-07-22;5388;G
1977-07-23;5388;G
1977-07-24;5392;G
1977-07-25;5390;G
1977-07-26;5390;G
1977-07-27;5395;G
1977-07-28;5395;G
1977-07-29;5395;G
1977-07-30;5395;G
1977-07-31;5394;G
1977-08-01;5392;G
1977-08-02;5390;G
1977-08-03;5389;G
1977-08-04;5387;G
1977-08-05;5388;G
1977-08-06;5385;G
1977-08-07;5384;G
1977-08-08;5386;G
1977-08-09;5385;G
1977-08-10;5382;G
1977-08-11;5378;G
1977-08-12;5380;G
1977-08-13;5381;G
1977-08-14;5381;G
1977-08-15;5381;G
1977-08-16;5381;G
1977-08-17;5379;G
1977-08-18;5378;G
1977-08-19;5378;G
1977-08-20;5378;G
1977-08-21;5378;G
1977-08-22;5376;G
1977-08-23;5376;G
1977-08-24;5375;G
1977-08-25;5375;G
1977-08-26;5372;G
1977-08-27;5374;G
1977-08-28;5372;G
1977-08-29;5374;G
1977-08-30;5373;G
1977-08-31;5372;G
1977-09-01;5373;G
1977-09-02;5372;G
1977-09-03;5372;G
1977-09-04;5372;G
1977-09-05;5371;G
1977-09-06;5370;G
1977-09-07;5369;G
1977-09-08;5368;G
1977-09-09;5368;G
1977-09-10;5366;G
1977-09-11;5366;G
1977-09-12;5367;G
1977-09-13;5364;G
1977-09-14;5364;G
1977-09-15;5360;G
1977-09-16;5361;G
1977-09-17;5362;G
1977-09-18;5362;G
1977-09-19;5361;G
1977-09-20;5360;G
1977-09-21;5360;G
1977-09-22;5358;G
1977-09-23;5358;G
1977-09-24;5358;G
1977-09-25;5358;G
1977-09-26;5358;G
1977-09-27;5357;G
1977-09-28;5357;G
1977-09-29;5356;G
1977-09-30;5354;G
1977-10-01;5357;G
1977-10-02;5357;G
1977-10-03;5358;G
1977-10-04;5360;G
1977-10-05;5361;G
1977-10-06;5362;G
1977-10-07;5364;G
1977-10-08;5365;G
1977-10-09;5363;G
1977-10-10;5364;G
1977-10-11;5364;G
1977-10-12;5365;G
1977-10-13;5364;G
1977-10-14;5362;G
1977-10-15;5362;G
1977-10-16;5361;G
1977-10-17;5360;G
1977-10-18;5358;G
1977-10-19;5357;G
1977-10-20;5356;G
1977-10-21;5355;G
1977-10-22;5353;G
1977-10-23;5353;G
1977-10-24;5353;G
1977-10-25;5352;G
1977-10-26;5352;G
1977-10-27;5352;G
1977-10-28;5352;G
1977-10-29;5352;G
1977-10-30;5350;G
1977-10-31;5352;G
1977-11-01;5350;G
1977-11-02;5350;G
1977-11-03;5350;G
1977-11-04;5350;G
1977-11-05;5348;G
1977-11-06;5349;G
1977-11-07;5351;G
1977-11-08;5350;G
1977-11-09;5351;G
1977-11-10;5351;G
1977-11-11;5352;G
1977-11-12;5350;G
1977-11-13;5352;G
1977-11-14;5354;G
1977-11-15;5355;G
1977-11-16;5362;G
1977-11-17;5365;G
1977-11-18;5368;G
1977-11-19;5368;G
1977-11-20;5372;G
1977-11-21;5374;G
1977-11-22;5376;G
1977-11-23;5378;G
1977-11-24;5382;G
1977-11-25;5385;G
1977-11-26;5388;G
1977-11-27;5390;G
1977-11-28;5392;G
1977-11-29;5394;G
1977-11-30;5395;G
1977-12-01;5395;G
1977-12-02;5395;G
1977-12-03;5396;G
1977-12-04;5396;G
1977-12-05;5397;G
1977-12-06;5395;G
1977-12-07;5394;G
1977-12-08;5400;G
1977-12-09;5398;G
1977-12-10;5398;G
1977-12-11;5394;G
1977-12-12;5392;G
1977-12-13;5392;G
1977-12-14;5392;G
1977-12-15;5394;G
1977-12-16;5394;G
1977-12-17;5394;G
1977-12-18;5394;G
1977-12-19;5396;G
1977-12-20;5395;G
1977-12-21;5395;G
1977-12-22;5396;G
1977-12-23;5395;G
1977-12-24;5398;G
1977-12-25;5399;G
1977-12-26;5404;G
1977-12-27;5410;G
1977-12-28;5413;G
1977-12-29;5416;G
1977-12-30;5420;G
1977-12-31;5420;G
1978-01-01;5423;G
1978-01-02;5422;G
1978-01-03;5424;G
1978-01-04;5323;G
1978-01-05;5325;G
1978-01-06;5325;G
1978-01-07;5426;G
1978-01-08;5424;G
1978-01-09;5423;G
1978-01-10;5424;G
1978-01-11;5426;G
1978-01-12;5426;G
1978-01-13;5426;G
1978-01-14;5426;G
1978-01-15;5426;G
1978-01-16;5426;G
1978-01-17;5424;G
1978-01-18;5425;G
1978-01-19;5424;G
1978-01-20;5426;G
1978-01-21;5425;G
1978-01-22;5425;G
1978-01-23;5422;G
1978-01-24;5422;G
1978-01-25;5422;G
1978-01-26;5422;G
1978-01-27;5422;G
1978-01-28;5422;G
1978-01-29;5422;G
1978-01-30;5422;G
1978-01-31;5421;G
1978-02-01;5420;G
1978-02-02;5420;G
1978-02-03;5421;G
1978-02-04;5422;G
1978-02-05;5420;G
1978-02-06;5420;G
1978-02-07;5420;G
1978-02-08;5418;G
1978-02-09;5418;G
1978-02-10;5421;G
1978-02-11;5420;G
1978-02-12;5420;G
1978-02-13;5420;G
1978-02-14;5420;G
1978-02-15;5418;G
1978-02-16;5418;G
1978-02-17;5418;G
1978-02-18;5418;G
1978-02-19;5418;G
1978-02-20;5418;G
1978-02-21;5415;G
1978-02-22;5414;G
1978-02-23;5414;G
1978-02-24;5412;G
1978-02-25;5412;G
1978-02-26;5411;G
1978-02-27;5412;G
1978-02-28;5411;G
1978-03-01;5413;G
1978-03-02;5415;G
1978-03-03;5417;G
1978-03-04;5419;G
1978-03-05;5422;G
1978-03-06;5422;G
1978-03-07;5422;G
1978-03-08;5423;G
1978-03-09;5324;G
1978-03-10;5324;G
1978-03-11;5424;G
1978-03-12;5426;G
1978-03-13;5425;G
1978-03-14;5426;G
1978-03-15;5429;G
1978-03-16;5432;G
1978-03-17;5438;G
1978-03-18;5440;G
1978-03-19;5442;G
1978-03-20;5442;G
1978-03-21;5441;G
1978-03-22;5438;G
1978-03-23;5438;G
1978-03-24;5438;G
1978-03-25;5438;G
1978-03-26;5440;G
1978-03-27;5440;G
1978-03-28;5442;G
1978-03-29;5444;G
1978-03-30;5444;G
1978-03-31;5443;G
1978-04-01;5442;G
1978-04-02;5441;G
1978-04-03;5440;G
1978-04-04;5437;G
1978-04-05;5436;G
1978-04-06;5434;G
1978-04-07;5432;G
1978-04-08;5432;G
1978-04-09;5429;G
1978-04-10;5429;G
1978-04-11;5426;G
1978-04-12;5424;G
1978-04-13;5425;G
1978-04-14;5424;G
1978-04-15;5422;G
1978-04-16;5422;G
1978-04-17;5421;G
1978-04-18;5420;G
1978-04-19;5421;G
1978-04-20;5419;G
1978-04-21;5419;G
1978-04-22;5420;G
1978-04-23;5420;G
1978-04-24;5418;G
1978-04-25;5420;G
1978-04-26;5420;G
1978-04-27;5419;G
1978-04-28;5419;G
1978-04-29;5419;G
1978-04-30;5420;G
1978-05-01;5417;G
1978-05-02;5416;G
1978-05-03;5415;G
1978-05-04;5415;G
1978-05-05;5414;G
1978-05-06;5415;G
1978-05-07;5412;G
1978-05-08;5412;G
1978-05-09;5410;G
1978-05-10;5410;G
1978-05-11;5411;G
1978-05-12;5410;G
1978-05-13;5411;G
1978-05-14;5412;G
1978-05-15;5410;G
1978-05-16;5410;G
1978-05-17;5408;G
1978-05-18;5408;G
1978-05-19;5410;G
1978-05-20;5410;G
1978-05-21;5410;G
1978-05-22;5409;G
1978-05-23;5409;G
1978-05-24;5409;G
1978-05-25;5409;G
1978-05-26;5408;G
1978-05-27;5406;G
1978-05-28;5406;G
1978-05-29;5407;G
1978-05-30;5405;G
1978-05-31;5406;G
1978-06-01;5406;G
1978-06-02;5406;G
1978-06-03;5405;G
1978-06-04;5404;G
1978-06-05;5404;G
1978-06-06;5402;G
1978-06-07;5402;G
1978-06-08;5401;G
1978-06-09;5399;G
1978-06-10;5399;G
1978-06-11;5394;G
1978-06-12;5396;G
1978-06-13;5397;G
1978-06-14;5400;G
1978-06-15;5399;G
1978-06-16;5399;G
1978-06-17;5397;G
1978-06-18;5397;G
1978-06-19;5396;G
1978-06-20;5396;G
1978-06-21;5396;G
1978-06-22;5395;G
1978-06-23;5395;G
1978-06-24;5395;G
1978-06-25;5394;G
1978-06-26;5394;G
1978-06-27;5392;G
1978-06-28;5391;G
1978-06-29;5389;G
1978-06-30;5389;G
1978-07-01;5388;G
1978-07-02;5387;G
1978-07-03;5387;G
1978-07-04;5387;G
1978-07-05;5387;G
1978-07-06;5387;G
1978-07-07;5387;G
1978-07-08;5385;G
1978-07-09;5387;G
1978-07-10;5386;G
1978-07-11;5388;G
1978-07-12;5388;G
1978-07-13;5387;G
1978-07-14;5386;G
1978-07-15;5385;G
1978-07-16;5385;G
1978-07-17;5385;G
1978-07-18;5385;G
1978-07-19;5385;G
1978-07-20;5383;G
1978-07-21;5384;G
1978-07-22;5384;G
1978-07-23;5385;G
1978-07-24;5385;G
1978-07-25;5384;G
1978-07-26;5385;G
1978-07-27;5384;G
1978-07-28;5385;G
1978-07-29;5385;G
1978-07-30;5385;G
1978-07-31;5383;G
1978-08-01;5381;G
1978-08-02;5380;G
1978-08-03;5380;G
1978-08-04;5380;G
1978-08-05;5378;G
1978-08-06;5377;G
1978-08-07;5376;G
1978-08-08;5376;G
1978-08-09;5374;G
1978-08-10;5374;G
1978-08-11;5374;G
1978-08-12;5372;G
1978-08-13;5374;G
1978-08-14;5371;G
1978-08-15;5372;G
1978-08-16;5370;G
1978-08-17;5370;G
1978-08-18;5368;G
1978-08-19;5368;G
1978-08-20;5367;G
1978-08-21;5367;G
1978-08-22;5366;G
1978-08-23;5363;G
1978-08-24;5363;G
1978-08-25;5358;G
1978-08-26;5358;G
1978-08-27;5358;G
1978-08-28;5358;G
1978-08-29;5358;G
1978-08-30;5359;G
1978-08-31;5358;G
1978-09-01;5358;G
1978-09-02;5356;G
1978-09-03;5355;G
1978-09-04;5356;G
1978-09-05;5358;G
1978-09-06;5358;G
1978-09-07;5358;G
1978-09-08;5358;G
1978-09-09;5358;G
1978-09-10;5358;G
1978-09-11;5358;G
1978-09-12;5355;G
1978-09-13;5357;G
1978-09-14;5357;G
1978-09-15;5362;G
1978-09-16;5360;G
1978-09-17;5360;G
1978-09-18;5358;G
1978-09-19;5360;G
1978-09-20;5361;G
1978-09-21;5359;G
1978-09-22;5360;G
1978-09-23;5362;G
1978-09-24;5362;G
1978-09-25;5363;G
1978-09-26;5362;G
1978-09-27;5363;G
1978-09-28;5364;G
1978-09-29;5364;G
1978-09-30;5364;G
1978-10-01;5362;G
1978-10-02;5361;G
1978-10-03;5363;G
1978-10-04;5360;G
1978-10-05;5360;G
1978-10-06;5362;G
1978-10-07;5359;G
1978-10-08;5358;G
1978-10-09;5361;G
1978-10-10;5361;G
1978-10-11;5359;G
1978-10-12;5358;G
1978-10-13;5358;G
1978-10-14;5358;G
1978-10-15;5357;G
1978-10-16;5356;G
1978-10-17;5358;G
1978-10-18;5354;G
1978-10-19;5355;G
1978-10-20;5356;G
1978-10-21;5355;G
1978-10-22;5355;G
1978-10-23;5354;G
1978-10-24;5354;G
1978-10-25;5350;G
1978-10-26;5355;G
1978-10-27;5356;G
1978-10-28;5354;G
1978-10-29;5354;G
1978-10-30;5354;G
1978-10-31;5354;G
1978-11-01;5353;G
1978-11-02;5354;G
1978-11-03;5352;G
1978-11-04;5351;G
1978-11-05;5351;G
1978-11-06;5350;G
1978-11-07;5351;G
1978-11-08;5350;G
1978-11-09;5350;G
1978-11-10;5350;G
1978-11-11;5350;G
1978-11-12;5350;G
1978-11-13;5348;G
1978-11-14;5349;G
1978-11-15;5349;G
1978-11-16;5349;G
1978-11-17;5349;G
1978-11-18;5349;G
1978-11-19;5351;G
1978-11-20;5351;G
1978-11-21;5356;G
1978-11-22;5358;G
1978-11-23;5358;G
1978-11-24;5360;G
1978-11-25;5362;G
1978-11-26;5366;G
1978-11-27;5366;G
1978-11-28;5366;G
1978-11-29;5365;G
1978-11-30;5365;G
1978-12-01;5366;G
1978-12-02;5366;G
1978-12-03;5366;G
1978-12-04;5365;G
1978-12-05;5364;G
1978-12-06;5363;G
1978-12-07;5362;G
1978-12-08;5362;G
1978-12-09;5361;G
1978-12-10;5358;G
1978-12-11;5357;G
1978-12-12;5357;G
1978-12-13;5358;G
1978-12-14;5358;G
1978-12-15;5359;G
1978-12-16;5362;G
1978-12-17;5362;G
1978-12-18;5360;G
1978-12-19;5360;G
1978-12-20;5360;G
1978-12-21;5360;G
1978-12-22;5360;G
1978-12-23;5358;G
1978-12-24;5359;G
1978-12-25;5358;G
1978-12-26;5358;G
1978-12-27;5357;G
1978-12-28;5357;G
1978-12-29;5357;G
1978-12-30;5357;G
1978-12-31;5358;G
1979-01-01;5359;G
1979-01-02;5358;G
1979-01-03;5356;G
1979-01-04;5355;G
1979-01-05;5355;G
1979-01-06;5355;G
1979-01-07;5355;G
1979-01-08;5356;G
1979-01-09;5356;G
1979-01-10;5356;G
1979-01-11;5356;G
1979-01-12;5354;G
1979-01-13;5354;G
1979-01-14;5355;G
1979-01-15;5355;G
1979-01-16;5354;G
1979-01-17;5352;G
1979-01-18;5354;G
1979-01-19;5354;G
1979-01-20;5354;G
1979-01-21;5354;G
1979-01-22;5354;G
1979-01-23;5355;G
1979-01-24;5355;G
1979-01-25;5355;G
1979-01-26;5355;G
1979-01-27;5355;G
1979-01-28;5356;G
1979-01-29;5355;G
1979-01-30;5356;G
1979-01-31;5356;G
1979-02-01;5356;G
1979-02-02;5356;G
1979-02-03;5356;G
1979-02-04;5358;G
1979-02-05;5358;G
1979-02-06;5358;G
1979-02-07;5358;G
1979-02-08;5358;G
1979-02-09;5359;G
1979-02-10;5359;G
1979-02-11;5360;G
1979-02-12;5359;G
1979-02-13;5359;G
1979-02-14;5358;G
1979-02-15;5358;G
1979-02-16;5358;G
1979-02-17;5358;G
1979-02-18;5358;G
1979-02-19;5361;G
1979-02-20;5359;G
1979-02-21;5359;G
1979-02-22;5357;G
1979-02-23;5358;G
1979-02-24;5358;G
1979-02-25;5358;G
1979-02-26;5358;G
1979-02-27;5358;G
1979-02-28;5359;G
1979-03-01;5359;G
1979-03-02;5359;G
1979-03-03;5360;G
1979-03-04;5360;G
1979-03-05;5362;G
1979-03-06;5364;G
1979-03-07;5366;G
1979-03-08;5367;G
1979-03-09;5370;G
1979-03-10;5372;G
1979-03-11;5374;G
1979-03-12;5377;G
1979-03-13;5381;G
1979-03-14;5384;G
1979-03-15;5386;G
1979-03-16;5388;G
1979-03-17;5388;G
1979-03-18;5390;G
1979-03-19;5391;G
1979-03-20;5392;G
1979-03-21;5393;G
1979-03-22;5394;G
1979-03-23;5396;G
1979-03-24;5396;G
1979-03-25;5398;G
1979-03-26;5400;G
1979-03-27;5406;G
1979-03-28;5413;G
1979-03-29;5420;G
1979-03-30;5426;G
1979-03-31;5428;G
1979-04-01;5432;G
1979-04-02;5436;G
1979-04-03;5439;G
1979-04-04;5442;G
1979-04-05;5444;G
1979-04-06;5446;G
1979-04-07;5448;G
1979-04-08;5450;G
1979-04-09;5450;G
1979-04-10;5450;G
1979-04-11;5449;G
1979-04-12;5449;G
1979-04-13;5449;G
1979-04-14;5449;G
1979-04-15;5449;G
1979-04-16;5448;G
1979-04-17;5445;G
1979-04-18;5442;G
1979-04-19;5440;G
1979-04-20;5440;G
1979-04-21;5440;G
1979-04-22;5439;G
1979-04-23;5437;G
1979-04-24;5436;G
1979-04-25;5434;G
1979-04-26;5434;G
1979-04-27;5430;G
1979-04-28;5428;G
1979-04-29;5426;G
1979-04-30;5426;G
1979-05-01;5426;G
1979-05-02;5426;G
1979-05-03;5424;G
1979-05-04;5426;G
1979-05-05;5426;G
1979-05-06;5425;G
1979-05-07;5424;G
1979-05-08;5424;G
1979-05-09;5424;G
1979-05-10;5418;G
1979-05-11;5419;G
1979-05-12;5422;G
1979-05-13;5419;G
1979-05-14;5320;G
1979-05-15;5419;G
1979-05-16;5419;G
1979-05-17;5420;G
1979-05-18;5418;G
1979-05-19;5420;G
1979-05-20;5418;G
1979-05-21;5419;G
1979-05-22;5417;G
1979-05-23;5419;G
1979-05-24;5416;G
1979-05-25;5420;G
1979-05-26;5420;G
1979-05-27;5420;G
1979-05-28;5418;G
1979-05-29;5419;G
1979-05-30;5418;G
1979-05-31;5419;G
1979-06-01;5418;G
1979-06-02;5417;G
1979-06-03;5416;G
1979-06-04;5414;G
1979-06-05;5412;G
1979-06-06;5411;G
1979-06-07;5410;G
1979-06-08;5408;G
1979-06-09;5408;G
1979-06-10;5408;G
1979-06-11;5408;G
1979-06-12;5408;G
1979-06-13;5408;G
1979-06-14;5405;G
1979-06-15;5406;G
1979-06-16;5404;G
1979-06-17;5402;G
1979-06-18;5402;G
1979-06-19;5402;G
1979-06-20;5402;G
1979-06-21;5402;G
1979-06-22;5401;G
1979-06-23;5399;G
1979-06-24;5400;G
1979-06-25;5398;G
1979-06-26;5396;G
1979-06-27;5395;G
1979-06-28;5393;G
1979-06-29;5393;G
1979-06-30;5392;G
1979-07-01;5393;G
1979-07-02;5393;G
1979-07-03;5392;G
1979-07-04;5391;G
1979-07-05;5389;G
1979-07-06;5389;G
1979-07-07;5389;G
1979-07-08;5388;G
1979-07-09;5388;G
1979-07-10;5388;G
1979-07-11;5387;G
1979-07-12;5387;G
1979-07-13;5387;G
1979-07-14;5386;G
1979-07-15;5384;G
1979-07-16;5382;G
1979-07-17;5384;G
1979-07-18;5385;G
1979-07-19;5383;G
1979-07-20;5383;G
1979-07-21;5383;G
1979-07-22;5383;G
1979-07-23;5382;G
1979-07-24;5382;G
1979-07-25;5382;G
1979-07-26;5382;G
1979-07-27;5381;G
1979-07-28;5381;G
1979-07-29;5381;G
1979-07-30;5382;G
1979-07-31;5380;G
1979-08-01;5380;G
1979-08-02;5379;G
1979-08-03;5379;G
1979-08-04;5379;G
1979-08-05;5377;G
1979-08-06;5378;G
1979-08-07;5377;G
1979-08-08;5376;G
1979-08-09;5375;G
1979-08-10;5374;G
1979-08-11;5376;G
1979-08-12;5375;G
1979-08-13;5375;G
1979-08-14;5376;G
1979-08-15;5374;G
1979-08-16;5374;G
1979-08-17;5374;G
1979-08-18;5373;G
1979-08-19;5373;G
1979-08-20;5370;G
1979-08-21;5371;G
1979-08-22;5370;G
1979-08-23;5369;G
1979-08-24;5368;G
1979-08-25;5368;G
1979-08-26;5368;G
1979-08-27;5368;G
1979-08-28;5367;G
1979-08-29;5367;G
1979-08-30;5368;G
1979-08-31;5367;G
1979-09-01;5367;G
1979-09-02;5368;G
1979-09-03;5368;G
1979-09-04;5366;G
1979-09-05;5364;G
1979-09-06;5365;G
1979-09-07;5365;G
1979-09-08;5364;G
1979-09-09;5364;G
1979-09-10;5360;G
1979-09-11;5360;G
1979-09-12;5358;G
1979-09-13;5359;G
1979-09-14;5357;G
1979-09-15;5359;G
1979-09-16;5358;G
1979-09-17;5358;G
1979-09-18;5359;G
1979-09-19;5358;G
1979-09-20;5360;G
1979-09-21;5358;G
1979-09-22;5358;G
1979-09-23;5358;G
1979-09-24;5358;G
1979-09-25;5358;G
1979-09-26;5358;G
1979-09-27;5357;G
1979-09-28;5355;G
1979-09-29;5354;G
1979-09-30;5354;G
1979-10-01;5354;G
1979-10-02;5354;G
1979-10-03;5354;G
1979-10-04;5353;G
1979-10-05;5354;G
1979-10-06;5353;G
1979-10-07;5352;G
1979-10-08;5352;G
1979-10-09;5350;G
1979-10-10;5350;G
1979-10-11;5349;G
1979-10-12;5349;G
1979-10-13;5348;G
1979-10-14;5348;G
1979-10-15;5348;G
1979-10-16;5346;G
1979-10-17;5346;G
1979-10-18;5346;G
1979-10-19;5344;G
1979-10-20;5343;G
1979-10-21;5342;G
1979-10-22;5342;G
1979-10-23;5342;G
1979-10-24;5342;G
1979-10-25;5342;G
1979-10-26;5342;G
1979-10-27;5341;G
1979-10-28;5341;G
1979-10-29;5341;G
1979-10-30;5342;G
1979-10-31;5341;G
1979-11-01;5340;G
1979-11-02;5340;G
1979-11-03;5339;G
1979-11-04;5340;G
1979-11-05;5340;G
1979-11-06;5340;G
1979-11-07;5340;G
1979-11-08;5340;G
1979-11-09;5342;G
1979-11-10;5342;G
1979-11-11;5342;G
1979-11-12;5344;G
1979-11-13;5343;G
1979-11-14;5344;G
1979-11-15;5344;G
1979-11-16;5344;G
1979-11-17;5344;G
1979-11-18;5344;G
1979-11-19;5345;G
1979-11-20;5345;G
1979-11-21;5342;G
1979-11-22;5346;G
1979-11-23;5346;G
1979-11-24;5346;G
1979-11-25;5346;G
1979-11-26;5348;G
1979-11-27;5348;G
1979-11-28;5352;G
1979-11-29;5354;G
1979-11-30;5356;G
1979-12-01;5358;G
1979-12-02;5359;G
1979-12-03;5360;G
1979-12-04;5361;G
1979-12-05;5364;G
1979-12-06;5365;G
1979-12-07;5366;G
1979-12-08;5368;G
1979-12-09;5370;G
1979-12-10;5374;G
1979-12-11;5379;G
1979-12-12;5382;G
1979-12-13;5384;G
1979-12-14;5384;G
1979-12-15;5387;G
1979-12-16;5388;G
1979-12-17;5388;G
1979-12-18;5391;G
1979-12-19;5392;G
1979-12-20;5396;G
1979-12-21;5398;G
1979-12-22;5398;G
1979-12-23;5399;G
1979-12-24;5400;G
1979-12-25;5401;G
1979-12-26;5402;G
1979-12-27;5402;G
1979-12-28;5402;G
1979-12-29;5402;G
1979-12-30;5404;G
1979-12-31;5404;G
1980-01-01;5405;G
1980-01-02;5406;G
1980-01-03;5406;G
1980-01-04;5406;G
1980-01-05;5406;G
1980-01-06;5405;G
1980-01-07;5403;G
1980-01-08;5401;G
1980-01-09;5399;G
1980-01-10;5397;G
1980-01-11;5395;G
1980-01-12;5394;G
1980-01-13;5392;G
1980-01-14;5390;G
1980-01-15;5388;G
1980-01-16;5387;G
1980-01-17;5385;G
1980-01-18;5382;G
1980-01-19;5380;G
1980-01-20;5379;G
1980-01-21;5376;G
1980-01-22;5375;G
1980-01-23;5375;G
1980-01-24;5377;G
1980-01-25;5374;G
1980-01-26;5376;G
1980-01-27;5375;G
1980-01-28;5374;G
1980-01-29;5374;G
1980-01-30;5374;G
1980-01-31;5374;G
1980-02-01;5374;G
1980-02-02;5374;G
1980-02-03;5374;G
1980-02-04;5374;G
1980-02-05;5374;G
1980-02-06;5371;G
1980-02-07;5370;G
1980-02-08;5370;G
1980-02-09;5372;G
1980-02-10;5373;G
1980-02-11;5371;G
1980-02-12;5371;G
1980-02-13;5372;G
1980-02-14;5372;G
1980-02-15;5372;G
1980-02-16;5372;G
1980-02-17;5372;G
1980-02-18;5372;G
1980-02-19;5372;G
1980-02-20;5373;G
1980-02-21;5373;G
1980-02-22;5373;G
1980-02-23;5373;G
1980-02-24;5373;G
1980-02-25;5373;G
1980-02-26;5373;G
1980-02-27;5373;G
1980-02-28;5373;G
1980-02-29;5373;G
1980-03-01;5373;G
1980-03-02;5373;G
1980-03-03;5374;G
1980-03-04;5374;G
1980-03-05;5375;G
1980-03-06;5376;G
1980-03-07;5377;G
1980-03-08;5378;G
1980-03-09;5377;G
1980-03-10;5377;G
1980-03-11;5377;G
1980-03-12;5377;G
1980-03-13;5377;G
1980-03-14;5377;G
1980-03-15;5378;G
1980-03-16;5378;G
1980-03-17;5378;G
1980-03-18;5378;G
1980-03-19;5379;G
1980-03-20;5379;G
1980-03-21;5379;G
1980-03-22;5379;G
1980-03-23;5379;G
1980-03-24;5380;G
1980-03-25;5380;G
1980-03-26;5380;G
1980-03-27;5380;G
1980-03-28;5380;G
1980-03-29;5381;G
1980-03-30;5384;G
1980-03-31;5387;G
1980-04-01;5390;G
1980-04-02;5393;G
1980-04-03;5395;G
1980-04-04;5397;G
1980-04-05;5398;G
1980-04-06;5400;G
1980-04-07;5401;G
1980-04-08;5403;G
1980-04-09;5404;G
1980-04-10;5404;G
1980-04-11;5406;G
1980-04-12;5407;G
1980-04-13;5409;G
1980-04-14;5410;G
1980-04-15;5411;G
1980-04-16;5411;G
1980-04-17;5412;G
1980-04-18;5410;G
1980-04-19;5405;G
1980-04-20;5412;G
1980-04-21;5414;G
1980-04-22;5416;G
1980-04-23;5416;G
1980-04-24;5416;G
1980-04-25;5416;G
1980-04-26;5418;G
1980-04-27;5419;G
1980-04-28;5420;G
1980-04-29;5418;G
1980-04-30;5419;G
1980-05-01;5419;G
1980-05-02;5419;G
1980-05-03;5420;G
1980-05-04;5420;G
1980-05-05;5419;G
1980-05-06;5421;G
1980-05-07;5420;G
1980-05-08;5418;G
1980-05-09;5417;G
1980-05-10;5417;G
1980-05-11;5417;G
1980-05-12;5417;G
1980-05-13;5418;G
1980-05-14;5416;G
1980-05-15;5416;G
1980-05-16;5416;G
1980-05-17;5416;G
1980-05-18;5415;G
1980-05-19;5415;G
1980-05-20;5415;G
1980-05-21;5412;G
1980-05-22;5411;G
1980-05-23;5410;G
1980-05-24;5411;G
1980-05-25;5411;G
1980-05-26;5410;G
1980-05-27;5410;G
1980-05-28;5412;G
1980-05-29;5410;G
1980-05-30;5408;G
1980-05-31;5409;G
1980-06-01;5408;G
1980-06-02;5407;G
1980-06-03;5409;G
1980-06-04;5408;G
1980-06-05;5408;G
1980-06-06;5409;G
1980-06-07;5409;G
1980-06-08;5409;G
1980-06-09;5408;G
1980-06-10;5408;G
1980-06-11;5407;G
1980-06-12;5407;G
1980-06-13;5408;G
1980-06-14;5408;G
1980-06-15;5407;G
1980-06-16;5408;G
1980-06-17;5409;G
1980-06-18;5411;G
1980-06-19;5411;G
1980-06-20;5411;G
1980-06-21;5414;G
1980-06-22;5412;G
1980-06-23;5412;G
1980-06-24;5412;G
1980-06-25;5410;G
1980-06-26;5410;G
1980-06-27;5409;G
1980-06-28;5409;G
1980-06-29;5406;G
1980-06-30;5407;G
1980-07-01;5405;G
1980-07-02;5405;G
1980-07-03;5404;G
1980-07-04;5404;G
1980-07-05;5403;G
1980-07-06;5404;G
1980-07-07;5404;G
1980-07-08;5404;G
1980-07-09;5403;G
1980-07-10;5401;G
1980-07-11;5402;G
1980-07-12;5400;G
1980-07-13;5400;G
1980-07-14;5400;G
1980-07-15;5400;G
1980-07-16;5400;G
1980-07-17;5399;G
1980-07-18;5401;G
1980-07-19;5402;G
1980-07-20;5404;G
1980-07-21;5404;G
1980-07-22;5403;G
1980-07-23;5404;G
1980-07-24;5403;G
1980-07-25;5403;G
1980-07-26;5402;G
1980-07-27;5401;G
1980-07-28;5399;G
1980-07-29;5399;G
1980-07-30;5396;G
1980-07-31;5395;G
1980-08-01;5393;G
1980-08-02;5394;G
1980-08-03;5393;G
1980-08-04;5394;G
1980-08-05;5392;G
1980-08-06;5389;G
1980-08-07;5387;G
1980-08-08;5388;G
1980-08-09;5386;G
1980-08-10;5385;G
1980-08-11;5383;G
1980-08-12;5384;G
1980-08-13;5381;G
1980-08-14;5380;G
1980-08-15;5380;G
1980-08-16;5380;G
1980-08-17;5380;G
1980-08-18;5380;G
1980-08-19;5378;G
1980-08-20;5379;G
1980-08-21;5376;G
1980-08-22;5376;G
1980-08-23;5378;G
1980-08-24;5383;G
1980-08-25;5382;G
1980-08-26;5381;G
1980-08-27;5382;G
1980-08-28;5382;G
1980-08-29;5382;G
1980-08-30;5382;G
1980-08-31;5382;G
1980-09-01;5382;G
1980-09-02;5381;G
1980-09-03;5381;G
1980-09-04;5381;G
1980-09-05;5381;G
1980-09-06;5380;G
1980-09-07;5381;G
1980-09-08;5380;G
1980-09-09;5379;G
1980-09-10;5378;G
1980-09-11;5378;G
1980-09-12;5377;G
1980-09-13;5377;G
1980-09-14;5376;G
1980-09-15;5376;G
1980-09-16;5376;G
1980-09-17;5379;G
1980-09-18;5379;G
1980-09-19;5377;G
1980-09-20;5378;G
1980-09-21;5376;G
1980-09-22;5376;G
1980-09-23;5377;G
1980-09-24;5376;G
1980-09-25;5373;G
1980-09-26;5371;G
1980-09-27;5370;G
1980-09-28;5370;G
1980-09-29;5368;G
1980-09-30;5365;G
1980-10-01;5364;G
1980-10-02;5363;G
1980-10-03;5363;G
1980-10-04;5365;G
1980-10-05;5364;G
1980-10-06;5365;G
1980-10-07;5366;G
1980-10-08;5364;G
1980-10-09;5366;G
1980-10-10;5367;G
1980-10-11;5368;G
1980-10-12;5367;G
1980-10-13;5368;G
1980-10-14;5368;G
1980-10-15;5368;G
1980-10-16;5368;G
1980-10-17;5371;G
1980-10-18;5371;G
1980-10-19;5371;G
1980-10-20;5371;G
1980-10-21;5371;G
1980-10-22;5372;G
1980-10-23;5373;G
1980-10-24;5374;G
1980-10-25;5374;G
1980-10-26;5378;G
1980-10-27;5380;G
1980-10-28;5383;G
1980-10-29;5388;G
1980-10-30;5392;G
1980-10-31;5396;G
1980-11-01;5400;G
1980-11-02;5400;G
1980-11-03;5401;G
1980-11-04;5402;G
1980-11-05;5404;G
1980-11-06;5404;G
1980-11-07;5404;G
1980-11-08;5406;G
1980-11-09;5405;G
1980-11-10;5406;G
1980-11-11;5406;G
1980-11-12;5406;G
1980-11-13;5408;G
1980-11-14;5407;G
1980-11-15;5410;G
1980-11-16;5412;G
1980-11-17;5415;G
1980-11-18;5419;G
1980-11-19;5421;G
1980-11-20;5428;G
1980-11-21;5428;G
1980-11-22;5428;G
1980-11-23;5431;G
1980-11-24;5430;G
1980-11-25;5432;G
1980-11-26;5434;G
1980-11-27;5438;G
1980-11-28;5440;G
1980-11-29;5440;G
1980-11-30;5440;G
1980-12-01;5440;G
1980-12-02;5440;G
1980-12-03;5438;G
1980-12-04;5438;G
1980-12-05;5436;G
1980-12-06;5435;G
1980-12-07;5434;G
1980-12-08;5432;G
1980-12-09;5430;G
1980-12-10;5430;G
1980-12-11;5438;G
1980-12-12;5448;G
1980-12-13;5454;G
1980-12-14;5458;G
1980-12-15;5463;G
1980-12-16;5465;G
1980-12-17;5467;G
1980-12-18;5467;G
1980-12-19;5466;G
1980-12-20;5466;G
1980-12-21;5464;G
1980-12-22;5460;G
1980-12-23;5460;G
1980-12-24;5460;G
1980-12-25;5464;G
1980-12-26;5466;G
1980-12-27;5466;G
1980-12-28;5465;G
1980-12-29;5464;G
1980-12-30;5462;G
1980-12-31;5462;G
1981-01-01;5461;G
1981-01-02;5461;G
1981-01-03;5464;G
1981-01-04;5468;G
1981-01-05;5464;G
1981-01-06;5462;G
1981-01-07;5459;G
1981-01-08;5458;G
1981-01-09;5456;G
1981-01-10;5454;G
1981-01-11;5453;G
1981-01-12;5452;G
1981-01-13;5450;G
1981-01-14;5450;G
1981-01-15;5449;G
1981-01-16;5448;G
1981-01-17;5446;G
1981-01-18;5444;G
1981-01-19;5442;G
1981-01-20;5440;G
1981-01-21;5440;G
1981-01-22;5438;G
1981-01-23;5436;G
1981-01-24;5434;G
1981-01-25;5434;G
1981-01-26;5434;G
1981-01-27;5433;G
1981-01-28;5432;G
1981-01-29;5431;G
1981-01-30;5430;G
1981-01-31;5431;G
1981-02-01;5436;G
1981-02-02;5439;G
1981-02-03;5445;G
1981-02-04;5452;G
1981-02-05;5456;G
1981-02-06;5457;G
1981-02-07;5458;G
1981-02-08;5458;G
1981-02-09;5458;G
1981-02-10;5460;G
1981-02-11;5458;G
1981-02-12;5458;G
1981-02-13;5456;G
1981-02-14;5454;G
1981-02-15;5452;G
1981-02-16;5450;G
1981-02-17;5448;G
1981-02-18;5446;G
1981-02-19;5444;G
1981-02-20;5442;G
1981-02-21;5441;G
1981-02-22;5438;G
1981-02-23;5438;G
1981-02-24;5436;G
1981-02-25;5434;G
1981-02-26;5432;G
1981-02-27;5430;G
1981-02-28;5430;G
1981-03-01;5428;G
1981-03-02;5426;G
1981-03-03;5425;G
1981-03-04;5426;G
1981-03-05;5424;G
1981-03-06;5422;G
1981-03-07;5422;G
1981-03-08;5426;G
1981-03-09;5434;G
1981-03-10;5439;G
1981-03-11;5442;G
1981-03-12;5442;G
1981-03-13;5442;G
1981-03-14;5440;G
1981-03-15;5440;G
1981-03-16;5439;G
1981-03-17;5438;G
1981-03-18;5436;G
1981-03-19;5436;G
1981-03-20;5436;G
1981-03-21;5436;G
1981-03-22;5438;G
1981-03-23;5437;G
1981-03-24;5438;G
1981-03-25;5438;G
1981-03-26;5439;G
1981-03-27;5443;G
1981-03-28;5446;G
1981-03-29;5444;G
1981-03-30;5442;G
1981-03-31;5440;G
1981-04-01;5439;G
1981-04-02;5438;G
1981-04-03;5436;G
1981-04-04;5434;G
1981-04-05;5432;G
1981-04-06;5430;G
1981-04-07;5428;G
1981-04-08;5426;G
1981-04-09;5426;G
1981-04-10;5426;G
1981-04-11;5423;G
1981-04-12;5422;G
1981-04-13;5420;G
1981-04-14;5420;G
1981-04-15;5422;G
1981-04-16;5421;G
1981-04-17;5421;G
1981-04-18;5418;G
1981-04-19;5418;G
1981-04-20;5418;G
1981-04-21;5418;G
1981-04-22;5417;G
1981-04-23;5418;G
1981-04-24;5418;G
1981-04-25;5418;G
1981-04-26;5420;G
1981-04-27;5418;G
1981-04-28;5417;G
1981-04-29;5418;G
1981-04-30;5418;G
1981-05-01;5416;G
1981-05-02;5416;G
1981-05-03;5418;G
1981-05-04;5419;G
1981-05-05;5419;G
1981-05-06;5419;G
1981-05-07;5419;G
1981-05-08;5422;G
1981-05-09;5421;G
1981-05-10;5419;G
1981-05-11;5417;G
1981-05-12;5418;G
1981-05-13;5418;G
1981-05-14;5418;G
1981-05-15;5417;G
1981-05-16;5416;G
1981-05-17;5416;G
1981-05-18;5414;G
1981-05-19;5415;G
1981-05-20;5415;G
1981-05-21;5415;G
1981-05-22;5415;G
1981-05-23;5414;G
1981-05-24;5414;G
1981-05-25;5414;G
1981-05-26;5413;G
1981-05-27;5412;G
1981-05-28;5410;G
1981-05-29;5411;G
1981-05-30;5411;G
1981-05-31;5411;G
1981-06-01;5410;G
1981-06-02;5409;G
1981-06-03;5409;G
1981-06-04;5409;G
1981-06-05;5409;G
1981-06-06;5409;G
1981-06-07;5408;G
1981-06-08;5408;G
1981-06-09;5408;G
1981-06-10;5407;G
1981-06-11;5408;G
1981-06-12;5404;G
1981-06-13;5403;G
1981-06-14;5405;G
1981-06-15;5404;G
1981-06-16;5405;G
1981-06-17;5404;G
1981-06-18;5405;G
1981-06-19;5407;G
1981-06-20;5407;G
1981-06-21;5407;G
1981-06-22;5408;G
1981-06-23;5408;G
1981-06-24;5407;G
1981-06-25;5407;G
1981-06-26;5405;G
1981-06-27;5405;G
1981-06-28;5404;G
1981-06-29;5402;G
1981-06-30;5400;G
1981-07-01;5400;G
1981-07-02;5399;G
1981-07-03;5399;G
1981-07-04;5397;G
1981-07-05;5398;G
1981-07-06;5398;G
1981-07-07;5397;G
1981-07-08;5396;G
1981-07-09;5396;G
1981-07-10;5396;G
1981-07-11;5394;G
1981-07-12;5393;G
1981-07-13;5392;G
1981-07-14;5391;G
1981-07-15;5388;G
1981-07-16;5390;G
1981-07-17;5390;G
1981-07-18;5392;G
1981-07-19;5391;G
1981-07-20;5390;G
1981-07-21;5389;G
1981-07-22;5388;G
1981-07-23;5390;G
1981-07-24;5389;G
1981-07-25;5389;G
1981-07-26;5394;G
1981-07-27;5392;G
1981-07-28;5392;G
1981-07-29;5389;G
1981-07-30;5390;G
1981-07-31;5388;G
1981-08-01;5387;G
1981-08-02;5387;G
1981-08-03;5386;G
1981-08-04;5385;G
1981-08-05;5385;G
1981-08-06;5384;G
1981-08-07;5385;G
1981-08-08;5384;G
1981-08-09;5382;G
1981-08-10;5382;G
1981-08-11;5380;G
1981-08-12;5378;G
1981-08-13;5379;G
1981-08-14;5380;G
1981-08-15;5378;G
1981-08-16;5378;G
1981-08-17;5378;G
1981-08-18;5376;G
1981-08-19;5377;G
1981-08-20;5379;G
1981-08-21;5376;G
1981-08-22;5378;G
1981-08-23;5378;G
1981-08-24;5376;G
1981-08-25;5378;G
1981-08-26;5376;G
1981-08-27;5372;G
1981-08-28;5375;G
1981-08-29;5375;G
1981-08-30;5375;G
1981-08-31;5374;G
1981-09-01;5373;G
1981-09-02;5372;G
1981-09-03;5370;G
1981-09-04;5370;G
1981-09-05;5370;G
1981-09-06;5370;G
1981-09-07;5370;G
1981-09-08;5370;G
1981-09-09;5369;G
1981-09-10;5368;G
1981-09-11;5368;G
1981-09-12;5367;G
1981-09-13;5367;G
1981-09-14;5367;G
1981-09-15;5366;G
1981-09-16;5366;G
1981-09-17;5366;G
1981-09-18;5366;G
1981-09-19;5365;G
1981-09-20;5366;G
1981-09-21;5364;G
1981-09-22;5365;G
1981-09-23;5364;G
1981-09-24;5364;G
1981-09-25;5364;G
1981-09-26;5363;G
1981-09-27;5363;G
1981-09-28;5364;G
1981-09-29;5361;G
1981-09-30;5360;G
1981-10-01;5361;G
1981-10-02;5360;G
1981-10-03;5360;G
1981-10-04;5360;G
1981-10-05;5359;G
1981-10-06;5360;G
1981-10-07;5360;G
1981-10-08;5358;G
1981-10-09;5361;G
1981-10-10;5364;G
1981-10-11;5364;G
1981-10-12;5368;G
1981-10-13;5368;G
1981-10-14;5368;G
1981-10-15;5370;G
1981-10-16;5370;G
1981-10-17;5368;G
1981-10-18;5370;G
1981-10-19;5372;G
1981-10-20;5372;G
1981-10-21;5377;G
1981-10-22;5381;G
1981-10-23;5383;G
1981-10-24;5386;G
1981-10-25;5386;G
1981-10-26;5386;G
1981-10-27;5387;G
1981-10-28;5388;G
1981-10-29;5391;G
1981-10-30;5392;G
1981-10-31;5394;G
1981-11-01;5398;G
1981-11-02;5400;G
1981-11-03;5406;G
1981-11-04;5412;G
1981-11-05;5413;G
1981-11-06;5414;G
1981-11-07;5416;G
1981-11-08;5417;G
1981-11-09;5417;G
1981-11-10;5417;G
1981-11-11;5418;G
1981-11-12;5418;G
1981-11-13;5419;G
1981-11-14;5418;G
1981-11-15;5418;G
1981-11-16;5418;G
1981-11-17;5418;G
1981-11-18;5418;G
1981-11-19;5418;G
1981-11-20;5423;G
1981-11-21;5416;G
1981-11-22;5424;G
1981-11-23;5426;G
1981-11-24;5426;G
1981-11-25;5426;G
1981-11-26;5432;G
1981-11-27;5434;G
1981-11-28;5438;G
1981-11-29;5442;G
1981-11-30;5443;G
1981-12-01;5442;G
1981-12-02;5442;G
1981-12-03;5441;G
1981-12-04;5440;G
1981-12-05;5440;G
1981-12-06;5440;G
1981-12-07;5438;G
1981-12-08;5438;G
1981-12-09;5437;G
1981-12-10;5437;G
1981-12-11;5436;G
1981-12-12;5433;G
1981-12-13;5432;G
1981-12-14;5430;G
1981-12-15;5428;G
1981-12-16;5428;G
1981-12-17;5428;G
1981-12-18;5426;G
1981-12-19;5422;G
1981-12-20;5422;G
1981-12-21;5422;G
1981-12-22;5422;G
1981-12-23;5421;G
1981-12-24;5421;G
1981-12-25;5419;G
1981-12-26;5418;G
1981-12-27;5417;G
1981-12-28;5416;G
1981-12-29;5415;G
1981-12-30;5412;G
1981-12-31;5411;G
1982-01-01;5408;G
1982-01-02;5406;G
1982-01-03;5406;G
1982-01-04;5405;G
1982-01-05;5405;G
1982-01-06;5403;G
1982-01-07;5400;G
1982-01-08;5397;G
1982-01-09;5395;G
1982-01-10;5392;G
1982-01-11;5390;G
1982-01-12;5388;G
1982-01-13;5385;G
1982-01-14;5382;G
1982-01-15;5382;G
1982-01-16;5378;G
1982-01-17;5376;G
1982-01-18;5373;G
1982-01-19;5380;G
1982-01-20;5375;G
1982-01-21;5373;G
1982-01-22;5372;G
1982-01-23;5372;G
1982-01-24;5374;G
1982-01-25;5374;G
1982-01-26;5374;G
1982-01-27;5375;G
1982-01-28;5376;G
1982-01-29;5378;G
1982-01-30;5380;G
1982-01-31;5382;G
1982-02-01;5383;G
1982-02-02;5383;G
1982-02-03;5383;G
1982-02-04;5384;G
1982-02-05;5384;G
1982-02-06;5384;G
1982-02-07;5386;G
1982-02-08;5388;G
1982-02-09;5388;G
1982-02-10;5388;G
1982-02-11;5390;G
1982-02-12;5393;G
1982-02-13;5395;G
1982-02-14;5398;G
1982-02-15;5400;G
1982-02-16;5400;G
1982-02-17;5402;G
1982-02-18;5402;G
1982-02-19;5403;G
1982-02-20;5403;G
1982-02-21;5402;G
1982-02-22;5401;G
1982-02-23;5400;G
1982-02-24;5400;G
1982-02-25;5400;G
1982-02-26;5400;G
1982-02-27;5400;G
1982-02-28;5399;G
1982-03-01;5400;G
1982-03-02;5400;G
1982-03-03;5403;G
1982-03-04;5410;G
1982-03-05;5415;G
1982-03-06;5420;G
1982-03-07;5423;G
1982-03-08;5423;G
1982-03-09;5423;G
1982-03-10;5424;G
1982-03-11;5425;G
1982-03-12;5427;G
1982-03-13;5428;G
1982-03-14;5430;G
1982-03-15;5432;G
1982-03-16;5436;G
1982-03-17;5438;G
1982-03-18;5440;G
1982-03-19;5440;G
1982-03-20;5441;G
1982-03-21;5441;G
1982-03-22;5440;G
1982-03-23;5440;G
1982-03-24;5438;G
1982-03-25;5438;G
1982-03-26;5437;G
1982-03-27;5437;G
1982-03-28;5436;G
1982-03-29;5434;G
1982-03-30;5432;G
1982-03-31;5431;G
1982-04-01;5428;G
1982-04-02;5427;G
1982-04-03;5426;G
1982-04-04;5424;G
1982-04-05;5424;G
1982-04-06;5423;G
1982-04-07;5421;G
1982-04-08;5421;G
1982-04-09;5420;G
1982-04-10;5420;G
1982-04-11;5419;G
1982-04-12;5420;G
1982-04-13;5421;G
1982-04-14;5420;G
1982-04-15;5420;G
1982-04-16;5420;G
1982-04-17;5420;G
1982-04-18;5420;G
1982-04-19;5418;G
1982-04-20;5419;G
1982-04-21;5419;G
1982-04-22;5419;G
1982-04-23;5419;G
1982-04-24;5418;G
1982-04-25;5418;G
1982-04-26;5417;G
1982-04-27;5418;G
1982-04-28;5416;G
1982-04-29;5417;G
1982-04-30;5417;G
1982-05-01;5418;G
1982-05-02;5418;G
1982-05-03;5421;G
1982-05-04;5420;G
1982-05-05;5420;G
1982-05-06;5420;G
1982-05-07;5421;G
1982-05-08;5424;G
1982-05-09;5424;G
1982-05-10;5422;G
1982-05-11;5422;G
1982-05-12;5420;G
1982-05-13;5418;G
1982-05-14;5418;G
1982-05-15;5419;G
1982-05-16;5419;G
1982-05-17;5419;G
1982-05-18;5419;G
1982-05-19;5420;G
1982-05-20;5418;G
1982-05-21;5418;G
1982-05-22;5418;G
1982-05-23;5418;G
1982-05-24;5417;G
1982-05-25;5417;G
1982-05-26;5417;G
1982-05-27;5416;G
1982-05-28;5416;G
1982-05-29;5415;G
1982-05-30;5414;G
1982-05-31;5413;G
1982-06-01;5413;G
1982-06-02;5416;G
1982-06-03;5413;G
1982-06-04;5412;G
1982-06-05;5410;G
1982-06-06;5409;G
1982-06-07;5408;G
1982-06-08;5406;G
1982-06-09;5406;G
1982-06-10;5404;G
1982-06-11;5402;G
1982-06-12;5404;G
1982-06-13;5403;G
1982-06-14;5402;G
1982-06-15;5402;G
1982-06-16;5404;G
1982-06-17;5401;G
1982-06-18;5402;G
1982-06-19;5401;G
1982-06-20;5400;G
1982-06-21;5399;G
1982-06-22;5399;G
1982-06-23;5398;G
1982-06-24;5398;G
1982-06-25;5397;G
1982-06-26;5398;G
1982-06-27;5396;G
1982-06-28;5395;G
1982-06-29;5397;G
1982-06-30;5396;G
1982-07-01;5395;G
1982-07-02;5394;G
1982-07-03;5395;G
1982-07-04;5394;G
1982-07-05;5394;G
1982-07-06;5394;G
1982-07-07;5395;G
1982-07-08;5396;G
1982-07-09;5393;G
1982-07-10;5394;G
1982-07-11;5393;G
1982-07-12;5391;G
1982-07-13;5390;G
1982-07-14;5390;G
1982-07-15;5390;G
1982-07-16;5390;G
1982-07-17;5388;G
1982-07-18;5388;G
1982-07-19;5387;G
1982-07-20;5387;G
1982-07-21;5388;G
1982-07-22;5385;G
1982-07-23;5385;G
1982-07-24;5384;G
1982-07-25;5384;G
1982-07-26;5382;G
1982-07-27;5380;G
1982-07-28;5380;G
1982-07-29;5379;G
1982-07-30;5378;G
1982-07-31;5376;G
1982-08-01;5376;G
1982-08-02;5374;G
1982-08-03;5373;G
1982-08-04;5372;G
1982-08-05;5371;G
1982-08-06;5370;G
1982-08-07;5369;G
1982-08-08;5368;G
1982-08-09;5367;G
1982-08-10;5368;G
1982-08-11;5367;G
1982-08-12;5366;G
1982-08-13;5364;G
1982-08-14;5365;G
1982-08-15;5364;G
1982-08-16;5364;G
1982-08-17;5365;G
1982-08-18;5366;G
1982-08-19;5367;G
1982-08-20;5367;G
1982-08-21;5368;G
1982-08-22;5368;G
1982-08-23;5367;G
1982-08-24;5365;G
1982-08-25;5368;G
1982-08-26;5367;G
1982-08-27;5367;G
1982-08-28;5368;G
1982-08-29;5368;G
1982-08-30;5368;G
1982-08-31;5366;G
1982-09-01;5365;G
1982-09-02;5364;G
1982-09-03;5364;G
1982-09-04;5362;G
1982-09-05;5364;G
1982-09-06;5364;G
1982-09-07;5364;G
1982-09-08;5362;G
1982-09-09;5362;G
1982-09-10;5362;G
1982-09-11;5362;G
1982-09-12;5362;G
1982-09-13;5360;G
1982-09-14;5359;G
1982-09-15;5359;G
1982-09-16;5358;G
1982-09-17;5360;G
1982-09-18;5358;G
1982-09-19;5358;G
1982-09-20;5358;G
1982-09-21;5358;G
1982-09-22;5355;G
1982-09-23;5355;G
1982-09-24;5355;G
1982-09-25;5355;G
1982-09-26;5355;G
1982-09-27;5354;G
1982-09-28;5352;G
1982-09-29;5352;G
1982-09-30;5352;G
1982-10-01;5351;G
1982-10-02;5350;G
1982-10-03;5349;G
1982-10-04;5349;G
1982-10-05;5349;G
1982-10-06;5346;G
1982-10-07;5346;G
1982-10-08;5346;G
1982-10-09;5346;G
1982-10-10;5353;G
1982-10-11;5360;G
1982-10-12;5362;G
1982-10-13;5364;G
1982-10-14;5367;G
1982-10-15;5370;G
1982-10-16;5372;G
1982-10-17;5374;G
1982-10-18;5375;G
1982-10-19;5376;G
1982-10-20;5374;G
1982-10-21;5375;G
1982-10-22;5374;G
1982-10-23;5372;G
1982-10-24;5372;G
1982-10-25;5372;G
1982-10-26;5373;G
1982-10-27;5373;G
1982-10-28;5373;G
1982-10-29;5373;G
1982-10-30;5373;G
1982-10-31;5372;G
1982-11-01;5372;G
1982-11-02;5371;G
1982-11-03;5370;G
1982-11-04;5368;G
1982-11-05;5367;G
1982-11-06;5366;G
1982-11-07;5366;G
1982-11-08;5364;G
1982-11-09;5362;G
1982-11-10;5360;G
1982-11-11;5359;G
1982-11-12;5358;G
1982-11-13;5359;G
1982-11-14;5362;G
1982-11-15;5362;G
1982-11-16;5360;G
1982-11-17;5362;G
1982-11-18;5364;G
1982-11-19;5365;G
1982-11-20;5368;G
1982-11-21;5371;G
1982-11-22;5373;G
1982-11-23;5377;G
1982-11-24;5380;G
1982-11-25;5382;G
1982-11-26;5382;G
1982-11-27;5384;G
1982-11-28;5385;G
1982-11-29;5385;G
1982-11-30;5386;G
1982-12-01;5386;G
1982-12-02;5387;G
1982-12-03;5388;G
1982-12-04;5387;G
1982-12-05;5386;G
1982-12-06;5385;G
1982-12-07;5384;G
1982-12-08;5385;G
1982-12-09;5383;G
1982-12-10;5384;G
1982-12-11;5384;G
1982-12-12;5388;G
1982-12-13;5390;G
1982-12-14;5390;G
1982-12-15;5394;G
1982-12-16;5396;G
1982-12-17;5406;G
1982-12-18;5412;G
1982-12-19;5414;G
1982-12-20;5418;G
1982-12-21;5422;G
1982-12-22;5423;G
1982-12-23;5425;G
1982-12-24;5426;G
1982-12-25;5425;G
1982-12-26;5425;G
1982-12-27;5427;G
1982-12-28;5428;G
1982-12-29;5428;G
1982-12-30;5428;G
1982-12-31;5428;G
1983-01-01;5428;G
1983-01-02;5427;G
1983-01-03;5426;G
1983-01-04;5426;G
1983-01-05;5426;G
1983-01-06;5428;G
1983-01-07;5429;G
1983-01-08;5428;G
1983-01-09;5428;G
1983-01-10;5428;G
1983-01-11;5428;G
1983-01-12;5429;G
1983-01-13;5429;G
1983-01-14;5428;G
1983-01-15;5428;G
1983-01-16;5427;G
1983-01-17;5424;G
1983-01-18;5427;G
1983-01-19;5428;G
1983-01-20;5428;G
1983-01-21;5426;G
1983-01-22;5426;G
1983-01-23;5426;G
1983-01-24;5428;G
1983-01-25;5427;G
1983-01-26;5426;G
1983-01-27;5425;G
1983-01-28;5422;G
1983-01-29;5424;G
1983-01-30;5426;G
1983-01-31;5426;G
1983-02-01;5427;G
1983-02-02;5426;G
1983-02-03;5426;G
1983-02-04;5426;G
1983-02-05;5426;G
1983-02-06;5426;G
1983-02-07;5425;G
1983-02-08;5423;G
1983-02-09;5422;G
1983-02-10;5422;G
1983-02-11;5422;G
1983-02-12;5422;G
1983-02-13;5422;G
1983-02-14;5422;G
1983-02-15;5420;G
1983-02-16;5419;G
1983-02-17;5417;G
1983-02-18;5416;G
1983-02-19;5414;G
1983-02-20;5412;G
1983-02-21;5412;G
1983-02-22;5411;G
1983-02-23;5409;G
1983-02-24;5408;G
1983-02-25;5406;G
1983-02-26;5405;G
1983-02-27;5404;G
1983-02-28;5402;G
1983-03-01;5402;G
1983-03-02;5402;G
1983-03-03;5402;G
1983-03-04;5402;G
1983-03-05;5402;G
1983-03-06;5405;G
1983-03-07;5409;G
1983-03-08;5417;G
1983-03-09;5420;G
1983-03-10;5420;G
1983-03-11;5423;G
1983-03-12;5426;G
1983-03-13;5426;G
1983-03-14;5426;G
1983-03-15;5426;G
1983-03-16;5426;G
1983-03-17;5424;G
1983-03-18;5425;G
1983-03-19;5424;G
1983-03-20;5424;G
1983-03-21;5424;G
1983-03-22;5424;G
1983-03-23;5424;G
1983-03-24;5426;G
1983-03-25;5427;G
1983-03-26;5428;G
1983-03-27;5428;G
1983-03-28;5427;G
1983-03-29;5426;G
1983-03-30;5428;G
1983-03-31;5429;G
1983-04-01;5430;G
1983-04-02;5430;G
1983-04-03;5433;G
1983-04-04;5435;G
1983-04-05;5437;G
1983-04-06;5437;G
1983-04-07;5438;G
1983-04-08;5437;G
1983-04-09;5436;G
1983-04-10;5435;G
1983-04-11;5435;G
1983-04-12;5433;G
1983-04-13;5431;G
1983-04-14;5430;G
1983-04-15;5429;G
1983-04-16;5427;G
1983-04-17;5426;G
1983-04-18;5425;G
1983-04-19;5426;G
1983-04-20;5423;G
1983-04-21;5423;G
1983-04-22;5424;G
1983-04-23;5422;G
1983-04-24;5422;G
1983-04-25;5422;G
1983-04-26;5421;G
1983-04-27;5421;G
1983-04-28;5421;G
1983-04-29;5420;G
1983-04-30;5419;G
1983-05-01;5420;G
1983-05-02;5423;G
1983-05-03;5421;G
1983-05-04;5419;G
1983-05-05;5418;G
1983-05-06;5420;G
1983-05-07;5420;G
1983-05-08;5420;G
1983-05-09;5418;G
1983-05-10;5418;G
1983-05-11;5418;G
1983-05-12;5421;G
1983-05-13;5421;G
1983-05-14;5420;G
1983-05-15;5420;G
1983-05-16;5420;G
1983-05-17;5420;G
1983-05-18;5420;G
1983-05-19;5420;G
1983-05-20;5420;G
1983-05-21;5420;G
1983-05-22;5418;G
1983-05-23;5418;G
1983-05-24;5419;G
1983-05-25;5418;G
1983-05-26;5419;G
1983-05-27;5418;G
1983-05-28;5420;G
1983-05-29;5422;G
1983-05-30;5422;G
1983-05-31;5421;G
1983-06-01;5421;G
1983-06-02;5420;G
1983-06-03;5418;G
1983-06-04;5417;G
1983-06-05;5417;G
1983-06-06;5416;G
1983-06-07;5416;G
1983-06-08;5415;G
1983-06-09;5414;G
1983-06-10;5413;G
1983-06-11;5414;G
1983-06-12;5415;G
1983-06-13;5414;G
1983-06-14;5412;G
1983-06-15;5410;G
1983-06-16;5410;G
1983-06-17;5410;G
1983-06-18;5410;G
1983-06-19;5408;G
1983-06-20;5408;G
1983-06-21;5407;G
1983-06-22;5405;G
1983-06-23;5402;G
1983-06-24;5402;G
1983-06-25;5400;G
1983-06-26;5400;G
1983-06-27;5401;G
1983-06-28;5399;G
1983-06-29;5398;G
1983-06-30;5400;G
1983-07-01;5400;G
1983-07-02;5400;G
1983-07-03;5399;G
1983-07-04;5398;G
1983-07-05;5398;G
1983-07-06;5397;G
1983-07-07;5397;G
1983-07-08;5395;G
1983-07-09;5395;G
1983-07-10;5394;G
1983-07-11;5394;G
1983-07-12;5394;G
1983-07-13;5392;G
1983-07-14;5393;G
1983-07-15;5390;G
1983-07-16;5388;G
1983-07-17;5389;G
1983-07-18;5388;G
1983-07-19;5386;G
1983-07-20;5385;G
1983-07-21;5384;G
1983-07-22;5385;G
1983-07-23;5384;G
1983-07-24;5384;G
1983-07-25;5384;G
1983-07-26;5383;G
1983-07-27;5383;G
1983-07-28;5380;G
1983-07-29;5380;G
1983-07-30;5377;G
1983-07-31;5379;G
1983-08-01;5380;G
1983-08-02;5378;G
1983-08-03;5377;G
1983-08-04;5375;G
1983-08-05;5375;G
1983-08-06;5376;G
1983-08-07;5375;G
1983-08-08;5374;G
1983-08-09;5375;G
1983-08-10;5374;G
1983-08-11;5374;G
1983-08-12;5373;G
1983-08-13;5369;G
1983-08-14;5369;G
1983-08-15;5369;G
1983-08-16;5368;G
1983-08-17;5368;G
1983-08-18;5367;G
1983-08-19;5366;G
1983-08-20;5367;G
1983-08-21;5365;G
1983-08-22;5365;G
1983-08-23;5366;G
1983-08-24;5364;G
1983-08-25;5362;G
1983-08-26;5360;G
1983-08-27;5360;G
1983-08-28;5358;G
1983-08-29;5358;G
1983-08-30;5357;G
1983-08-31;5355;G
1983-09-01;5355;G
1983-09-02;5354;G
1983-09-03;5354;G
1983-09-04;5352;G
1983-09-05;5352;G
1983-09-06;5352;G
1983-09-07;5352;G
1983-09-08;5350;G
1983-09-09;5352;G
1983-09-10;5351;G
1983-09-11;5350;G
1983-09-12;5349;G
1983-09-13;5348;G
1983-09-14;5350;G
1983-09-15;5350;G
1983-09-16;5350;G
1983-09-17;5351;G
1983-09-18;5350;G
1983-09-19;5352;G
1983-09-20;5351;G
1983-09-21;5352;G
1983-09-22;5352;G
1983-09-23;5351;G
1983-09-24;5352;G
1983-09-25;5348;G
1983-09-26;5348;G
1983-09-27;5348;G
1983-09-28;5348;G
1983-09-29;5348;G
1983-09-30;5347;G
1983-10-01;5346;G
1983-10-02;5347;G
1983-10-03;5345;G
1983-10-04;5345;G
1983-10-05;5346;G
1983-10-06;5345;G
1983-10-07;5344;G
1983-10-08;5346;G
1983-10-09;5344;G
1983-10-10;5346;G
1983-10-11;5346;G
1983-10-12;5346;G
1983-10-13;5347;G
1983-10-14;5347;G
1983-10-15;5346;G
1983-10-16;5349;G
1983-10-17;5347;G
1983-10-18;5346;G
1983-10-19;5347;G
1983-10-20;5346;G
1983-10-21;5346;G
1983-10-22;5345;G
1983-10-23;5345;G
1983-10-24;5345;G
1983-10-25;5345;G
1983-10-26;5344;G
1983-10-27;5346;G
1983-10-28;5348;G
1983-10-29;5346;G
1983-10-30;5346;G
1983-10-31;5346;G
1983-11-01;5346;G
1983-11-02;5345;G
1983-11-03;5345;G
1983-11-04;5345;G
1983-11-05;5344;G
1983-11-06;5344;G
1983-11-07;5345;G
1983-11-08;5346;G
1983-11-09;5345;G
1983-11-10;5345;G
1983-11-11;5344;G
1983-11-12;5342;G
1983-11-13;5342;G
1983-11-14;5342;G
1983-11-15;5342;G
1983-11-16;5343;G
1983-11-17;5343;G
1983-11-18;5343;G
1983-11-19;5345;G
1983-11-20;5342;G
1983-11-21;5344;G
1983-11-22;5346;G
1983-11-23;5344;G
1983-11-24;5346;G
1983-11-25;5345;G
1983-11-26;5348;G
1983-11-27;5351;G
1983-11-28;5352;G
1983-11-29;5355;G
1983-11-30;5357;G
1983-12-01;5358;G
1983-12-02;5358;G
1983-12-03;5359;G
1983-12-04;5360;G
1983-12-05;5360;G
1983-12-06;5359;G
1983-12-07;5360;G
1983-12-08;5363;G
1983-12-09;5366;G
1983-12-10;5369;G
1983-12-11;5372;G
1983-12-12;5373;G
1983-12-13;5376;G
1983-12-14;5378;G
1983-12-15;5379;G
1983-12-16;5377;G
1983-12-17;5378;G
1983-12-18;5376;G
1983-12-19;5376;G
1983-12-20;5376;G
1983-12-21;5378;G
1983-12-22;5381;G
1983-12-23;5384;G
1983-12-24;5386;G
1983-12-25;5388;G
1983-12-26;5390;G
1983-12-27;5392;G
1983-12-28;5394;G
1983-12-29;5395;G
1983-12-30;5400;G
1983-12-31;5399;G
1984-01-01;5400;G
1984-01-02;5403;G
1984-01-03;5408;G
1984-01-04;5411;G
1984-01-05;5414;G
1984-01-06;5416;G
1984-01-07;5419;G
1984-01-08;5422;G
1984-01-09;5424;G
1984-01-10;5427;G
1984-01-11;5428;G
1984-01-12;5432;G
1984-01-13;5436;G
1984-01-14;5438;G
1984-01-15;5438;G
1984-01-16;5441;G
1984-01-17;5443;G
1984-01-18;5442;G
1984-01-19;5443;G
1984-01-20;5442;G
1984-01-21;5441;G
1984-01-22;5439;G
1984-01-23;5439;G
1984-01-24;5438;G
1984-01-25;5437;G
1984-01-26;5436;G
1984-01-27;5434;G
1984-01-28;5432;G
1984-01-29;5430;G
1984-01-30;5430;G
1984-01-31;5428;G
1984-02-01;5428;G
1984-02-02;5428;G
1984-02-03;5426;G
1984-02-04;5427;G
1984-02-05;5429;G
1984-02-06;5431;G
1984-02-07;5435;G
1984-02-08;5436;G
1984-02-09;5437;G
1984-02-10;5437;G
1984-02-11;5436;G
1984-02-12;5436;G
1984-02-13;5434;G
1984-02-14;5434;G
1984-02-15;5432;G
1984-02-16;5430;G
1984-02-17;5428;G
1984-02-18;5428;G
1984-02-19;5426;G
1984-02-20;5425;G
1984-02-21;5425;G
1984-02-22;5423;G
1984-02-23;5423;G
1984-02-24;5422;G
1984-02-25;5421;G
1984-02-26;5420;G
1984-02-27;5419;G
1984-02-28;5418;G
1984-02-29;5416;G
1984-03-01;5417;G
1984-03-02;5416;G
1984-03-03;5414;G
1984-03-04;5413;G
1984-03-05;5412;G
1984-03-06;5411;G
1984-03-07;5411;G
1984-03-08;5410;G
1984-03-09;5410;G
1984-03-10;5410;G
1984-03-11;5411;G
1984-03-12;5411;G
1984-03-13;5411;G
1984-03-14;5410;G
1984-03-15;5410;G
1984-03-16;5410;G
1984-03-17;5410;G
1984-03-18;5409;G
1984-03-19;5408;G
1984-03-20;5408;G
1984-03-21;5406;G
1984-03-22;5406;G
1984-03-23;5405;G
1984-03-24;5404;G
1984-03-25;5405;G
1984-03-26;5405;G
1984-03-27;5405;G
1984-03-28;5405;G
1984-03-29;5405;G
1984-03-30;5405;G
1984-03-31;5405;G
1984-04-01;5406;G
1984-04-02;5407;G
1984-04-03;5408;G
1984-04-04;5409;G
1984-04-05;5410;G
1984-04-06;5412;G
1984-04-07;5413;G
1984-04-08;5414;G
1984-04-09;5414;G
1984-04-10;5415;G
1984-04-11;5416;G
1984-04-12;5416;G
1984-04-13;5417;G
1984-04-14;5418;G
1984-04-15;5418;G
1984-04-16;5418;G
1984-04-17;5418;G
1984-04-18;5418;G
1984-04-19;5419;G
1984-04-20;5419;G
1984-04-21;5419;G
1984-04-22;5419;G
1984-04-23;5419;G
1984-04-24;5419;G
1984-04-25;5419;G
1984-04-26;5419;G
1984-04-27;5418;G
1984-04-28;5418;G
1984-04-29;5418;G
1984-04-30;5417;G
1984-05-01;5417;G
1984-05-02;5418;G
1984-05-03;5419;G
1984-05-04;5418;G
1984-05-05;5418;G
1984-05-06;5417;G
1984-05-07;5416;G
1984-05-08;5416;G
1984-05-09;5416;G
1984-05-10;5416;G
1984-05-11;5416;G
1984-05-12;5416;G
1984-05-13;5416;G
1984-05-14;5414;G
1984-05-15;5415;G
1984-05-16;5415;G
1984-05-17;5416;G
1984-05-18;5415;G
1984-05-19;5415;G
1984-05-20;5414;G
1984-05-21;5414;G
1984-05-22;5413;G
1984-05-23;5413;G
1984-05-24;5413;G
1984-05-25;5412;G
1984-05-26;5412;G
1984-05-27;5412;G
1984-05-28;5412;G
1984-05-29;5412;G
1984-05-30;5412;G
1984-05-31;5411;G
1984-06-01;5412;G
1984-06-02;5413;G
1984-06-03;5412;G
1984-06-04;5412;G
1984-06-05;5412;G
1984-06-06;5410;G
1984-06-07;5412;G
1984-06-08;5412;G
1984-06-09;5414;G
1984-06-10;5413;G
1984-06-11;5412;G
1984-06-12;5412;G
1984-06-13;5414;G
1984-06-14;5414;G
1984-06-15;5413;G
1984-06-16;5412;G
1984-06-17;5413;G
1984-06-18;5412;G
1984-06-19;5411;G
1984-06-20;5410;G
1984-06-21;5412;G
1984-06-22;5408;G
1984-06-23;5408;G
1984-06-24;5410;G
1984-06-25;5411;G
1984-06-26;5412;G
1984-06-27;5411;G
1984-06-28;5410;G
1984-06-29;5410;G
1984-06-30;5409;G
1984-07-01;5407;G
1984-07-02;5407;G
1984-07-03;5406;G
1984-07-04;5405;G
1984-07-05;5404;G
1984-07-06;5405;G
1984-07-07;5407;G
1984-07-08;5405;G
1984-07-09;5404;G
1984-07-10;5403;G
1984-07-11;5401;G
1984-07-12;5400;G
1984-07-13;5399;G
1984-07-14;5398;G
1984-07-15;5398;G
1984-07-16;5398;G
1984-07-17;5398;G
1984-07-18;5400;G
1984-07-19;5400;G
1984-07-20;5399;G
1984-07-21;5398;G
1984-07-22;5396;G
1984-07-23;5397;G
1984-07-24;5396;G
1984-07-25;5394;G
1984-07-26;5394;G
1984-07-27;5394;G
1984-07-28;5392;G
1984-07-29;5392;G
1984-07-30;5390;G
1984-07-31;5390;G
1984-08-01;5388;G
1984-08-02;5387;G
1984-08-03;5385;G
1984-08-04;5386;G
1984-08-05;5385;G
1984-08-06;5385;G
1984-08-07;5385;G
1984-08-08;5386;G
1984-08-09;5385;G
1984-08-10;5388;G
1984-08-11;5388;G
1984-08-12;5388;G
1984-08-13;5388;G
1984-08-14;5388;G
1984-08-15;5387;G
1984-08-16;5386;G
1984-08-17;5384;G
1984-08-18;5382;G
1984-08-19;5381;G
1984-08-20;5380;G
1984-08-21;5378;G
1984-08-22;5378;G
1984-08-23;5378;G
1984-08-24;5377;G
1984-08-25;5376;G
1984-08-26;5375;G
1984-08-27;5376;G
1984-08-28;5375;G
1984-08-29;5375;G
1984-08-30;5375;G
1984-08-31;5372;G
1984-09-01;5371;G
1984-09-02;5371;G
1984-09-03;5372;G
1984-09-04;5371;G
1984-09-05;5374;G
1984-09-06;5377;G
1984-09-07;5377;G
1984-09-08;5376;G
1984-09-09;5376;G
1984-09-10;5376;G
1984-09-11;5374;G
1984-09-12;5374;G
1984-09-13;5376;G
1984-09-14;5379;G
1984-09-15;5380;G
1984-09-16;5380;G
1984-09-17;5381;G
1984-09-18;5381;G
1984-09-19;5381;G
1984-09-20;5383;G
1984-09-21;5382;G
1984-09-22;5382;G
1984-09-23;5383;G
1984-09-24;5384;G
1984-09-25;5384;G
1984-09-26;5384;G
1984-09-27;5384;G
1984-09-28;5383;G
1984-09-29;5383;G
1984-09-30;5383;G
1984-10-01;5380;G
1984-10-02;5379;G
1984-10-03;5376;G
1984-10-04;5375;G
1984-10-05;5375;G
1984-10-06;5374;G
1984-10-07;5373;G
1984-10-08;5377;G
1984-10-09;5380;G
1984-10-10;5381;G
1984-10-11;5384;G
1984-10-12;5384;G
1984-10-13;5386;G
1984-10-14;5384;G
1984-10-15;5386;G
1984-10-16;5390;G
1984-10-17;5390;G
1984-10-18;5391;G
1984-10-19;5392;G
1984-10-20;5394;G
1984-10-21;5395;G
1984-10-22;5396;G
1984-10-23;5402;G
1984-10-24;5395;G
1984-10-25;5409;G
1984-10-26;5410;G
1984-10-27;5410;G
1984-10-28;5410;G
1984-10-29;5411;G
1984-10-30;5410;G
1984-10-31;5409;G
1984-11-01;5411;G
1984-11-02;5412;G
1984-11-03;5413;G
1984-11-04;5412;G
1984-11-05;5412;G
1984-11-06;5412;G
1984-11-07;5412;G
1984-11-08;5410;G
1984-11-09;5410;G
1984-11-10;5410;G
1984-11-11;5408;G
1984-11-12;5408;G
1984-11-13;5405;G
1984-11-14;5402;G
1984-11-15;5400;G
1984-11-16;5400;G
1984-11-17;5400;G
1984-11-18;5398;G
1984-11-19;5394;G
1984-11-20;5392;G
1984-11-21;5393;G
1984-11-22;5393;G
1984-11-23;5394;G
1984-11-24;5399;G
1984-11-25;5400;G
1984-11-26;5402;G
1984-11-27;5405;G
1984-11-28;5406;G
1984-11-29;5406;G
1984-11-30;5406;G
1984-12-01;5407;G
1984-12-02;5406;G
1984-12-03;5404;G
1984-12-04;5404;G
1984-12-05;5402;G
1984-12-06;5401;G
1984-12-07;5399;G
1984-12-08;5398;G
1984-12-09;5396;G
1984-12-10;5396;G
1984-12-11;5396;G
1984-12-12;5398;G
1984-12-13;5398;G
1984-12-14;5398;G
1984-12-15;5396;G
1984-12-16;5394;G
1984-12-17;5394;G
1984-12-18;5396;G
1984-12-19;5393;G
1984-12-20;5394;G
1984-12-21;5396;G
1984-12-22;5398;G
1984-12-23;5402;G
1984-12-24;5399;G
1984-12-25;5406;G
1984-12-26;5406;G
1984-12-27;5404;G
1984-12-28;5403;G
1984-12-29;5402;G
1984-12-30;5401;G
1984-12-31;5399;G
1985-01-01;5397;G
1985-01-02;5397;G
1985-01-03;5395;G
1985-01-04;5395;G
1985-01-05;5395;G
1985-01-06;5392;G
1985-01-07;5390;G
1985-01-08;5387;G
1985-01-09;5386;G
1985-01-10;5385;G
1985-01-11;5382;G
1985-01-12;5380;G
1985-01-13;5380;G
1985-01-14;5384;G
1985-01-15;5384;G
1985-01-16;5384;G
1985-01-17;5382;G
1985-01-18;5380;G
1985-01-19;5376;G
1985-01-20;5374;G
1985-01-21;5372;G
1985-01-22;5374;G
1985-01-23;5376;G
1985-01-24;5376;G
1985-01-25;5378;G
1985-01-26;5376;G
1985-01-27;5377;G
1985-01-28;5376;G
1985-01-29;5375;G
1985-01-30;5376;G
1985-01-31;5378;G
1985-02-01;5380;G
1985-02-02;5389;G
1985-02-03;5394;G
1985-02-04;5395;G
1985-02-05;5396;G
1985-02-06;5398;G
1985-02-07;5398;G
1985-02-08;5398;G
1985-02-09;5398;G
1985-02-10;5396;G
1985-02-11;5396;G
1985-02-12;5396;G
1985-02-13;5394;G
1985-02-14;5393;G
1985-02-15;5392;G
1985-02-16;5392;G
1985-02-17;5392;G
1985-02-18;5392;G
1985-02-19;5390;G
1985-02-20;5388;G
1985-02-21;5388;G
1985-02-22;5385;G
1985-02-23;5384;G
1985-02-24;5383;G
1985-02-25;5382;G
1985-02-26;5382;G
1985-02-27;5383;G
1985-02-28;5382;G
1985-03-01;5380;G
1985-03-02;5383;G
1985-03-03;5383;G
1985-03-04;5384;G
1985-03-05;5384;G
1985-03-06;5384;G
1985-03-07;5386;G
1985-03-08;5386;G
1985-03-09;5386;G
1985-03-10;5386;G
1985-03-11;5388;G
1985-03-12;5388;G
1985-03-13;5388;G
1985-03-14;5388;G
1985-03-15;5388;G
1985-03-16;5388;G
1985-03-17;5389;G
1985-03-18;5390;G
1985-03-19;5390;G
1985-03-20;5390;G
1985-03-21;5391;G
1985-03-22;5392;G
1985-03-23;5394;G
1985-03-24;5395;G
1985-03-25;5396;G
1985-03-26;5398;G
1985-03-27;5401;G
1985-03-28;5404;G
1985-03-29;5406;G
1985-03-30;5407;G
1985-03-31;5410;G
1985-04-01;5413;G
1985-04-02;5419;G
1985-04-03;5426;G
1985-04-04;5430;G
1985-04-05;5433;G
1985-04-06;5434;G
1985-04-07;5435;G
1985-04-08;5435;G
1985-04-09;5436;G
1985-04-10;5437;G
1985-04-11;5438;G
1985-04-12;5438;G
1985-04-13;5437;G
1985-04-14;5436;G
1985-04-15;5436;G
1985-04-16;5435;G
1985-04-17;5434;G
1985-04-18;5432;G
1985-04-19;5430;G
1985-04-20;5429;G
1985-04-21;5428;G
1985-04-22;5425;G
1985-04-23;5425;G
1985-04-24;5425;G
1985-04-25;5422;G
1985-04-26;5422;G
1985-04-27;5425;G
1985-04-28;5426;G
1985-04-29;5422;G
1985-04-30;5422;G
1985-05-01;5426;G
1985-05-02;5432;G
1985-05-03;5432;G
1985-05-04;5434;G
1985-05-05;5438;G
1985-05-06;5437;G
1985-05-07;5437;G
1985-05-08;5436;G
1985-05-09;5436;G
1985-05-10;5433;G
1985-05-11;5432;G
1985-05-12;5432;G
1985-05-13;5430;G
1985-05-14;5428;G
1985-05-15;5426;G
1985-05-16;5425;G
1985-05-17;5422;G
1985-05-18;5422;G
1985-05-19;5421;G
1985-05-20;5420;G
1985-05-21;5420;G
1985-05-22;5421;G
1985-05-23;5420;G
1985-05-24;5417;G
1985-05-25;5416;G
1985-05-26;5416;G
1985-05-27;5416;G
1985-05-28;5416;G
1985-05-29;5414;G
1985-05-30;5413;G
1985-05-31;5414;G
1985-06-01;5414;G
1985-06-02;5413;G
1985-06-03;5413;G
1985-06-04;5412;G
1985-06-05;5410;G
1985-06-06;5409;G
1985-06-07;5409;G
1985-06-08;5409;G
1985-06-09;5408;G
1985-06-10;5408;G
1985-06-11;5408;G
1985-06-12;5410;G
1985-06-13;5409;G
1985-06-14;5408;G
1985-06-15;5410;G
1985-06-16;5408;G
1985-06-17;5409;G
1985-06-18;5409;G
1985-06-19;5408;G
1985-06-20;5407;G
1985-06-21;5406;G
1985-06-22;5405;G
1985-06-23;5403;G
1985-06-24;5402;G
1985-06-25;5403;G
1985-06-26;5402;G
1985-06-27;5402;G
1985-06-28;5402;G
1985-06-29;5401;G
1985-06-30;5400;G
1985-07-01;5400;G
1985-07-02;5398;G
1985-07-03;5400;G
1985-07-04;5398;G
1985-07-05;5398;G
1985-07-06;5398;G
1985-07-07;5396;G
1985-07-08;5392;G
1985-07-09;5392;G
1985-07-10;5392;G
1985-07-11;5392;G
1985-07-12;5392;G
1985-07-13;5390;G
1985-07-14;5389;G
1985-07-15;5390;G
1985-07-16;5388;G
1985-07-17;5389;G
1985-07-18;5389;G
1985-07-19;5389;G
1985-07-20;5389;G
1985-07-21;5387;G
1985-07-22;5386;G
1985-07-23;5387;G
1985-07-24;5386;G
1985-07-25;5386;G
1985-07-26;5386;G
1985-07-27;5386;G
1985-07-28;5386;G
1985-07-29;5386;G
1985-07-30;5386;G
1985-07-31;5385;G
1985-08-01;5385;G
1985-08-02;5384;G
1985-08-03;5382;G
1985-08-04;5384;G
1985-08-05;5384;G
1985-08-06;5381;G
1985-08-07;5382;G
1985-08-08;5382;G
1985-08-09;5382;G
1985-08-10;5381;G
1985-08-11;5380;G
1985-08-12;5382;G
1985-08-13;5380;G
1985-08-14;5380;G
1985-08-15;5382;G
1985-08-16;5382;G
1985-08-17;5380;G
1985-08-18;5384;G
1985-08-19;5384;G
1985-08-20;5386;G
1985-08-21;5386;G
1985-08-22;5387;G
1985-08-23;5386;G
1985-08-24;5388;G
1985-08-25;5387;G
1985-08-26;5386;G
1985-08-27;5384;G
1985-08-28;5382;G
1985-08-29;5380;G
1985-08-30;5379;G
1985-08-31;5378;G
1985-09-01;5376;G
1985-09-02;5376;G
1985-09-03;5375;G
1985-09-04;5374;G
1985-09-05;5372;G
1985-09-06;5374;G
1985-09-07;5374;G
1985-09-08;5378;G
1985-09-09;5378;G
1985-09-10;5380;G
1985-09-11;5380;G
1985-09-12;5381;G
1985-09-13;5382;G
1985-09-14;5382;G
1985-09-15;5382;G
1985-09-16;5382;G
1985-09-17;5383;G
1985-09-18;5383;G
1985-09-19;5384;G
1985-09-20;5384;G
1985-09-21;5384;G
1985-09-22;5386;G
1985-09-23;5386;G
1985-09-24;5386;G
1985-09-25;5386;G
1985-09-26;5386;G
1985-09-27;5386;G
1985-09-28;5385;G
1985-09-29;5386;G
1985-09-30;5386;G
1985-10-01;5385;G
1985-10-02;5384;G
1985-10-03;5382;G
1985-10-04;5381;G
1985-10-05;5380;G
1985-10-06;5379;G
1985-10-07;5377;G
1985-10-08;5377;G
1985-10-09;5376;G
1985-10-10;5373;G
1985-10-11;5371;G
1985-10-12;5368;G
1985-10-13;5368;G
1985-10-14;5366;G
1985-10-15;5368;G
1985-10-16;5367;G
1985-10-17;5367;G
1985-10-18;5365;G
1985-10-19;5364;G
1985-10-20;5362;G
1985-10-21;5362;G
1985-10-22;5362;G
1985-10-23;5361;G
1985-10-24;5359;G
1985-10-25;5358;G
1985-10-26;5356;G
1985-10-27;5355;G
1985-10-28;5353;G
1985-10-29;5352;G
1985-10-30;5349;G
1985-10-31;5350;G
1985-11-01;5349;G
1985-11-02;5352;G
1985-11-03;5352;G
1985-11-04;5351;G
1985-11-05;5350;G
1985-11-06;5351;G
1985-11-07;5352;G
1985-11-08;5352;G
1985-11-09;5359;G
1985-11-10;5358;G
1985-11-11;5360;G
1985-11-12;5361;G
1985-11-13;5363;G
1985-11-14;5364;G
1985-11-15;5365;G
1985-11-16;5366;G
1985-11-17;5366;G
1985-11-18;5365;G
1985-11-19;5363;G
1985-11-20;5361;G
1985-11-21;5360;G
1985-11-22;5362;G
1985-11-23;5360;G
1985-11-24;5360;G
1985-11-25;5360;G
1985-11-26;5361;G
1985-11-27;5362;G
1985-11-28;5362;G
1985-11-29;5361;G
1985-11-30;5361;G
1985-12-01;5360;G
1985-12-02;5362;G
1985-12-03;5364;G
1985-12-04;5368;G
1985-12-05;5372;G
1985-12-06;5384;G
1985-12-07;5392;G
1985-12-08;5400;G
1985-12-09;5405;G
1985-12-10;5409;G
1985-12-11;5413;G
1985-12-12;5418;G
1985-12-13;5420;G
1985-12-14;5424;G
1985-12-15;5428;G
1985-12-16;5430;G
1985-12-17;5434;G
1985-12-18;5437;G
1985-12-19;5437;G
1985-12-20;5438;G
1985-12-21;5440;G
1985-12-22;5442;G
1985-12-23;5441;G
1985-12-24;5441;G
1985-12-25;5440;G
1985-12-26;5441;G
1985-12-27;5441;G
1985-12-28;5439;G
1985-12-29;5438;G
1985-12-30;5438;G
1985-12-31;5436;G
1986-01-01;5434;G
1986-01-02;5433;G
1986-01-03;5432;G
1986-01-04;5430;G
1986-01-05;5428;G
1986-01-06;5427;G
1986-01-07;5425;G
1986-01-08;5425;G
1986-01-09;5424;G
1986-01-10;5422;G
1986-01-11;5423;G
1986-01-12;5422;G
1986-01-13;5422;G
1986-01-14;5425;G
1986-01-15;5426;G
1986-01-16;5424;G
1986-01-17;5424;G
1986-01-18;5424;G
1986-01-19;5425;G
1986-01-20;5426;G
1986-01-21;5426;G
1986-01-22;5433;G
1986-01-23;5438;G
1986-01-24;5442;G
1986-01-25;5444;G
1986-01-26;5444;G
1986-01-27;5443;G
1986-01-28;5442;G
1986-01-29;5441;G
1986-01-30;5438;G
1986-01-31;5437;G
1986-02-01;5436;G
1986-02-02;5436;G
1986-02-03;5435;G
1986-02-04;5430;G
1986-02-05;5430;G
1986-02-06;5427;G
1986-02-07;5424;G
1986-02-08;5424;G
1986-02-09;5423;G
1986-02-10;5421;G
1986-02-11;5422;G
1986-02-12;5421;G
1986-02-13;5418;G
1986-02-14;5418;G
1986-02-15;5414;G
1986-02-16;5414;G
1986-02-17;5413;G
1986-02-18;5412;G
1986-02-19;5412;G
1986-02-20;5410;G
1986-02-21;5408;G
1986-02-22;5405;G
1986-02-23;5402;G
1986-02-24;5401;G
1986-02-25;5400;G
1986-02-26;5400;G
1986-02-27;5400;G
1986-02-28;5399;G
1986-03-01;5400;G
1986-03-02;5400;G
1986-03-03;5398;G
1986-03-04;5398;G
1986-03-05;5398;G
1986-03-06;5398;G
1986-03-07;5401;G
1986-03-08;5400;G
1986-03-09;5400;G
1986-03-10;5401;G
1986-03-11;5402;G
1986-03-12;5404;G
1986-03-13;5400;G
1986-03-14;5400;G
1986-03-15;5400;G
1986-03-16;5400;G
1986-03-17;5400;G
1986-03-18;5400;G
1986-03-19;5401;G
1986-03-20;5402;G
1986-03-21;5402;G
1986-03-22;5402;G
1986-03-23;5406;G
1986-03-24;5410;G
1986-03-25;5414;G
1986-03-26;5418;G
1986-03-27;5422;G
1986-03-28;5424;G
1986-03-29;5427;G
1986-03-30;5429;G
1986-03-31;5431;G
1986-04-01;5431;G
1986-04-02;5431;G
1986-04-03;5430;G
1986-04-04;5429;G
1986-04-05;5429;G
1986-04-06;5427;G
1986-04-07;5427;G
1986-04-08;5426;G
1986-04-09;5424;G
1986-04-10;5423;G
1986-04-11;5423;G
1986-04-12;5423;G
1986-04-13;5422;G
1986-04-14;5421;G
1986-04-15;5420;G
1986-04-16;5423;G
1986-04-17;5422;G
1986-04-18;5420;G
1986-04-19;5420;G
1986-04-20;5420;G
1986-04-21;5421;G
1986-04-22;5424;G
1986-04-23;5423;G
1986-04-24;5421;G
1986-04-25;5421;G
1986-04-26;5422;G
1986-04-27;5423;G
1986-04-28;5424;G
1986-04-29;5424;G
1986-04-30;5424;G
1986-05-01;5423;G
1986-05-02;5422;G
1986-05-03;5422;G
1986-05-04;5421;G
1986-05-05;5421;G
1986-05-06;5420;G
1986-05-07;5420;G
1986-05-08;5417;G
1986-05-09;5417;G
1986-05-10;5418;G
1986-05-11;5418;G
1986-05-12;5418;G
1986-05-13;5419;G
1986-05-14;5420;G
1986-05-15;5421;G
1986-05-16;5421;G
1986-05-17;5417;G
1986-05-18;5416;G
1986-05-19;5414;G
1986-05-20;5416;G
1986-05-21;5418;G
1986-05-22;5414;G
1986-05-23;5416;G
1986-05-24;5417;G
1986-05-25;5417;G
1986-05-26;5418;G
1986-05-27;5418;G
1986-05-28;5418;G
1986-05-29;5417;G
1986-05-30;5417;G
1986-05-31;5416;G
1986-06-01;5416;G
1986-06-02;5416;G
1986-06-03;5414;G
1986-06-04;5416;G
1986-06-05;5414;G
1986-06-06;5414;G
1986-06-07;5414;G
1986-06-08;5413;G
1986-06-09;5414;G
1986-06-10;5414;G
1986-06-11;5414;G
1986-06-12;5412;G
1986-06-13;5412;G
1986-06-14;5410;G
1986-06-15;5409;G
1986-06-16;5409;G
1986-06-17;5408;G
1986-06-18;5407;G
1986-06-19;5405;G
1986-06-20;5405;G
1986-06-21;5404;G
1986-06-22;5404;G
1986-06-23;5404;G
1986-06-24;5403;G
1986-06-25;5403;G
1986-06-26;5400;G
1986-06-27;5398;G
1986-06-28;5398;G
1986-06-29;5398;G
1986-06-30;5398;G
1986-07-01;5397;G
1986-07-02;5397;G
1986-07-03;5396;G
1986-07-04;5396;G
1986-07-05;5394;G
1986-07-06;5395;G
1986-07-07;5392;G
1986-07-08;5392;G
1986-07-09;5390;G
1986-07-10;5389;G
1986-07-11;5388;G
1986-07-12;5388;G
1986-07-13;5387;G
1986-07-14;5387;G
1986-07-15;5387;G
1986-07-16;5386;G
1986-07-17;5386;G
1986-07-18;5384;G
1986-07-19;5383;G
1986-07-20;5384;G
1986-07-21;5383;G
1986-07-22;5382;G
1986-07-23;5382;G
1986-07-24;5383;G
1986-07-25;5384;G
1986-07-26;5384;G
1986-07-27;5384;G
1986-07-28;5384;G
1986-07-29;5384;G
1986-07-30;5382;G
1986-07-31;5383;G
1986-08-01;5382;G
1986-08-02;5382;G
1986-08-03;5382;G
1986-08-04;5382;G
1986-08-05;5379;G
1986-08-06;5379;G
1986-08-07;5379;G
1986-08-08;5377;G
1986-08-09;5376;G
1986-08-10;5376;G
1986-08-11;5375;G
1986-08-12;5375;G
1986-08-13;5374;G
1986-08-14;5374;G
1986-08-15;5375;G
1986-08-16;5374;G
1986-08-17;5374;G
1986-08-18;5372;G
1986-08-19;5371;G
1986-08-20;5371;G
1986-08-21;5368;G
1986-08-22;5369;G
1986-08-23;5369;G
1986-08-24;5368;G
1986-08-25;5367;G
1986-08-26;5367;G
1986-08-27;5368;G
1986-08-28;5368;G
1986-08-29;5368;G
1986-08-30;5367;G
1986-08-31;5367;G
1986-09-01;5364;G
1986-09-02;5366;G
1986-09-03;5365;G
1986-09-04;5365;G
1986-09-05;5364;G
1986-09-06;5363;G
1986-09-07;5362;G
1986-09-08;5363;G
1986-09-09;5363;G
1986-09-10;5363;G
1986-09-11;5362;G
1986-09-12;5362;G
1986-09-13;5362;G
1986-09-14;5362;G
1986-09-15;5362;G
1986-09-16;5362;G
1986-09-17;5361;G
1986-09-18;5361;G
1986-09-19;5361;G
1986-09-20;5360;G
1986-09-21;5360;G
1986-09-22;5359;G
1986-09-23;5359;G
1986-09-24;5359;G
1986-09-25;5359;G
1986-09-26;5358;G
1986-09-27;5357;G
1986-09-28;5357;G
1986-09-29;5353;G
1986-09-30;5355;G
1986-10-01;5355;G
1986-10-02;5355;G
1986-10-03;5355;G
1986-10-04;5354;G
1986-10-05;5353;G
1986-10-06;5352;G
1986-10-07;5350;G
1986-10-08;5350;G
1986-10-09;5352;G
1986-10-10;5351;G
1986-10-11;5352;G
1986-10-12;5352;G
1986-10-13;5351;G
1986-10-14;5351;G
1986-10-15;5351;G
1986-10-16;5350;G
1986-10-17;5349;G
1986-10-18;5348;G
1986-10-19;5351;G
1986-10-20;5349;G
1986-10-21;5349;G
1986-10-22;5351;G
1986-10-23;5351;G
1986-10-24;5350;G
1986-10-25;5352;G
1986-10-26;5352;G
1986-10-27;5351;G
1986-10-28;5352;G
1986-10-29;5351;G
1986-10-30;5351;G
1986-10-31;5352;G
1986-11-01;5351;G
1986-11-02;5351;G
1986-11-03;5350;G
1986-11-04;5350;G
1986-11-05;5351;G
1986-11-06;5350;G
1986-11-07;5351;G
1986-11-08;5354;G
1986-11-09;5354;G
1986-11-10;5357;G
1986-11-11;5356;G
1986-11-12;5354;G
1986-11-13;5357;G
1986-11-14;5358;G
1986-11-15;5356;G
1986-11-16;5355;G
1986-11-17;5355;G
1986-11-18;5353;G
1986-11-19;5354;G
1986-11-20;5355;G
1986-11-21;5358;G
1986-11-22;5362;G
1986-11-23;5363;G
1986-11-24;5365;G
1986-11-25;5365;G
1986-11-26;5366;G
1986-11-27;5366;G
1986-11-28;5367;G
1986-11-29;5367;G
1986-11-30;5367;G
1986-12-01;5366;G
1986-12-02;5362;G
1986-12-03;5362;G
1986-12-04;5362;G
1986-12-05;5367;G
1986-12-06;5368;G
1986-12-07;5371;G
1986-12-08;5375;G
1986-12-09;5375;G
1986-12-10;5375;G
1986-12-11;5376;G
1986-12-12;5374;G
1986-12-13;5372;G
1986-12-14;5372;G
1986-12-15;5370;G
1986-12-16;5371;G
1986-12-17;5369;G
1986-12-18;5370;G
1986-12-19;5374;G
1986-12-20;5378;G
1986-12-21;5381;G
1986-12-22;5382;G
1986-12-23;5383;G
1986-12-24;5383;G
1986-12-25;5383;G
1986-12-26;5383;G
1986-12-27;5381;G
1986-12-28;5381;G
1986-12-29;5380;G
1986-12-30;5380;G
1986-12-31;5381;G
1987-01-01;5382;G
1987-01-02;5381;G
1987-01-03;5379;G
1987-01-04;5376;G
1987-01-05;5375;G
1987-01-06;5372;G
1987-01-07;5372;G
1987-01-08;5367;G
1987-01-09;5367;G
1987-01-10;5367;G
1987-01-11;5366;G
1987-01-12;5366;G
1987-01-13;5365;G
1987-01-14;5368;G
1987-01-15;5369;G
1987-01-16;5370;G
1987-01-17;5369;G
1987-01-18;5368;G
1987-01-19;5368;G
1987-01-20;5367;G
1987-01-21;5366;G
1987-01-22;5364;G
1987-01-23;5363;G
1987-01-24;5363;G
1987-01-25;5362;G
1987-01-26;5362;G
1987-01-27;5358;G
1987-01-28;5362;G
1987-01-29;5364;G
1987-01-30;5364;G
1987-01-31;5363;G
1987-02-01;5363;G
1987-02-02;5364;G
1987-02-03;5365;G
1987-02-04;5365;G
1987-02-05;5364;G
1987-02-06;5365;G
1987-02-07;5372;G
1987-02-08;5376;G
1987-02-09;5378;G
1987-02-10;5380;G
1987-02-11;5383;G
1987-02-12;5386;G
1987-02-13;5388;G
1987-02-14;5390;G
1987-02-15;5391;G
1987-02-16;5392;G
1987-02-17;5393;G
1987-02-18;5394;G
1987-02-19;5395;G
1987-02-20;5396;G
1987-02-21;5395;G
1987-02-22;5395;G
1987-02-23;5396;G
1987-02-24;5396;G
1987-02-25;5396;G
1987-02-26;5396;G
1987-02-27;5396;G
1987-02-28;5395;G
1987-03-01;5394;G
1987-03-02;5393;G
1987-03-03;5391;G
1987-03-04;5392;G
1987-03-05;5390;G
1987-03-06;5392;G
1987-03-07;5392;G
1987-03-08;5391;G
1987-03-09;5391;G
1987-03-10;5392;G
1987-03-11;5391;G
1987-03-12;5391;G
1987-03-13;5391;G
1987-03-14;5390;G
1987-03-15;5390;G
1987-03-16;5390;G
1987-03-17;5391;G
1987-03-18;5391;G
1987-03-19;5392;G
1987-03-20;5392;G
1987-03-21;5392;G
1987-03-22;5392;G
1987-03-23;5392;G
1987-03-24;5392;G
1987-03-25;5392;G
1987-03-26;5395;G
1987-03-27;5393;G
1987-03-28;5399;G
1987-03-29;5405;G
1987-03-30;5410;G
1987-03-31;5415;G
1987-04-01;5418;G
1987-04-02;5422;G
1987-04-03;5423;G
1987-04-04;5422;G
1987-04-05;5422;G
1987-04-06;5422;G
1987-04-07;5422;G
1987-04-08;5422;G
1987-04-09;5424;G
1987-04-10;5424;G
1987-04-11;5425;G
1987-04-12;5424;G
1987-04-13;5426;G
1987-04-14;5425;G
1987-04-15;5425;G
1987-04-16;5424;G
1987-04-17;5422;G
1987-04-18;5424;G
1987-04-19;5424;G
1987-04-20;5424;G
1987-04-21;5425;G
1987-04-22;5425;G
1987-04-23;5426;G
1987-04-24;5425;G
1987-04-25;5425;G
1987-04-26;5424;G
1987-04-27;5424;G
1987-04-28;5423;G
1987-04-29;5422;G
1987-04-30;5422;G
1987-05-01;5421;G
1987-05-02;5419;G
1987-05-03;5420;G
1987-05-04;5420;G
1987-05-05;5419;G
1987-05-06;5419;G
1987-05-07;5420;G
1987-05-08;5419;G
1987-05-09;5419;G
1987-05-10;5419;G
1987-05-11;5421;G
1987-05-12;5422;G
1987-05-13;5419;G
1987-05-14;5419;G
1987-05-15;5420;G
1987-05-16;5422;G
1987-05-17;5418;G
1987-05-18;5419;G
1987-05-19;5418;G
1987-05-20;5419;G
1987-05-21;5419;G
1987-05-22;5418;G
1987-05-23;5418;G
1987-05-24;5419;G
1987-05-25;5418;G
1987-05-26;5419;G
1987-05-27;5418;G
1987-05-28;5417;G
1987-05-29;5416;G
1987-05-30;5415;G
1987-05-31;5415;G
1987-06-01;5414;G
1987-06-02;5412;G
1987-06-03;5412;G
1987-06-04;5412;G
1987-06-05;5412;G
1987-06-06;5412;G
1987-06-07;5412;G
1987-06-08;5411;G
1987-06-09;5408;G
1987-06-10;5408;G
1987-06-11;5409;G
1987-06-12;5407;G
1987-06-13;5408;G
1987-06-14;5408;G
1987-06-15;5406;G
1987-06-16;5406;G
1987-06-17;5406;G
1987-06-18;5411;G
1987-06-19;5412;G
1987-06-20;5413;G
1987-06-21;5411;G
1987-06-22;5408;G
1987-06-23;5410;G
1987-06-24;5410;G
1987-06-25;5409;G
1987-06-26;5408;G
1987-06-27;5408;G
1987-06-28;5407;G
1987-06-29;5407;G
1987-06-30;5407;G
1987-07-01;5406;G
1987-07-02;5406;G
1987-07-03;5407;G
1987-07-04;5405;G
1987-07-05;5404;G
1987-07-06;5402;G
1987-07-07;5403;G
1987-07-08;5402;G
1987-07-09;5398;G
1987-07-10;5398;G
1987-07-11;5397;G
1987-07-12;5396;G
1987-07-13;5395;G
1987-07-14;5395;G
1987-07-15;5395;G
1987-07-16;5394;G
1987-07-17;5394;G
1987-07-18;5396;G
1987-07-19;5395;G
1987-07-20;5394;G
1987-07-21;5398;G
1987-07-22;5399;G
1987-07-23;5398;G
1987-07-24;5396;G
1987-07-25;5395;G
1987-07-26;5396;G
1987-07-27;5396;G
1987-07-28;5396;G
1987-07-29;5396;G
1987-07-30;5395;G
1987-07-31;5394;G
1987-08-01;5395;G
1987-08-02;5395;G
1987-08-03;5396;G
1987-08-04;5396;G
1987-08-05;5394;G
1987-08-06;5396;G
1987-08-07;5397;G
1987-08-08;5395;G
1987-08-09;5395;G
1987-08-10;5395;G
1987-08-11;5395;G
1987-08-12;5395;G
1987-08-13;5395;G
1987-08-14;5395;G
1987-08-15;5394;G
1987-08-16;5394;G
1987-08-17;5395;G
1987-08-18;5394;G
1987-08-19;5394;G
1987-08-20;5393;G
1987-08-21;5393;G
1987-08-22;5393;G
1987-08-23;5392;G
1987-08-24;5391;G
1987-08-25;5393;G
1987-08-26;5392;G
1987-08-27;5391;G
1987-08-28;5389;G
1987-08-29;5383;G
1987-08-30;5387;G
1987-08-31;5386;G
1987-09-01;5386;G
1987-09-02;5385;G
1987-09-03;5384;G
1987-09-04;5382;G
1987-09-05;5382;G
1987-09-06;5382;G
1987-09-07;5382;G
1987-09-08;5380;G
1987-09-09;5380;G
1987-09-10;5380;G
1987-09-11;5380;G
1987-09-12;5380;G
1987-09-13;5383;G
1987-09-14;5384;G
1987-09-15;5386;G
1987-09-16;5386;G
1987-09-17;5386;G
1987-09-18;5388;G
1987-09-19;5385;G
1987-09-20;5384;G
1987-09-21;5384;G
1987-09-22;5384;G
1987-09-23;5384;G
1987-09-24;5386;G
1987-09-25;5386;G
1987-09-26;5386;G
1987-09-27;5384;G
1987-09-28;5386;G
1987-09-29;5386;G
1987-09-30;5385;G
1987-10-01;5384;G
1987-10-02;5383;G
1987-10-03;5381;G
1987-10-04;5379;G
1987-10-05;5378;G
1987-10-06;5376;G
1987-10-07;5374;G
1987-10-08;5376;G
1987-10-09;5372;G
1987-10-10;5373;G
1987-10-11;5370;G
1987-10-12;5368;G
1987-10-13;5367;G
1987-10-14;5366;G
1987-10-15;5367;G
1987-10-16;5368;G
1987-10-17;5367;G
1987-10-18;5366;G
1987-10-19;5362;G
1987-10-20;5362;G
1987-10-21;5363;G
1987-10-22;5364;G
1987-10-23;5363;G
1987-10-24;5362;G
1987-10-25;5362;G
1987-10-26;5364;G
1987-10-27;5364;G
1987-10-28;5364;G
1987-10-29;5361;G
1987-10-30;5358;G
1987-10-31;5358;G
1987-11-01;5358;G
1987-11-02;5358;G
1987-11-03;5356;G
1987-11-04;5355;G
1987-11-05;5355;G
1987-11-06;5350;G
1987-11-07;5352;G
1987-11-08;5352;G
1987-11-09;5352;G
1987-11-10;5352;G
1987-11-11;5352;G
1987-11-12;5352;G
1987-11-13;5356;G
1987-11-14;5359;G
1987-11-15;5362;G
1987-11-16;5362;G
1987-11-17;5363;G
1987-11-18;5364;G
1987-11-19;5366;G
1987-11-20;5364;G
1987-11-21;5364;G
1987-11-22;5364;G
1987-11-23;5369;G
1987-11-24;5371;G
1987-11-25;5372;G
1987-11-26;5373;G
1987-11-27;5376;G
1987-11-28;5376;G
1987-11-29;5376;G
1987-11-30;5379;G
1987-12-01;5380;G
1987-12-02;5380;G
1987-12-03;5380;G
1987-12-04;5378;G
1987-12-05;5378;G
1987-12-06;5376;G
1987-12-07;5375;G
1987-12-08;5374;G
1987-12-09;5372;G
1987-12-10;5372;G
1987-12-11;5368;G
1987-12-12;5370;G
1987-12-13;5368;G
1987-12-14;5366;G
1987-12-15;5364;G
1987-12-16;5362;G
1987-12-17;5363;G
1987-12-18;5363;G
1987-12-19;5364;G
1987-12-20;5366;G
1987-12-21;5363;G
1987-12-22;5377;G
1987-12-23;5378;G
1987-12-24;5381;G
1987-12-25;5382;G
1987-12-26;5383;G
1987-12-27;5384;G
1987-12-28;5386;G
1987-12-29;5389;G
1987-12-30;5391;G
1987-12-31;5393;G
1988-01-01;5398;G
1988-01-02;5400;G
1988-01-03;5406;G
1988-01-04;5411;G
1988-01-05;5416;G
1988-01-06;5418;G
1988-01-07;5424;G
1988-01-08;5427;G
1988-01-09;5429;G
1988-01-10;5430;G
1988-01-11;5432;G
1988-01-12;5434;G
1988-01-13;5436;G
1988-01-14;5438;G
1988-01-15;5438;G
1988-01-16;5438;G
1988-01-17;5436;G
1988-01-18;5436;G
1988-01-19;5436;G
1988-01-20;5434;G
1988-01-21;5433;G
1988-01-22;5432;G
1988-01-23;5430;G
1988-01-24;5430;G
1988-01-25;5430;G
1988-01-26;5430;G
1988-01-27;5430;G
1988-01-28;5430;G
1988-01-29;5430;G
1988-01-30;5430;G
1988-01-31;5430;G
1988-02-01;5431;G
1988-02-02;5432;G
1988-02-03;5436;G
1988-02-04;5440;G
1988-02-05;5442;G
1988-02-06;5442;G
1988-02-07;5445;G
1988-02-08;5445;G
1988-02-09;5444;G
1988-02-10;5445;G
1988-02-11;5446;G
1988-02-12;5446;G
1988-02-13;5445;G
1988-02-14;5444;G
1988-02-15;5443;G
1988-02-16;5442;G
1988-02-17;5441;G
1988-02-18;5439;G
1988-02-19;5439;G
1988-02-20;5438;G
1988-02-21;5437;G
1988-02-22;5436;G
1988-02-23;5436;G
1988-02-24;5436;G
1988-02-25;5436;G
1988-02-26;5436;G
1988-02-27;5436;G
1988-02-28;5435;G
1988-02-29;5434;G
1988-03-01;5433;G
1988-03-02;5433;G
1988-03-03;5431;G
1988-03-04;5431;G
1988-03-05;5431;G
1988-03-06;5430;G
1988-03-07;5428;G
1988-03-08;5432;G
1988-03-09;5427;G
1988-03-10;5426;G
1988-03-11;5426;G
1988-03-12;5424;G
1988-03-13;5425;G
1988-03-14;5425;G
1988-03-15;5426;G
1988-03-16;5425;G
1988-03-17;5426;G
1988-03-18;5426;G
1988-03-19;5426;G
1988-03-20;5424;G
1988-03-21;5425;G
1988-03-22;5423;G
1988-03-23;5424;G
1988-03-24;5424;G
1988-03-25;5424;G
1988-03-26;5426;G
1988-03-27;5429;G
1988-03-28;5432;G
1988-03-29;5434;G
1988-03-30;5434;G
1988-03-31;5436;G
1988-04-01;5437;G
1988-04-02;5438;G
1988-04-03;5439;G
1988-04-04;5439;G
1988-04-05;5439;G
1988-04-06;5438;G
1988-04-07;5438;G
1988-04-08;5436;G
1988-04-09;5434;G
1988-04-10;5432;G
1988-04-11;5431;G
1988-04-12;5432;G
1988-04-13;5431;G
1988-04-14;5431;G
1988-04-15;5428;G
1988-04-16;5428;G
1988-04-17;5426;G
1988-04-18;5424;G
1988-04-19;5426;G
1988-04-20;5424;G
1988-04-21;5422;G
1988-04-22;5422;G
1988-04-23;5422;G
1988-04-24;5422;G
1988-04-25;5421;G
1988-04-26;5421;G
1988-04-27;5419;G
1988-04-28;5419;G
1988-04-29;5422;G
1988-04-30;5419;G
1988-05-01;5418;G
1988-05-02;5419;G
1988-05-03;5419;G
1988-05-04;5420;G
1988-05-05;5421;G
1988-05-06;5420;G
1988-05-07;5419;G
1988-05-08;5419;G
1988-05-09;5420;G
1988-05-10;5419;G
1988-05-11;5419;G
1988-05-12;5418;G
1988-05-13;5418;G
1988-05-14;5418;G
1988-05-15;5418;G
1988-05-16;5416;G
1988-05-17;5416;G
1988-05-18;5415;G
1988-05-19;5415;G
1988-05-20;5415;G
1988-05-21;5414;G
1988-05-22;5414;G
1988-05-23;5415;G
1988-05-24;5414;G
1988-05-25;5414;G
1988-05-26;5414;G
1988-05-27;5415;G
1988-05-28;5414;G
1988-05-29;5412;G
1988-05-30;5412;G
1988-05-31;5412;G
1988-06-01;5412;G
1988-06-02;5411;G
1988-06-03;5411;G
1988-06-04;5410;G
1988-06-05;5410;G
1988-06-06;5410;G
1988-06-07;5410;G
1988-06-08;5409;G
1988-06-09;5409;G
1988-06-10;5409;G
1988-06-11;5408;G
1988-06-12;5407;G
1988-06-13;5407;G
1988-06-14;5406;G
1988-06-15;5405;G
1988-06-16;5405;G
1988-06-17;5404;G
1988-06-18;5402;G
1988-06-19;5402;G
1988-06-20;5401;G
1988-06-21;5401;G
1988-06-22;5401;G
1988-06-23;5401;G
1988-06-24;5401;G
1988-06-25;5400;G
1988-06-26;5401;G
1988-06-27;5400;G
1988-06-28;5399;G
1988-06-29;5398;G
1988-06-30;5397;G
1988-07-01;5396;G
1988-07-02;5396;G
1988-07-03;5396;G
1988-07-04;5396;G
1988-07-05;5395;G
1988-07-06;5398;G
1988-07-07;5398;G
1988-07-08;5396;G
1988-07-09;5396;G
1988-07-10;5396;G
1988-07-11;5395;G
1988-07-12;5395;G
1988-07-13;5392;G
1988-07-14;5392;G
1988-07-15;5392;G
1988-07-16;5392;G
1988-07-17;5391;G
1988-07-18;5391;G
1988-07-19;5391;G
1988-07-20;5391;G
1988-07-21;5391;G
1988-07-22;5392;G
1988-07-23;5391;G
1988-07-24;5391;G
1988-07-25;5390;G
1988-07-26;5390;G
1988-07-27;5388;G
1988-07-28;5390;G
1988-07-29;5391;G
1988-07-30;5388;G
1988-07-31;5388;G
1988-08-01;5386;G
1988-08-02;5386;G
1988-08-03;5386;G
1988-08-04;5385;G
1988-08-05;5385;G
1988-08-06;5384;G
1988-08-07;5384;G
1988-08-08;5385;G
1988-08-09;5386;G
1988-08-10;5382;G
1988-08-11;5382;G
1988-08-12;5382;G
1988-08-13;5382;G
1988-08-14;5381;G
1988-08-15;5381;G
1988-08-16;5379;G
1988-08-17;5377;G
1988-08-18;5378;G
1988-08-19;5378;G
1988-08-20;5378;G
1988-08-21;5378;G
1988-08-22;5377;G
1988-08-23;5376;G
1988-08-24;5377;G
1988-08-25;5377;G
1988-08-26;5376;G
1988-08-27;5376;G
1988-08-28;5376;G
1988-08-29;5374;G
1988-08-30;5374;G
1988-08-31;5374;G
1988-09-01;5374;G
1988-09-02;5374;G
1988-09-03;5373;G
1988-09-04;5376;G
1988-09-05;5374;G
1988-09-06;5374;G
1988-09-07;5374;G
1988-09-08;5370;G
1988-09-09;5370;G
1988-09-10;5372;G
1988-09-11;5371;G
1988-09-12;5369;G
1988-09-13;5369;G
1988-09-14;5368;G
1988-09-15;5368;G
1988-09-16;5368;G
1988-09-17;5368;G
1988-09-18;5366;G
1988-09-19;5362;G
1988-09-20;5362;G
1988-09-21;5365;G
1988-09-22;5367;G
1988-09-23;5365;G
1988-09-24;5365;G
1988-09-25;5364;G
1988-09-26;5362;G
1988-09-27;5364;G
1988-09-28;5367;G
1988-09-29;5368;G
1988-09-30;5371;G
1988-10-01;5372;G
1988-10-02;5372;G
1988-10-03;5372;G
1988-10-04;5369;G
1988-10-05;5367;G
1988-10-06;5366;G
1988-10-07;5366;G
1988-10-08;5367;G
1988-10-09;5367;G
1988-10-10;5375;G
1988-10-11;5380;G
1988-10-12;5384;G
1988-10-13;5388;G
1988-10-14;5387;G
1988-10-15;5388;G
1988-10-16;5388;G
1988-10-17;5390;G
1988-10-18;5391;G
1988-10-19;5391;G
1988-10-20;5392;G
1988-10-21;5390;G
1988-10-22;5390;G
1988-10-23;5389;G
1988-10-24;5389;G
1988-10-25;5388;G
1988-10-26;5386;G
1988-10-27;5385;G
1988-10-28;5383;G
1988-10-29;5382;G
1988-10-30;5382;G
1988-10-31;5381;G
1988-11-01;5380;G
1988-11-02;5379;G
1988-11-03;5379;G
1988-11-04;5379;G
1988-11-05;5381;G
1988-11-06;5382;G
1988-11-07;5381;G
1988-11-08;5381;G
1988-11-09;5381;G
1988-11-10;5380;G
1988-11-11;5380;G
1988-11-12;5378;G
1988-11-13;5376;G
1988-11-14;5374;G
1988-11-15;5372;G
1988-11-16;5370;G
1988-11-17;5367;G
1988-11-18;5366;G
1988-11-19;5364;G
1988-11-20;5364;G
1988-11-21;5362;G
1988-11-22;5361;G
1988-11-23;5360;G
1988-11-24;5358;G
1988-11-25;5364;G
1988-11-26;5364;G
1988-11-27;5364;G
1988-11-28;5362;G
1988-11-29;5364;G
1988-11-30;5364;G
1988-12-01;5364;G
1988-12-02;5366;G
1988-12-03;5372;G
1988-12-04;5373;G
1988-12-05;5372;G
1988-12-06;5372;G
1988-12-07;5372;G
1988-12-08;5374;G
1988-12-09;5375;G
1988-12-10;5378;G
1988-12-11;5376;G
1988-12-12;5379;G
1988-12-13;5384;G
1988-12-14;5384;G
1988-12-15;5385;G
1988-12-16;5386;G
1988-12-17;5387;G
1988-12-18;5386;G
1988-12-19;5387;G
1988-12-20;5390;G
1988-12-21;5392;G
1988-12-22;5394;G
1988-12-23;5395;G
1988-12-24;5398;G
1988-12-25;5402;G
1988-12-26;5405;G
1988-12-27;5408;G
1988-12-28;5410;G
1988-12-29;5412;G
1988-12-30;5413;G
1988-12-31;5413;G
1989-01-01;5415;G
1989-01-02;5416;G
1989-01-03;5416;G
1989-01-04;5415;G
1989-01-05;5414;G
1989-01-06;5413;G
1989-01-07;5412;G
1989-01-08;5412;G
1989-01-09;5410;G
1989-01-10;5410;G
1989-01-11;5409;G
1989-01-12;5408;G
1989-01-13;5406;G
1989-01-14;5406;G
1989-01-15;5405;G
1989-01-16;5404;G
1989-01-17;5403;G
1989-01-18;5402;G
1989-01-19;5404;G
1989-01-20;5403;G
1989-01-21;5402;G
1989-01-22;5402;G
1989-01-23;5400;G
1989-01-24;5398;G
1989-01-25;5396;G
1989-01-26;5394;G
1989-01-27;5392;G
1989-01-28;5390;G
1989-01-29;5388;G
1989-01-30;5386;G
1989-01-31;5386;G
1989-02-01;5385;G
1989-02-02;5383;G
1989-02-03;5383;G
1989-02-04;5388;G
1989-02-05;5386;G
1989-02-06;5387;G
1989-02-07;5387;G
1989-02-08;5386;G
1989-02-09;5386;G
1989-02-10;5388;G
1989-02-11;5389;G
1989-02-12;5390;G
1989-02-13;5388;G
1989-02-14;5390;G
1989-02-15;5390;G
1989-02-16;5392;G
1989-02-17;5392;G
1989-02-18;5396;G
1989-02-19;5396;G
1989-02-20;5396;G
1989-02-21;5397;G
1989-02-22;5397;G
1989-02-23;5399;G
1989-02-24;5400;G
1989-02-25;5402;G
1989-02-26;5399;G
1989-02-27;5400;G
1989-02-28;5402;G
1989-03-01;5404;G
1989-03-02;5405;G
1989-03-03;5406;G
1989-03-04;5406;G
1989-03-05;5406;G
1989-03-06;5406;G
1989-03-07;5405;G
1989-03-08;5406;G
1989-03-09;5406;G
1989-03-10;5406;G
1989-03-11;5406;G
1989-03-12;5406;G
1989-03-13;5408;G
1989-03-14;5405;G
1989-03-15;5408;G
1989-03-16;5408;G
1989-03-17;5404;G
1989-03-18;5414;G
1989-03-19;5415;G
1989-03-20;5416;G
1989-03-21;5416;G
1989-03-22;5417;G
1989-03-23;5418;G
1989-03-24;5421;G
1989-03-25;5423;G
1989-03-26;5423;G
1989-03-27;5427;G
1989-03-28;5426;G
1989-03-29;5423;G
1989-03-30;5424;G
1989-03-31;5425;G
1989-04-01;5424;G
1989-04-02;5425;G
1989-04-03;5422;G
1989-04-04;5422;G
1989-04-05;5422;G
1989-04-06;5422;G
1989-04-07;5421;G
1989-04-08;5419;G
1989-04-09;5419;G
1989-04-10;5418;G
1989-04-11;5422;G
1989-04-12;5418;G
1989-04-13;5420;G
1989-04-14;5420;G
1989-04-15;5418;G
1989-04-16;5418;G
1989-04-17;5417;G
1989-04-18;5418;G
1989-04-19;5418;G
1989-04-20;5419;G
1989-04-21;5420;G
1989-04-22;5420;G
1989-04-23;5418;G
1989-04-24;5418;G
1989-04-25;5419;G
1989-04-26;5419;G
1989-04-27;5420;G
1989-04-28;5420;G
1989-04-29;5418;G
1989-04-30;5418;G
1989-05-01;5419;G
1989-05-02;5419;G
1989-05-03;5418;G
1989-05-04;5419;G
1989-05-05;5418;G
1989-05-06;5417;G
1989-05-07;5418;G
1989-05-08;5418;G
1989-05-09;5418;G
1989-05-10;5418;G
1989-05-11;5418;G
1989-05-12;5419;G
1989-05-13;5419;G
1989-05-14;5418;G
1989-05-15;5419;G
1989-05-16;5418;G
1989-05-17;5416;G
1989-05-18;5416;G
1989-05-19;5416;G
1989-05-20;5416;G
1989-05-21;5416;G
1989-05-22;5415;G
1989-05-23;5413;G
1989-05-24;5413;G
1989-05-25;5413;G
1989-05-26;5412;G
1989-05-27;5412;G
1989-05-28;5411;G
1989-05-29;5408;G
1989-05-30;5408;G
1989-05-31;5408;G
1989-06-01;5407;G
1989-06-02;5406;G
1989-06-03;5406;G
1989-06-04;5406;G
1989-06-05;5406;G
1989-06-06;5406;G
1989-06-07;5406;G
1989-06-08;5406;G
1989-06-09;5406;G
1989-06-10;5405;G
1989-06-11;5404;G
1989-06-12;5404;G
1989-06-13;5404;G
1989-06-14;5403;G
1989-06-15;5402;G
1989-06-16;5400;G
1989-06-17;5400;G
1989-06-18;5399;G
1989-06-19;5399;G
1989-06-20;5398;G
1989-06-21;5397;G
1989-06-22;5397;G
1989-06-23;5396;G
1989-06-24;5394;G
1989-06-25;5393;G
1989-06-26;5393;G
1989-06-27;5392;G
1989-06-28;5392;G
1989-06-29;5392;G
1989-06-30;5391;G
1989-07-01;5391;G
1989-07-02;5389;G
1989-07-03;5388;G
1989-07-04;5386;G
1989-07-05;5385;G
1989-07-06;5385;G
1989-07-07;5384;G
1989-07-08;5382;G
1989-07-09;5382;G
1989-07-10;5381;G
1989-07-11;5380;G
1989-07-12;5379;G
1989-07-13;5378;G
1989-07-14;5378;G
1989-07-15;5377;G
1989-07-16;5379;G
1989-07-17;5378;G
1989-07-18;5378;G
1989-07-19;5378;G
1989-07-20;5378;G
1989-07-21;5377;G
1989-07-22;5378;G
1989-07-23;5378;G
1989-07-24;5376;G
1989-07-25;5374;G
1989-07-26;5374;G
1989-07-27;5374;G
1989-07-28;5373;G
1989-07-29;5372;G
1989-07-30;5371;G
1989-07-31;5373;G
1989-08-01;5372;G
1989-08-02;5372;G
1989-08-03;5373;G
1989-08-04;5372;G
1989-08-05;5372;G
1989-08-06;5372;G
1989-08-07;5372;G
1989-08-08;5372;G
1989-08-09;5372;G
1989-08-10;5372;G
1989-08-11;5372;G
1989-08-12;5372;G
1989-08-13;5371;G
1989-08-14;5371;G
1989-08-15;5370;G
1989-08-16;5369;G
1989-08-17;5371;G
1989-08-18;5370;G
1989-08-19;5370;G
1989-08-20;5370;G
1989-08-21;5370;G
1989-08-22;5368;G
1989-08-23;5368;G
1989-08-24;5367;G
1989-08-25;5366;G
1989-08-26;5365;G
1989-08-27;5365;G
1989-08-28;5363;G
1989-08-29;5362;G
1989-08-30;5363;G
1989-08-31;5365;G
1989-09-01;5365;G
1989-09-02;5365;G
1989-09-03;5364;G
1989-09-04;5363;G
1989-09-05;5364;G
1989-09-06;5362;G
1989-09-07;5360;G
1989-09-08;5360;G
1989-09-09;5360;G
1989-09-10;5359;G
1989-09-11;5359;G
1989-09-12;5358;G
1989-09-13;5358;G
1989-09-14;5358;G
1989-09-15;5356;G
1989-09-16;5356;G
1989-09-17;5356;G
1989-09-18;5356;G
1989-09-19;5356;G
1989-09-20;5356;G
1989-09-21;5356;G
1989-09-22;5356;G
1989-09-23;5355;G
1989-09-24;5354;G
1989-09-25;5353;G
1989-09-26;5351;G
1989-09-27;5351;G
1989-09-28;5351;G
1989-09-29;5350;G
1989-09-30;5350;G
1989-10-01;5350;G
1989-10-02;5350;G
1989-10-03;5345;G
1989-10-04;5344;G
1989-10-05;5343;G
1989-10-06;5342;G
1989-10-07;5341;G
1989-10-08;5340;G
1989-10-09;5339;G
1989-10-10;5339;G
1989-10-11;5339;G
1989-10-12;5338;G
1989-10-13;5338;G
1989-10-14;5340;G
1989-10-15;5339;G
1989-10-16;5345;G
1989-10-17;5344;G
1989-10-18;5345;G
1989-10-19;5346;G
1989-10-20;5346;G
1989-10-21;5346;G
1989-10-22;5347;G
1989-10-23;5347;G
1989-10-24;5349;G
1989-10-25;5349;G
1989-10-26;5350;G
1989-10-27;5350;G
1989-10-28;5352;G
1989-10-29;5351;G
1989-10-30;5351;G
1989-10-31;5351;G
1989-11-01;5350;G
1989-11-02;5350;G
1989-11-03;5350;G
1989-11-04;5351;G
1989-11-05;5348;G
1989-11-06;5347;G
1989-11-07;5350;G
1989-11-08;5352;G
1989-11-09;5354;G
1989-11-10;5355;G
1989-11-11;5356;G
1989-11-12;5356;G
1989-11-13;5356;G
1989-11-14;5355;G
1989-11-15;5352;G
1989-11-16;5352;G
1989-11-17;5350;G
1989-11-18;5350;G
1989-11-19;5351;G
1989-11-20;5349;G
1989-11-21;5350;G
1989-11-22;5349;G
1989-11-23;5347;G
1989-11-24;5349;G
1989-11-25;5349;G
1989-11-26;5350;G
1989-11-27;5348;G
1989-11-28;5348;G
1989-11-29;5349;G
1989-11-30;5350;G
1989-12-01;5348;G
1989-12-02;5348;G
1989-12-03;5346;G
1989-12-04;5346;G
1989-12-05;5346;G
1989-12-06;5347;G
1989-12-07;5346;G
1989-12-08;5348;G
1989-12-09;5348;G
1989-12-10;5348;G
1989-12-11;5346;G
1989-12-12;5346;G
1989-12-13;5346;G
1989-12-14;5346;G
1989-12-15;5344;G
1989-12-16;5346;G
1989-12-17;5345;G
1989-12-18;5346;G
1989-12-19;5348;G
1989-12-20;5350;G
1989-12-21;5352;G
1989-12-22;5356;G
1989-12-23;5360;G
1989-12-24;5363;G
1989-12-25;5366;G
1989-12-26;5368;G
1989-12-27;5370;G
1989-12-28;5370;G
1989-12-29;5370;G
1989-12-30;5363;G
1989-12-31;5368;G
1990-01-01;5368;G
1990-01-02;5364;G
1990-01-03;5361;G
1990-01-04;5359;G
1990-01-05;5356;G
1990-01-06;5356;G
1990-01-07;5356;G
1990-01-08;5355;G
1990-01-09;5355;G
1990-01-10;5356;G
1990-01-11;5360;G
1990-01-12;5364;G
1990-01-13;5366;G
1990-01-14;5366;G
1990-01-15;5366;G
1990-01-16;5368;G
1990-01-17;5370;G
1990-01-18;5372;G
1990-01-19;5374;G
1990-01-20;5375;G
1990-01-21;5375;G
1990-01-22;5376;G
1990-01-23;5378;G
1990-01-24;5380;G
1990-01-25;5379;G
1990-01-26;5380;G
1990-01-27;5387;G
1990-01-28;5392;G
1990-01-29;5392;G
1990-01-30;5396;G
1990-01-31;5398;G
1990-02-01;5398;G
1990-02-02;5399;G
1990-02-03;5400;G
1990-02-04;5399;G
1990-02-05;5402;G
1990-02-06;5404;G
1990-02-07;5404;G
1990-02-08;5408;G
1990-02-09;5408;G
1990-02-10;5412;G
1990-02-11;5416;G
1990-02-12;5418;G
1990-02-13;5419;G
1990-02-14;5421;G
1990-02-15;5420;G
1990-02-16;5420;G
1990-02-17;5420;G
1990-02-18;5421;G
1990-02-19;5422;G
1990-02-20;5421;G
1990-02-21;5421;G
1990-02-22;5421;G
1990-02-23;5421;G
1990-02-24;5419;G
1990-02-25;5418;G
1990-02-26;5419;G
1990-02-27;5419;G
1990-02-28;5420;G
1990-03-01;5423;G
1990-03-02;5423;G
1990-03-03;5423;G
1990-03-04;5423;G
1990-03-05;5425;G
1990-03-06;5426;G
1990-03-07;5426;G
1990-03-08;5425;G
1990-03-09;5427;G
1990-03-10;5426;G
1990-03-11;5428;G
1990-03-12;5426;G
1990-03-13;5426;G
1990-03-14;5427;G
1990-03-15;5426;G
1990-03-16;5426;G
1990-03-17;5424;G
1990-03-18;5424;G
1990-03-19;5424;G
1990-03-20;5423;G
1990-03-21;5423;G
1990-03-22;5422;G
1990-03-23;5421;G
1990-03-24;5421;G
1990-03-25;5421;G
1990-03-26;5419;G
1990-03-27;5419;G
1990-03-28;5419;G
1990-03-29;5420;G
1990-03-30;5417;G
1990-03-31;5416;G
1990-04-01;5416;G
1990-04-02;5416;G
1990-04-03;5415;G
1990-04-04;5414;G
1990-04-05;5414;G
1990-04-06;5414;G
1990-04-07;5414;G
1990-04-08;5414;G
1990-04-09;5414;G
1990-04-10;5415;G
1990-04-11;5415;G
1990-04-12;5415;G
1990-04-13;5416;G
1990-04-14;5416;G
1990-04-15;5417;G
1990-04-16;5417;G
1990-04-17;5417;G
1990-04-18;5417;G
1990-04-19;5417;G
1990-04-20;5418;G
1990-04-21;5418;G
1990-04-22;5418;G
1990-04-23;5416;G
1990-04-24;5416;G
1990-04-25;5416;G
1990-04-26;5416;G
1990-04-27;5416;G
1990-04-28;5416;G
1990-04-29;5416;G
1990-04-30;5416;G
1990-05-01;5416;G
1990-05-02;5417;G
1990-05-03;5417;G
1990-05-04;5417;G
1990-05-05;5417;G
1990-05-06;5416;G
1990-05-07;5416;G
1990-05-08;5416;G
1990-05-09;5415;G
1990-05-10;5415;G
1990-05-11;5415;G
1990-05-12;5414;G
1990-05-13;5414;G
1990-05-14;5413;G
1990-05-15;5413;G
1990-05-16;5414;G
1990-05-17;5414;G
1990-05-18;5416;G
1990-05-19;5415;G
1990-05-20;5415;G
1990-05-21;5415;G
1990-05-22;5415;G
1990-05-23;5413;G
1990-05-24;5413;G
1990-05-25;5411;G
1990-05-26;5411;G
1990-05-27;5411;G
1990-05-28;5411;G
1990-05-29;5410;G
1990-05-30;5410;G
1990-05-31;5409;G
1990-06-01;5409;G
1990-06-02;5408;G
1990-06-03;5408;G
1990-06-04;5408;G
1990-06-05;5408;G
1990-06-06;5407;G
1990-06-07;5408;G
1990-06-08;5409;G
1990-06-09;5408;G
1990-06-10;5407;G
1990-06-11;5406;G
1990-06-12;5406;G
1990-06-13;5405;G
1990-06-14;5404;G
1990-06-15;5403;G
1990-06-16;5402;G
1990-06-17;5401;G
1990-06-18;5400;G
1990-06-19;5400;G
1990-06-20;5401;G
1990-06-21;5401;G
1990-06-22;5401;G
1990-06-23;5401;G
1990-06-24;5401;G
1990-06-25;5400;G
1990-06-26;5399;G
1990-06-27;5399;G
1990-06-28;5399;G
1990-06-29;5397;G
1990-06-30;5396;G
1990-07-01;5396;G
1990-07-02;5398;G
1990-07-03;5396;G
1990-07-04;5395;G
1990-07-05;5396;G
1990-07-06;5397;G
1990-07-07;5400;G
1990-07-08;5398;G
1990-07-09;5401;G
1990-07-10;5400;G
1990-07-11;5399;G
1990-07-12;5396;G
1990-07-13;5396;G
1990-07-14;5395;G
1990-07-15;5392;G
1990-07-16;5392;G
1990-07-17;5391;G
1990-07-18;5390;G
1990-07-19;5391;G
1990-07-20;5391;G
1990-07-21;5390;G
1990-07-22;5390;G
1990-07-23;5389;G
1990-07-24;5388;G
1990-07-25;5389;G
1990-07-26;5389;G
1990-07-27;5389;G
1990-07-28;5386;G
1990-07-29;5386;G
1990-07-30;5386;G
1990-07-31;5386;G
1990-08-01;5386;G
1990-08-02;5386;G
1990-08-03;5385;G
1990-08-04;5382;G
1990-08-05;5382;G
1990-08-06;5380;G
1990-08-07;5378;G
1990-08-08;5378;G
1990-08-09;5377;G
1990-08-10;5376;G
1990-08-11;5376;G
1990-08-12;5375;G
1990-08-13;5374;G
1990-08-14;5374;G
1990-08-15;5373;G
1990-08-16;5372;G
1990-08-17;5372;G
1990-08-18;5372;G
1990-08-19;5371;G
1990-08-20;5372;G
1990-08-21;5371;G
1990-08-22;5371;G
1990-08-23;5369;G
1990-08-24;5368;G
1990-08-25;5366;G
1990-08-26;5366;G
1990-08-27;5365;G
1990-08-28;5364;G
1990-08-29;5363;G
1990-08-30;5362;G
1990-08-31;5361;G
1990-09-01;5361;G
1990-09-02;5361;G
1990-09-03;5360;G
1990-09-04;5360;G
1990-09-05;5359;G
1990-09-06;5357;G
1990-09-07;5357;G
1990-09-08;5354;G
1990-09-09;5354;G
1990-09-10;5352;G
1990-09-11;5351;G
1990-09-12;5352;G
1990-09-13;5350;G
1990-09-14;5350;G
1990-09-15;5348;G
1990-09-16;5346;G
1990-09-17;5348;G
1990-09-18;5346;G
1990-09-19;5345;G
1990-09-20;5346;G
1990-09-21;5348;G
1990-09-22;5347;G
1990-09-23;5349;G
1990-09-24;5350;G
1990-09-25;5353;G
1990-09-26;5353;G
1990-09-27;5355;G
1990-09-28;5355;G
1990-09-29;5354;G
1990-09-30;5356;G
1990-10-01;5353;G
1990-10-02;5355;G
1990-10-03;5355;G
1990-10-04;5356;G
1990-10-05;5357;G
1990-10-06;5359;G
1990-10-07;5362;G
1990-10-08;5362;G
1990-10-09;5362;G
1990-10-10;5364;G
1990-10-11;5364;G
1990-10-12;5366;G
1990-10-13;5367;G
1990-10-14;5368;G
1990-10-15;5368;G
1990-10-16;5368;G
1990-10-17;5367;G
1990-10-18;5366;G
1990-10-19;5363;G
1990-10-20;5362;G
1990-10-21;5360;G
1990-10-22;5358;G
1990-10-23;5360;G
1990-10-24;5358;G
1990-10-25;5356;G
1990-10-26;5355;G
1990-10-27;5353;G
1990-10-28;5351;G
1990-10-29;5350;G
1990-10-30;5348;G
1990-10-31;5346;G
1990-11-01;5352;G
1990-11-02;5357;G
1990-11-03;5359;G
1990-11-04;5359;G
1990-11-05;5359;G
1990-11-06;5358;G
1990-11-07;5356;G
1990-11-08;5353;G
1990-11-09;5350;G
1990-11-10;5350;G
1990-11-11;5352;G
1990-11-12;5350;G
1990-11-13;5351;G
1990-11-14;5350;G
1990-11-15;5350;G
1990-11-16;5348;G
1990-11-17;5352;G
1990-11-18;5354;G
1990-11-19;5362;G
1990-11-20;5362;G
1990-11-21;5363;G
1990-11-22;5364;G
1990-11-23;5364;G
1990-11-24;5366;G
1990-11-25;5366;G
1990-11-26;5366;G
1990-11-27;5368;G
1990-11-28;5369;G
1990-11-29;5370;G
1990-11-30;5372;G
1990-12-01;5376;G
1990-12-02;5376;G
1990-12-03;5377;G
1990-12-04;5376;G
1990-12-05;5376;G
1990-12-06;5375;G
1990-12-07;5375;G
1990-12-08;5374;G
1990-12-09;5373;G
1990-12-10;5372;G
1990-12-11;5372;G
1990-12-12;5372;G
1990-12-13;5370;G
1990-12-14;5369;G
1990-12-15;5367;G
1990-12-16;5366;G
1990-12-17;5364;G
1990-12-18;5362;G
1990-12-19;5361;G
1990-12-20;5360;G
1990-12-21;5360;G
1990-12-22;5360;G
1990-12-23;5358;G
1990-12-24;5359;G
1990-12-25;5358;G
1990-12-26;5359;G
1990-12-27;5362;G
1990-12-28;5366;G
1990-12-29;5369;G
1990-12-30;5372;G
1990-12-31;5374;G
1991-01-01;5376;G
1991-01-02;5380;G
1991-01-03;5379;G
1991-01-04;5382;G
1991-01-05;5383;G
1991-01-06;5386;G
1991-01-07;5388;G
1991-01-08;5393;G
1991-01-09;5401;G
1991-01-10;5404;G
1991-01-11;5408;G
1991-01-12;5412;G
1991-01-13;5415;G
1991-01-14;5416;G
1991-01-15;5418;G
1991-01-16;5418;G
1991-01-17;5419;G
1991-01-18;5418;G
1991-01-19;5418;G
1991-01-20;5417;G
1991-01-21;5416;G
1991-01-22;5416;G
1991-01-23;5416;G
1991-01-24;5415;G
1991-01-25;5415;G
1991-01-26;5414;G
1991-01-27;5414;G
1991-01-28;5415;G
1991-01-29;5414;G
1991-01-30;5414;G
1991-01-31;5412;G
1991-02-01;5411;G
1991-02-02;5409;G
1991-02-03;5406;G
1991-02-04;5403;G
1991-02-05;5401;G
1991-02-06;5398;G
1991-02-07;5395;G
1991-02-08;5393;G
1991-02-09;5391;G
1991-02-10;5389;G
1991-02-11;5387;G
1991-02-12;5386;G
1991-02-13;5386;G
1991-02-14;5384;G
1991-02-15;5388;G
1991-02-16;5388;G
1991-02-17;5390;G
1991-02-18;5390;G
1991-02-19;5390;G
1991-02-20;5390;G
1991-02-21;5388;G
1991-02-22;5388;G
1991-02-23;5387;G
1991-02-24;5391;G
1991-02-25;5396;G
1991-02-26;5401;G
1991-02-27;5405;G
1991-02-28;5407;G
1991-03-01;5408;G
1991-03-02;5408;G
1991-03-03;5408;G
1991-03-04;5408;G
1991-03-05;5406;G
1991-03-06;5406;G
1991-03-07;5408;G
1991-03-08;5407;G
1991-03-09;5408;G
1991-03-10;5408;G
1991-03-11;5409;G
1991-03-12;5409;G
1991-03-13;5409;G
1991-03-14;5409;G
1991-03-15;5410;G
1991-03-16;5411;G
1991-03-17;5410;G
1991-03-18;5411;G
1991-03-19;5410;G
1991-03-20;5411;G
1991-03-21;5413;G
1991-03-22;5415;G
1991-03-23;5416;G
1991-03-24;5418;G
1991-03-25;5418;G
1991-03-26;5418;G
1991-03-27;5418;G
1991-03-28;5418;G
1991-03-29;5417;G
1991-03-30;5416;G
1991-03-31;5415;G
1991-04-01;5414;G
1991-04-02;5415;G
1991-04-03;5415;G
1991-04-04;5415;G
1991-04-05;5417;G
1991-04-06;5418;G
1991-04-07;5420;G
1991-04-08;5419;G
1991-04-09;5421;G
1991-04-10;5421;G
1991-04-11;5419;G
1991-04-12;5419;G
1991-04-13;5420;G
1991-04-14;5419;G
1991-04-15;5420;G
1991-04-16;5414;G
1991-04-17;5418;G
1991-04-18;5419;G
1991-04-19;5418;G
1991-04-20;5418;G
1991-04-21;5418;G
1991-04-22;5419;G
1991-04-23;5419;G
1991-04-24;5419;G
1991-04-25;5419;G
1991-04-26;5419;G
1991-04-27;5419;G
1991-04-28;5419;G
1991-04-29;5419;G
1991-04-30;5419;G
1991-05-01;5419;G
1991-05-02;5419;G
1991-05-03;5421;G
1991-05-04;5421;G
1991-05-05;5423;G
1991-05-06;5426;G
1991-05-07;5426;G
1991-05-08;5424;G
1991-05-09;5423;G
1991-05-10;5422;G
1991-05-11;5424;G
1991-05-12;5422;G
1991-05-13;5420;G
1991-05-14;5421;G
1991-05-15;5421;G
1991-05-16;5420;G
1991-05-17;5420;G
1991-05-18;5419;G
1991-05-19;5420;G
1991-05-20;5418;G
1991-05-21;5416;G
1991-05-22;5416;G
1991-05-23;5416;G
1991-05-24;5418;G
1991-05-25;5416;G
1991-05-26;5416;G
1991-05-27;5416;G
1991-05-28;5415;G
1991-05-29;5414;G
1991-05-30;5414;G
1991-05-31;5414;G
1991-06-01;5412;G
1991-06-02;5412;G
1991-06-03;5412;G
1991-06-04;5412;G
1991-06-05;5412;G
1991-06-06;5412;G
1991-06-07;5412;G
1991-06-08;5412;G
1991-06-09;5412;G
1991-06-10;5413;G
1991-06-11;5412;G
1991-06-12;5410;G
1991-06-13;5410;G
1991-06-14;5409;G
1991-06-15;5411;G
1991-06-16;5412;G
1991-06-17;5412;G
1991-06-18;5412;G
1991-06-19;5414;G
1991-06-20;5413;G
1991-06-21;5410;G
1991-06-22;5411;G
1991-06-23;5414;G
1991-06-24;5411;G
1991-06-25;5410;G
1991-06-26;5410;G
1991-06-27;5410;G
1991-06-28;5410;G
1991-06-29;5410;G
1991-06-30;5414;G
1991-07-01;5415;G
1991-07-02;5414;G
1991-07-03;5414;G
1991-07-04;5412;G
1991-07-05;5412;G
1991-07-06;5410;G
1991-07-07;5410;G
1991-07-08;5408;G
1991-07-09;5408;G
1991-07-10;5406;G
1991-07-11;5406;G
1991-07-12;5405;G
1991-07-13;5403;G
1991-07-14;5401;G
1991-07-15;5398;G
1991-07-16;5402;G
1991-07-17;5401;G
1991-07-18;5398;G
1991-07-19;5398;G
1991-07-20;5398;G
1991-07-21;5396;G
1991-07-22;5396;G
1991-07-23;5396;G
1991-07-24;5395;G
1991-07-25;5394;G
1991-07-26;5392;G
1991-07-27;5393;G
1991-07-28;5392;G
1991-07-29;5390;G
1991-07-30;5390;G
1991-07-31;5388;G
1991-08-01;5386;G
1991-08-02;5386;G
1991-08-03;5388;G
1991-08-04;5386;G
1991-08-05;5386;G
1991-08-06;5386;G
1991-08-07;5384;G
1991-08-08;5384;G
1991-08-09;5382;G
1991-08-10;5380;G
1991-08-11;5380;G
1991-08-12;5380;G
1991-08-13;5380;G
1991-08-14;5380;G
1991-08-15;5380;G
1991-08-16;5380;G
1991-08-17;5380;G
1991-08-18;5381;G
1991-08-19;5379;G
1991-08-20;5378;G
1991-08-21;5380;G
1991-08-22;5377;G
1991-08-23;5376;G
1991-08-24;5378;G
1991-08-25;5376;G
1991-08-26;5373;G
1991-08-27;5374;G
1991-08-28;5374;G
1991-08-29;5374;G
1991-08-30;5374;G
1991-08-31;5374;G
1991-09-01;5374;G
1991-09-02;5372;G
1991-09-03;5372;G
1991-09-04;5371;G
1991-09-05;5369;G
1991-09-06;5369;G
1991-09-07;5368;G
1991-09-08;5367;G
1991-09-09;5367;G
1991-09-10;5366;G
1991-09-11;5364;G
1991-09-12;5364;G
1991-09-13;5364;G
1991-09-14;5363;G
1991-09-15;5362;G
1991-09-16;5362;G
1991-09-17;5362;G
1991-09-18;5362;G
1991-09-19;5360;G
1991-09-20;5361;G
1991-09-21;5361;G
1991-09-22;5361;G
1991-09-23;5360;G
1991-09-24;5360;G
1991-09-25;5358;G
1991-09-26;5359;G
1991-09-27;5361;G
1991-09-28;5362;G
1991-09-29;5364;G
1991-09-30;5364;G
1991-10-01;5363;G
1991-10-02;5360;G
1991-10-03;5360;G
1991-10-04;5360;G
1991-10-05;5359;G
1991-10-06;5358;G
1991-10-07;5360;G
1991-10-08;5360;G
1991-10-09;5359;G
1991-10-10;5359;G
1991-10-11;5356;G
1991-10-12;5357;G
1991-10-13;5358;G
1991-10-14;5354;G
1991-10-15;5352;G
1991-10-16;5351;G
1991-10-17;5354;G
1991-10-18;5355;G
1991-10-19;5355;G
1991-10-20;5356;G
1991-10-21;5360;G
1991-10-22;5361;G
1991-10-23;5361;G
1991-10-24;5361;G
1991-10-25;5360;G
1991-10-26;5358;G
1991-10-27;5356;G
1991-10-28;5355;G
1991-10-29;5354;G
1991-10-30;5352;G
1991-10-31;5350;G
1991-11-01;5350;G
1991-11-02;5350;G
1991-11-03;5350;G
1991-11-04;5350;G
1991-11-05;5352;G
1991-11-06;5355;G
1991-11-07;5358;G
1991-11-08;5362;G
1991-11-09;5368;G
1991-11-10;5368;G
1991-11-11;5372;G
1991-11-12;5376;G
1991-11-13;5382;G
1991-11-14;5383;G
1991-11-15;5385;G
1991-11-16;5386;G
1991-11-17;5387;G
1991-11-18;5388;G
1991-11-19;5389;G
1991-11-20;5390;G
1991-11-21;5390;G
1991-11-22;5391;G
1991-11-23;5390;G
1991-11-24;5390;G
1991-11-25;5390;G
1991-11-26;5390;G
1991-11-27;5390;G
1991-11-28;5391;G
1991-11-29;5392;G
1991-11-30;5393;G
1991-12-01;5394;G
1991-12-02;5394;G
1991-12-03;5395;G
1991-12-04;5392;G
1991-12-05;5392;G
1991-12-06;5392;G
1991-12-07;5392;G
1991-12-08;5390;G
1991-12-09;5390;G
1991-12-10;5389;G
1991-12-11;5388;G
1991-12-12;5387;G
1991-12-13;5386;G
1991-12-14;5382;G
1991-12-15;5383;G
1991-12-16;5382;G
1991-12-17;5382;G
1991-12-18;5384;G
1991-12-19;5385;G
1991-12-20;5389;G
1991-12-21;5391;G
1991-12-22;5376;G
1991-12-23;5398;G
1991-12-24;5400;G
1991-12-25;5407;G
1991-12-26;5412;G
1991-12-27;5415;G
1991-12-28;5419;G
1991-12-29;5420;G
1991-12-30;5420;G
1991-12-31;5421;G
1992-01-01;5421;G
1992-01-02;5422;G
1992-01-03;5422;G
1992-01-04;5423;G
1992-01-05;5424;G
1992-01-06;5427;G
1992-01-07;5426;G
1992-01-08;5425;G
1992-01-09;5426;G
1992-01-10;5428;G
1992-01-11;5428;G
1992-01-12;5426;G
1992-01-13;5426;G
1992-01-14;5424;G
1992-01-15;5426;G
1992-01-16;5425;G
1992-01-17;5425;G
1992-01-18;5425;G
1992-01-19;5425;G
1992-01-20;5424;G
1992-01-21;5423;G
1992-01-22;5424;G
1992-01-23;5423;G
1992-01-24;5422;G
1992-01-25;5421;G
1992-01-26;5420;G
1992-01-27;5419;G
1992-01-28;5418;G
1992-01-29;5416;G
1992-01-30;5415;G
1992-01-31;5414;G
1992-02-01;5415;G
1992-02-02;5412;G
1992-02-03;5411;G
1992-02-04;5411;G
1992-02-05;5410;G
1992-02-06;5410;G
1992-02-07;5412;G
1992-02-08;5413;G
1992-02-09;5416;G
1992-02-10;5417;G
1992-02-11;5418;G
1992-02-12;5419;G
1992-02-13;5420;G
1992-02-14;5419;G
1992-02-15;5420;G
1992-02-16;5422;G
1992-02-17;5424;G
1992-02-18;5424;G
1992-02-19;5424;G
1992-02-20;5423;G
1992-02-21;5422;G
1992-02-22;5422;G
1992-02-23;5422;G
1992-02-24;5424;G
1992-02-25;5426;G
1992-02-26;5425;G
1992-02-27;5424;G
1992-02-28;5424;G
1992-02-29;5424;G
1992-03-01;5424;G
1992-03-02;5424;G
1992-03-03;5422;G
1992-03-04;5424;G
1992-03-05;5425;G
1992-03-06;5425;G
1992-03-07;5423;G
1992-03-08;5422;G
1992-03-09;5422;G
1992-03-10;5422;G
1992-03-11;5422;G
1992-03-12;5422;G
1992-03-13;5423;G
1992-03-14;5423;G
1992-03-15;5424;G
1992-03-16;5426;G
1992-03-17;5424;G
1992-03-18;5424;G
1992-03-19;5426;G
1992-03-20;5426;G
1992-03-21;5426;G
1992-03-22;5426;G
1992-03-23;5427;G
1992-03-24;5428;G
1992-03-25;5428;G
1992-03-26;5428;G
1992-03-27;5428;G
1992-03-28;5428;G
1992-03-29;5427;G
1992-03-30;5426;G
1992-03-31;5426;G
1992-04-01;5426;G
1992-04-02;5426;G
1992-04-03;5424;G
1992-04-04;5424;G
1992-04-05;5424;G
1992-04-06;5423;G
1992-04-07;5424;G
1992-04-08;5424;G
1992-04-09;5423;G
1992-04-10;5422;G
1992-04-11;5422;G
1992-04-12;5421;G
1992-04-13;5421;G
1992-04-14;5419;G
1992-04-15;5420;G
1992-04-16;5421;G
1992-04-17;5421;G
1992-04-18;5421;G
1992-04-19;5419;G
1992-04-20;5419;G
1992-04-21;5422;G
1992-04-22;5422;G
1992-04-23;5419;G
1992-04-24;5420;G
1992-04-25;5418;G
1992-04-26;5419;G
1992-04-27;5419;G
1992-04-28;5421;G
1992-04-29;5420;G
1992-04-30;5420;G
1992-05-01;5420;G
1992-05-02;5420;G
1992-05-03;5419;G
1992-05-04;5419;G
1992-05-05;5418;G
1992-05-06;5419;G
1992-05-07;5419;G
1992-05-08;5419;G
1992-05-09;5418;G
1992-05-10;5419;G
1992-05-11;5420;G
1992-05-12;5420;G
1992-05-13;5420;G
1992-05-14;5420;G
1992-05-15;5420;G
1992-05-16;5420;G
1992-05-17;5421;G
1992-05-18;5421;G
1992-05-19;5420;G
1992-05-20;5418;G
1992-05-21;5417;G
1992-05-22;5418;G
1992-05-23;5418;G
1992-05-24;5416;G
1992-05-25;5416;G
1992-05-26;5416;G
1992-05-27;5414;G
1992-05-28;5412;G
1992-05-29;5412;G
1992-05-30;5412;G
1992-05-31;5411;G
1992-06-01;5411;G
1992-06-02;5410;G
1992-06-03;5409;G
1992-06-04;5408;G
1992-06-05;5407;G
1992-06-06;5406;G
1992-06-07;5404;G
1992-06-08;5404;G
1992-06-09;5403;G
1992-06-10;5402;G
1992-06-11;5401;G
1992-06-12;5400;G
1992-06-13;5399;G
1992-06-14;5398;G
1992-06-15;5398;G
1992-06-16;5397;G
1992-06-17;5396;G
1992-06-18;5396;G
1992-06-19;5395;G
1992-06-20;5394;G
1992-06-21;5392;G
1992-06-22;5390;G
1992-06-23;5390;G
1992-06-24;5389;G
1992-06-25;5389;G
1992-06-26;5387;G
1992-06-27;5386;G
1992-06-28;5385;G
1992-06-29;5385;G
1992-06-30;5384;G
1992-07-01;5384;G
1992-07-02;5382;G
1992-07-03;5382;G
1992-07-04;5381;G
1992-07-05;5380;G
1992-07-06;5378;G
1992-07-07;5378;G
1992-07-08;5376;G
1992-07-09;5376;G
1992-07-10;5375;G
1992-07-11;5372;G
1992-07-12;5373;G
1992-07-13;5373;G
1992-07-14;5372;G
1992-07-15;5372;G
1992-07-16;5372;G
1992-07-17;5372;G
1992-07-18;5372;G
1992-07-19;5371;G
1992-07-20;5370;G
1992-07-21;5370;G
1992-07-22;5370;G
1992-07-23;5368;G
1992-07-24;5368;G
1992-07-25;5367;G
1992-07-26;5366;G
1992-07-27;5365;G
1992-07-28;5363;G
1992-07-29;5360;G
1992-07-30;5360;G
1992-07-31;5360;G
1992-08-01;5359;G
1992-08-02;5359;G
1992-08-03;5357;G
1992-08-04;5356;G
1992-08-05;5355;G
1992-08-06;5354;G
1992-08-07;5352;G
1992-08-08;5351;G
1992-08-09;5351;G
1992-08-10;5350;G
1992-08-11;5349;G
1992-08-12;5348;G
1992-08-13;5348;G
1992-08-14;5347;G
1992-08-15;5347;G
1992-08-16;5346;G
1992-08-17;5346;G
1992-08-18;5344;G
1992-08-19;5344;G
1992-08-20;5342;G
1992-08-21;5342;G
1992-08-22;5342;G
1992-08-23;5340;G
1992-08-24;5339;G
1992-08-25;5338;G
1992-08-26;5338;G
1992-08-27;5338;G
1992-08-28;5337;G
1992-08-29;5337;G
1992-08-30;5336;G
1992-08-31;5338;G
1992-09-01;5338;G
1992-09-02;5338;G
1992-09-03;5338;G
1992-09-04;5338;G
1992-09-05;5339;G
1992-09-06;5340;G
1992-09-07;5340;G
1992-09-08;5341;G
1992-09-09;5340;G
1992-09-10;5339;G
1992-09-11;5338;G
1992-09-12;5336;G
1992-09-13;5335;G
1992-09-14;5332;G
1992-09-15;5332;G
1992-09-16;5331;G
1992-09-17;5330;G
1992-09-18;5328;G
1992-09-19;5328;G
1992-09-20;5328;G
1992-09-21;5326;G
1992-09-22;5326;G
1992-09-23;5326;G
1992-09-24;5324;G
1992-09-25;5324;G
1992-09-26;5324;G
1992-09-27;5322;G
1992-09-28;5322;G
1992-09-29;5322;G
1992-09-30;5322;G
1992-10-01;5320;G
1992-10-02;5320;G
1992-10-03;5320;G
1992-10-04;5320;G
1992-10-05;5318;G
1992-10-06;5318;G
1992-10-07;5316;G
1992-10-08;5316;G
1992-10-09;5316;G
1992-10-10;5315;G
1992-10-11;5315;G
1992-10-12;5314;G
1992-10-13;5313;G
1992-10-14;5313;G
1992-10-15;5316;G
1992-10-16;5316;G
1992-10-17;5316;G
1992-10-18;5316;G
1992-10-19;5316;G
1992-10-20;5316;G
1992-10-21;5316;G
1992-10-22;5322;G
1992-10-23;5323;G
1992-10-24;5325;G
1992-10-25;5325;G
1992-10-26;5325;G
1992-10-27;5325;G
1992-10-28;5327;G
1992-10-29;5326;G
1992-10-30;5326;G
1992-10-31;5326;G
1992-11-01;5327;G
1992-11-02;5328;G
1992-11-03;5328;G
1992-11-04;5330;G
1992-11-05;5330;G
1992-11-06;5332;G
1992-11-07;5332;G
1992-11-08;5334;G
1992-11-09;5335;G
1992-11-10;5337;G
1992-11-11;5337;G
1992-11-12;5339;G
1992-11-13;5342;G
1992-11-14;5344;G
1992-11-15;5347;G
1992-11-16;5348;G
1992-11-17;5349;G
1992-11-18;5350;G
1992-11-19;5351;G
1992-11-20;5352;G
1992-11-21;5354;G
1992-11-22;5358;G
1992-11-23;5361;G
1992-11-24;5362;G
1992-11-25;5366;G
1992-11-26;5368;G
1992-11-27;5372;G
1992-11-28;5376;G
1992-11-29;5378;G
1992-11-30;5382;G
1992-12-01;5384;G
1992-12-02;5384;G
1992-12-03;5386;G
1992-12-04;5390;G
1992-12-05;5392;G
1992-12-06;5394;G
1992-12-07;5396;G
1992-12-08;5396;G
1992-12-09;5398;G
1992-12-10;5399;G
1992-12-11;5399;G
1992-12-12;5402;G
1992-12-13;5402;G
1992-12-14;5406;G
1992-12-15;5408;G
1992-12-16;5412;G
1992-12-17;5412;G
1992-12-18;5414;G
1992-12-19;5416;G
1992-12-20;5414;G
1992-12-21;5416;G
1992-12-22;5416;G
1992-12-23;5416;G
1992-12-24;5416;G
1992-12-25;5414;G
1992-12-26;5413;G
1992-12-27;5413;G
1992-12-28;5412;G
1992-12-29;5412;G
1992-12-30;5408;G
1992-12-31;5406;G
1993-01-01;5405;O
1993-01-02;5402;O
1993-01-03;5401;O
1993-01-04;5398;O
1993-01-05;5396;O
1993-01-06;5396;O
1993-01-07;5392;O
1993-01-08;5392;O
1993-01-09;5390;O
1993-01-10;5390;O
1993-01-11;5392;O
1993-01-12;5396;O
1993-01-13;5397;O
1993-01-14;5397;O
1993-01-15;5400;O
1993-01-16;5404;O
1993-01-17;5409;O
1993-01-18;5411;O
1993-01-19;5413;O
1993-01-20;5415;O
1993-01-21;5415;O
1993-01-22;5416;O
1993-01-23;5422;O
1993-01-24;5429;O
1993-01-25;5430;O
1993-01-26;5436;O
1993-01-27;5436;O
1993-01-28;5436;O
1993-01-29;5436;O
1993-01-30;5435;O
1993-01-31;5434;O
1993-02-01;5432;O
1993-02-02;5431;O
1993-02-03;5424;O
1993-02-04;5429;O
1993-02-05;5426;O
1993-02-06;5428;O
1993-02-07;5428;O
1993-02-08;5428;O
1993-02-09;5428;O
1993-02-10;5427;O
1993-02-11;5426;O
1993-02-12;5426;O
1993-02-13;5426;O
1993-02-14;5423;O
1993-02-15;5423;O
1993-02-16;5422;O
1993-02-17;5422;O
1993-02-18;5424;O
1993-02-19;5424;O
1993-02-20;5424;O
1993-02-21;5427;O
1993-02-22;5428;O
1993-02-23;5426;O
1993-02-24;5425;O
1993-02-25;5425;O
1993-02-26;5424;O
1993-02-27;5423;O
1993-02-28;5422;O
1993-03-01;5422;O
1993-03-02;5422;O
1993-03-03;5420;O
1993-03-04;5419;O
1993-03-05;5418;O
1993-03-06;5416;O
1993-03-07;5416;O
1993-03-08;5414;O
1993-03-09;5413;O
1993-03-10;5412;O
1993-03-11;5410;O
1993-03-12;5410;O
1993-03-13;5410;O
1993-03-14;5410;O
1993-03-15;5409;O
1993-03-16;5411;O
1993-03-17;5412;O
1993-03-18;5414;O
1993-03-19;5414;O
1993-03-20;5416;O
1993-03-21;5419;O
1993-03-22;5420;O
1993-03-23;5420;O
1993-03-24;5419;O
1993-03-25;5420;O
1993-03-26;5420;O
1993-03-27;5420;O
1993-03-28;5420;O
1993-03-29;5420;O
1993-03-30;5418;O
1993-03-31;5418;O
1993-04-01;5418;O
1993-04-02;5418;O
1993-04-03;5416;O
1993-04-04;5416;O
1993-04-05;5415;O
1993-04-06;5416;O
1993-04-07;5414;O
1993-04-08;5415;O
1993-04-09;5415;O
1993-04-10;5415;O
1993-04-11;5416;O
1993-04-12;5416;O
1993-04-13;5415;O
1993-04-14;5415;O
1993-04-15;5416;O
1993-04-16;5416;O
1993-04-17;5416;O
1993-04-18;5416;O
1993-04-19;5412;O
1993-04-20;5416;O
1993-04-21;5417;O
1993-04-22;5415;O
1993-04-23;5414;O
1993-04-24;5416;O
1993-04-25;5416;O
1993-04-26;5416;O
1993-04-27;5416;O
1993-04-28;5416;O
1993-04-29;5416;O
1993-04-30;5416;O
1993-05-01;5414;O
1993-05-02;5415;O
1993-05-03;5414;O
1993-05-04;5414;O
1993-05-05;5414;O
1993-05-06;5414;O
1993-05-07;5414;O
1993-05-08;5414;O
1993-05-09;5414;O
1993-05-10;5412;O
1993-05-11;5413;O
1993-05-12;5412;O
1993-05-13;5412;O
1993-05-14;5412;O
1993-05-15;5411;O
1993-05-16;5410;O
1993-05-17;5410;O
1993-05-18;5410;O
1993-05-19;5408;O
1993-05-20;5407;O
1993-05-21;5407;O
1993-05-22;5406;O
1993-05-23;5406;O
1993-05-24;5406;O
1993-05-25;5404;O
1993-05-26;5404;O
1993-05-27;5402;O
1993-05-28;5401;O
1993-05-29;5400;O
1993-05-30;5400;O
1993-05-31;5400;O
1993-06-01;5400;O
1993-06-02;5400;O
1993-06-03;5399;O
1993-06-04;5398;O
1993-06-05;5398;O
1993-06-06;5396;O
1993-06-07;5396;O
1993-06-08;5396;O
1993-06-09;5395;O
1993-06-10;5394;O
1993-06-11;5393;O
1993-06-12;5392;O
1993-06-13;5391;O
1993-06-14;5390;O
1993-06-15;5390;O
1993-06-16;5388;O
1993-06-17;5388;O
1993-06-18;5386;O
1993-06-19;5387;O
1993-06-20;5387;O
1993-06-21;5386;O
1993-06-22;5384;O
1993-06-23;5384;O
1993-06-24;5384;O
1993-06-25;5383;O
1993-06-26;5383;O
1993-06-27;5382;O
1993-06-28;5382;O
1993-06-29;5382;O
1993-06-30;5382;O
1993-07-01;5382;O
1993-07-02;5381;O
1993-07-03;5381;O
1993-07-04;5381;O
1993-07-05;5379;O
1993-07-06;5377;O
1993-07-07;5376;O
1993-07-08;5377;O
1993-07-09;5378;O
1993-07-10;5378;O
1993-07-11;5376;O
1993-07-12;5374;O
1993-07-13;5381;O
1993-07-14;5381;O
1993-07-15;5380;O
1993-07-16;5380;O
1993-07-17;5380;O
1993-07-18;5381;O
1993-07-19;5381;O
1993-07-20;5381;O
1993-07-21;5382;O
1993-07-22;5381;O
1993-07-23;5382;O
1993-07-24;5381;O
1993-07-25;5381;O
1993-07-26;5384;O
1993-07-27;5382;O
1993-07-28;5384;O
1993-07-29;5384;O
1993-07-30;5385;O
1993-07-31;5385;O
1993-08-01;5388;O
1993-08-02;5390;O
1993-08-03;5392;O
1993-08-04;5392;O
1993-08-05;5391;O
1993-08-06;5394;O
1993-08-07;5394;O
1993-08-08;5395;O
1993-08-09;5395;O
1993-08-10;5396;O
1993-08-11;5396;O
1993-08-12;5396;O
1993-08-13;5395;O
1993-08-14;5394;O
1993-08-15;5394;O
1993-08-16;5396;O
1993-08-17;5393;O
1993-08-18;5392;O
1993-08-19;5392;O
1993-08-20;5392;O
1993-08-21;5390;O
1993-08-22;5390;O
1993-08-23;5388;O
1993-08-24;5387;O
1993-08-25;5388;O
1993-08-26;5386;O
1993-08-27;5384;O
1993-08-28;5384;O
1993-08-29;5382;O
1993-08-30;5382;O
1993-08-31;5382;O
1993-09-01;5381;O
1993-09-02;5380;O
1993-09-03;5380;O
1993-09-04;5379;O
1993-09-05;5379;O
1993-09-06;5378;O
1993-09-07;5377;O
1993-09-08;5376;O
1993-09-09;5376;O
1993-09-10;5376;O
1993-09-11;5376;O
1993-09-12;5377;O
1993-09-13;5374;O
1993-09-14;5374;O
1993-09-15;5374;O
1993-09-16;5376;O
1993-09-17;5378;O
1993-09-18;5378;O
1993-09-19;5379;O
1993-09-20;5380;O
1993-09-21;5380;O
1993-09-22;5379;O
1993-09-23;5382;O
1993-09-24;5383;O
1993-09-25;5384;O
1993-09-26;5386;O
1993-09-27;5386;O
1993-09-28;5386;O
1993-09-29;5386;O
1993-09-30;5386;O
1993-10-01;5386;O
1993-10-02;5388;O
1993-10-03;5386;O
1993-10-04;5385;O
1993-10-05;5383;O
1993-10-06;5383;O
1993-10-07;5383;O
1993-10-08;5382;O
1993-10-09;5382;O
1993-10-10;5387;O
1993-10-11;5391;O
1993-10-12;5393;O
1993-10-13;5394;O
1993-10-14;5398;O
1993-10-15;5398;O
1993-10-16;5400;O
1993-10-17;5404;O
1993-10-18;5405;O
1993-10-19;5408;O
1993-10-20;5406;O
1993-10-21;5406;O
1993-10-22;5406;O
1993-10-23;5406;O
1993-10-24;5407;O
1993-10-25;5406;O
1993-10-26;5405;O
1993-10-27;5404;O
1993-10-28;5404;O
1993-10-29;5402;O
1993-10-30;5402;O
1993-10-31;5402;O
1993-11-01;5400;O
1993-11-02;5399;O
1993-11-03;5398;O
1993-11-04;5397;O
1993-11-05;5396;O
1993-11-06;5394;O
1993-11-07;5394;O
1993-11-08;5393;O
1993-11-09;5393;O
1993-11-10;5392;O
1993-11-11;5394;O
1993-11-12;5391;O
1993-11-13;5391;O
1993-11-14;5393;O
1993-11-15;5391;O
1993-11-16;5391;O
1993-11-17;5390;O
1993-11-18;5390;O
1993-11-19;5390;O
1993-11-20;5392;O
1993-11-21;5392;O
1993-11-22;5393;O
1993-11-23;5394;O
1993-11-24;5395;O
1993-11-25;5391;O
1993-11-26;5392;O
1993-11-27;5393;O
1993-11-28;5392;O
1993-11-29;5392;O
1993-11-30;5391;O
1993-12-01;5392;O
1993-12-02;5391;O
1993-12-03;5391;O
1993-12-04;5394;O
1993-12-05;5398;O
1993-12-06;5403;O
1993-12-07;5409;O
1993-12-08;5412;O
1993-12-09;5418;O
1993-12-10;5419;O
1993-12-11;5424;O
1993-12-12;5427;O
1993-12-13;5430;O
1993-12-14;5431;O
1993-12-15;5431;O
1993-12-16;5430;O
1993-12-17;5430;O
1993-12-18;5430;O
1993-12-19;5432;O
1993-12-20;5432;O
1993-12-21;5438;O
1993-12-22;5440;O
1993-12-23;5440;O
1993-12-24;5439;O
1993-12-25;5439;O
1993-12-26;5440;O
1993-12-27;5440;O
1993-12-28;5440;O
1993-12-29;5440;O
1993-12-30;5440;O
1993-12-31;5439;O
1994-01-01;5439;O
1994-01-02;5438;O
1994-01-03;5438;O
1994-01-04;5439;O
1994-01-05;5437;O
1994-01-06;5437;O
1994-01-07;5438;O
1994-01-08;5438;O
1994-01-09;5438;O
1994-01-10;5438;O
1994-01-11;5437;O
1994-01-12;5436;O
1994-01-13;5437;O
1994-01-14;5437;O
1994-01-15;5436;O
1994-01-16;5437;O
1994-01-17;5437;O
1994-01-18;5436;O
1994-01-19;5437;O
1994-01-20;5437;O
1994-01-21;5437;O
1994-01-22;5437;O
1994-01-23;5437;O
1994-01-24;5436;O
1994-01-25;5437;O
1994-01-26;5438;O
1994-01-27;5438;O
1994-01-28;5440;O
1994-01-29;5443;O
1994-01-30;5443;O
1994-01-31;5441;O
1994-02-01;5442;O
1994-02-02;5444;O
1994-02-03;5444;O
1994-02-04;5444;O
1994-02-05;5444;O
1994-02-06;5445;O
1994-02-07;5439;O
1994-02-08;5438;O
1994-02-09;5436;O
1994-02-10;5434;O
1994-02-11;5433;O
1994-02-12;5431;O
1994-02-13;5428;O
1994-02-14;5426;O
1994-02-15;5424;O
1994-02-16;5422;O
1994-02-17;5420;O
1994-02-18;5418;O
1994-02-19;5416;O
1994-02-20;5414;O
1994-02-21;5413;O
1994-02-22;5411;O
1994-02-23;5409;O
1994-02-24;5407;O
1994-02-25;5405;O
1994-02-26;5403;O
1994-02-27;5403;O
1994-02-28;5402;O
1994-03-01;5400;O
1994-03-02;5398;O
1994-03-03;5397;O
1994-03-04;5396;O
1994-03-05;5395;O
1994-03-06;5394;O
1994-03-07;5395;O
1994-03-08;5400;O
1994-03-09;5406;O
1994-03-10;5416;O
1994-03-11;5422;O
1994-03-12;5426;O
1994-03-13;5427;O
1994-03-14;5428;O
1994-03-15;5433;O
1994-03-16;5437;O
1994-03-17;5438;O
1994-03-18;5438;O
1994-03-19;5438;O
1994-03-20;5436;O
1994-03-21;5435;O
1994-03-22;5433;O
1994-03-23;5432;O
1994-03-24;5433;O
1994-03-25;5434;O
1994-03-26;5435;O
1994-03-27;5436;O
1994-03-28;5436;O
1994-03-29;5436;O
1994-03-30;5434;O
1994-03-31;5435;O
1994-04-01;5434;O
1994-04-02;5433;O
1994-04-03;5431;O
1994-04-04;5429;O
1994-04-05;5429;O
1994-04-06;5429;O
1994-04-07;5427;O
1994-04-08;5425;O
1994-04-09;5424;O
1994-04-10;5422;O
1994-04-11;5419;O
1994-04-12;5418;O
1994-04-13;5415;O
1994-04-14;5416;O
1994-04-15;5416;O
1994-04-16;5416;O
1994-04-17;5415;O
1994-04-18;5413;O
1994-04-19;5411;O
1994-04-20;5410;O
1994-04-21;5409;O
1994-04-22;5408;O
1994-04-23;5408;O
1994-04-24;5410;O
1994-04-25;5411;O
1994-04-26;5412;O
1994-04-27;5412;O
1994-04-28;5412;O
1994-04-29;5412;O
1994-04-30;5412;O
1994-05-01;5412;O
1994-05-02;5412;O
1994-05-03;5412;O
1994-05-04;5414;O
1994-05-05;5413;O
1994-05-06;5412;O
1994-05-07;5412;O
1994-05-08;5413;O
1994-05-09;5413;O
1994-05-10;5412;O
1994-05-11;5412;O
1994-05-12;5412;O
1994-05-13;5412;O
1994-05-14;5411;O
1994-05-15;5409;O
1994-05-16;5411;O
1994-05-17;5411;O
1994-05-18;5412;O
1994-05-19;5414;O
1994-05-20;5412;O
1994-05-21;5414;O
1994-05-22;5413;O
1994-05-23;5412;O
1994-05-24;5412;O
1994-05-25;5412;O
1994-05-26;5412;O
1994-05-27;5412;O
1994-05-28;5412;O
1994-05-29;5411;O
1994-05-30;5411;O
1994-05-31;5410;O
1994-06-01;5408;O
1994-06-02;5410;O
1994-06-03;5410;O
1994-06-04;5410;O
1994-06-05;5410;O
1994-06-06;5410;O
1994-06-07;5410;O
1994-06-08;5410;O
1994-06-09;5409;O
1994-06-10;5410;O
1994-06-11;5409;O
1994-06-12;5408;O
1994-06-13;5407;O
1994-06-14;5406;O
1994-06-15;5405;O
1994-06-16;5405;O
1994-06-17;5405;O
1994-06-18;5406;O
1994-06-19;5406;O
1994-06-20;5406;O
1994-06-21;5406;O
1994-06-22;5405;O
1994-06-23;5402;O
1994-06-24;5402;O
1994-06-25;5404;O
1994-06-26;5406;O
1994-06-27;5402;O
1994-06-28;5402;O
1994-06-29;5402;O
1994-06-30;5404;O
1994-07-01;5401;O
1994-07-02;5400;O
1994-07-03;5400;O
1994-07-04;5399;O
1994-07-05;5398;O
1994-07-06;5397;O
1994-07-07;5396;O
1994-07-08;5395;O
1994-07-09;5393;O
1994-07-10;5393;O
1994-07-11;5392;O
1994-07-12;5391;O
1994-07-13;5390;O
1994-07-14;5390;O
1994-07-15;5389;O
1994-07-16;5388;O
1994-07-17;5388;O
1994-07-18;5386;O
1994-07-19;5385;O
1994-07-20;5385;O
1994-07-21;5384;O
1994-07-22;5384;O
1994-07-23;5384;O
1994-07-24;5382;O
1994-07-25;5382;O
1994-07-26;5382;O
1994-07-27;5381;O
1994-07-28;5379;O
1994-07-29;5380;O
1994-07-30;5378;O
1994-07-31;5378;O
1994-08-01;5378;O
1994-08-02;5378;O
1994-08-03;5378;O
1994-08-04;5377;O
1994-08-05;5376;O
1994-08-06;5375;O
1994-08-07;5374;O
1994-08-08;5374;O
1994-08-09;5374;O
1994-08-10;5372;O
1994-08-11;5372;O
1994-08-12;5370;O
1994-08-13;5370;O
1994-08-14;5368;O
1994-08-15;5366;O
1994-08-16;5365;O
1994-08-17;5364;O
1994-08-18;5363;O
1994-08-19;5363;O
1994-08-20;5363;O
1994-08-21;5362;O
1994-08-22;5362;O
1994-08-23;5362;O
1994-08-24;5362;O
1994-08-25;5361;O
1994-08-26;5360;O
1994-08-27;5358;O
1994-08-28;5358;O
1994-08-29;5358;O
1994-08-30;5356;O
1994-08-31;5300;O
1994-09-01;5356;O
1994-09-02;5356;O
1994-09-03;5356;O
1994-09-04;5356;O
1994-09-05;5356;O
1994-09-06;5356;O
1994-09-07;5355;O
1994-09-08;5354;O
1994-09-09;5356;O
1994-09-10;5356;O
1994-09-11;5356;O
1994-09-12;5356;O
1994-09-13;5357;O
1994-09-14;5357;O
1994-09-15;5357;O
1994-09-16;5365;O
1994-09-17;5368;O
1994-09-18;5372;O
1994-09-19;5376;O
1994-09-20;5380;O
1994-09-21;5381;O
1994-09-22;5383;O
1994-09-23;5385;O
1994-09-24;5386;O
1994-09-25;5386;O
1994-09-26;5386;O
1994-09-27;5387;O
1994-09-28;5386;O
1994-09-29;5385;O
1994-09-30;5387;O
1994-10-01;5386;O
1994-10-02;5385;O
1994-10-03;5386;O
1994-10-04;5385;O
1994-10-05;5386;O
1994-10-06;5384;O
1994-10-07;5383;O
1994-10-08;5382;O
1994-10-09;5382;O
1994-10-10;5380;O
1994-10-11;5380;O
1994-10-12;5378;O
1994-10-13;5376;O
1994-10-14;5376;O
1994-10-15;5375;O
1994-10-16;5373;O
1994-10-17;5373;O
1994-10-18;5370;O
1994-10-19;5370;O
1994-10-20;5370;O
1994-10-21;5369;O
1994-10-22;5367;O
1994-10-23;5366;O
1994-10-24;5364;O
1994-10-25;5362;O
1994-10-26;5362;O
1994-10-27;5362;O
1994-10-28;5360;O
1994-10-29;5360;O
1994-10-30;5360;O
1994-10-31;5361;O
1994-11-01;5362;O
1994-11-02;5362;O
1994-11-03;5363;O
1994-11-04;5366;O
1994-11-05;5365;O
1994-11-06;5363;O
1994-11-07;5362;O
1994-11-08;5362;O
1994-11-09;5362;O
1994-11-10;5362;O
1994-11-11;5362;O
1994-11-12;5362;O
1994-11-13;5362;O
1994-11-14;5363;O
1994-11-15;5362;O
1994-11-16;5363;O
1994-11-17;5366;O
1994-11-18;5368;O
1994-11-19;5368;O
1994-11-20;5371;O
1994-11-21;5373;O
1994-11-22;5376;O
1994-11-23;5380;O
1994-11-24;5378;O
1994-11-25;5380;O
1994-11-26;5382;O
1994-11-27;5382;O
1994-11-28;5384;O
1994-11-29;5383;O
1994-11-30;5385;O
1994-12-01;5386;O
1994-12-02;5386;O
1994-12-03;5386;O
1994-12-04;5385;O
1994-12-05;5386;O
1994-12-06;5386;O
1994-12-07;5386;O
1994-12-08;5388;O
1994-12-09;5392;O
1994-12-10;5396;O
1994-12-11;5398;O
1994-12-12;5403;O
1994-12-13;5406;O
1994-12-14;5411;O
1994-12-15;5414;O
1994-12-16;5416;O
1994-12-17;5418;O
1994-12-18;5421;O
1994-12-19;5421;O
1994-12-20;5421;O
1994-12-21;5421;O
1994-12-22;5421;O
1994-12-23;5421;O
1994-12-24;5421;O
1994-12-25;5421;O
1994-12-26;5421;O
1994-12-27;5424;O
1994-12-28;5422;O
1994-12-29;5424;O
1994-12-30;5432;O
1994-12-31;5439;O
1995-01-01;5442;O
1995-01-02;5444;O
1995-01-03;5443;O
1995-01-04;5442;O
1995-01-05;5440;O
1995-01-06;5437;O
1995-01-07;5434;O
1995-01-08;5432;O
1995-01-09;5430;O
1995-01-10;5429;O
1995-01-11;5428;O
1995-01-12;5426;O
1995-01-13;5424;O
1995-01-14;5423;O
1995-01-15;5422;O
1995-01-16;5420;O
1995-01-17;5419;O
1995-01-18;5418;O
1995-01-19;5417;O
1995-01-20;5419;O
1995-01-21;5420;O
1995-01-22;5421;O
1995-01-23;5422;O
1995-01-24;5424;O
1995-01-25;5428;O
1995-01-26;5430;O
1995-01-27;5431;O
1995-01-28;5431;O
1995-01-29;5432;O
1995-01-30;5432;O
1995-01-31;5432;O
1995-02-01;5432;O
1995-02-02;5436;O
1995-02-03;5440;O
1995-02-04;5441;O
1995-02-05;5441;O
1995-02-06;5443;O
1995-02-07;5445;O
1995-02-08;5448;O
1995-02-09;5450;O
1995-02-10;5450;O
1995-02-11;5449;O
1995-02-12;5449;O
1995-02-13;5447;O
1995-02-14;5447;O
1995-02-15;5447;O
1995-02-16;5448;O
1995-02-17;5454;O
1995-02-18;5456;O
1995-02-19;5459;O
1995-02-20;5460;O
1995-02-21;5460;O
1995-02-22;5457;O
1995-02-23;5459;O
1995-02-24;5457;O
1995-02-25;5456;O
1995-02-26;5454;O
1995-02-27;5452;O
1995-02-28;5450;O
1995-03-01;5449;O
1995-03-02;5449;O
1995-03-03;5447;O
1995-03-04;5449;O
1995-03-05;5445;O
1995-03-06;5443;O
1995-03-07;5441;O
1995-03-08;5440;O
1995-03-09;5438;O
1995-03-10;5435;O
1995-03-11;5432;O
1995-03-12;5430;O
1995-03-13;5428;O
1995-03-14;5426;O
1995-03-15;5425;O
1995-03-16;5421;O
1995-03-17;5419;O
1995-03-18;5419;O
1995-03-19;5422;O
1995-03-20;5422;O
1995-03-21;5423;O
1995-03-22;5423;O
1995-03-23;5422;O
1995-03-24;5422;O
1995-03-25;5422;O
1995-03-26;5419;O
1995-03-27;5422;O
1995-03-28;5422;O
1995-03-29;5423;O
1995-03-30;5422;O
1995-03-31;5422;O
1995-04-01;5421;O
1995-04-02;5418;O
1995-04-03;5420;O
1995-04-04;5421;O
1995-04-05;5421;O
1995-04-06;5422;O
1995-04-07;5422;O
1995-04-08;5421;O
1995-04-09;5423;O
1995-04-10;5424;O
1995-04-11;5424;O
1995-04-12;5424;O
1995-04-13;5423;O
1995-04-14;5423;O
1995-04-15;5423;O
1995-04-16;5423;O
1995-04-17;5422;O
1995-04-18;5424;O
1995-04-19;5427;O
1995-04-20;5430;O
1995-04-21;5430;O
1995-04-22;5430;O
1995-04-23;5430;O
1995-04-24;5428;O
1995-04-25;5428;O
1995-04-26;5426;O
1995-04-27;5424;O
1995-04-28;5422;O
1995-04-29;5423;O
1995-04-30;5422;O
1995-05-01;5422;O
1995-05-02;5421;O
1995-05-03;5420;O
1995-05-04;5418;O
1995-05-05;5418;O
1995-05-06;5418;O
1995-05-07;5418;O
1995-05-08;5420;O
1995-05-09;5420;O
1995-05-10;5418;O
1995-05-11;5419;O
1995-05-12;5419;O
1995-05-13;5419;O
1995-05-14;5418;O
1995-05-15;5418;O
1995-05-16;5420;O
1995-05-17;5418;O
1995-05-18;5418;O
1995-05-19;5420;O
1995-05-20;5420;O
1995-05-21;5420;O
1995-05-22;5419;O
1995-05-23;5418;O
1995-05-24;5418;O
1995-05-25;5418;O
1995-05-26;5416;O
1995-05-27;5416;O
1995-05-28;5418;O
1995-05-29;5417;O
1995-05-30;5416;O
1995-05-31;5416;O
1995-06-01;5414;O
1995-06-02;5412;O
1995-06-03;5414;O
1995-06-04;5414;O
1995-06-05;5414;O
1995-06-06;5411;O
1995-06-07;5411;O
1995-06-08;5412;O
1995-06-09;5410;O
1995-06-10;5408;O
1995-06-11;5408;O
1995-06-12;5408;O
1995-06-13;5407;O
1995-06-14;5407;O
1995-06-15;5407;O
1995-06-16;5407;O
1995-06-17;5406;O
1995-06-18;5405;O
1995-06-19;5401;O
1995-06-20;5400;O
1995-06-21;5400;O
1995-06-22;5398;O
1995-06-23;5402;O
1995-06-24;5402;O
1995-06-25;5402;O
1995-06-26;5401;O
1995-06-27;5402;O
1995-06-28;5400;O
1995-06-29;5400;O
1995-06-30;5398;O
1995-07-01;5397;O
1995-07-02;5397;O
1995-07-03;5395;O
1995-07-04;5394;O
1995-07-05;5394;O
1995-07-06;5394;O
1995-07-07;5392;O
1995-07-08;5392;O
1995-07-09;5389;O
1995-07-10;5391;O
1995-07-11;5391;O
1995-07-12;5390;O
1995-07-13;5388;O
1995-07-14;5389;O
1995-07-15;5389;O
1995-07-16;5389;O
1995-07-17;5390;O
1995-07-18;5390;O
1995-07-19;5388;O
1995-07-20;5388;O
1995-07-21;5388;O
1995-07-22;5388;O
1995-07-23;5386;O
1995-07-24;5386;O
1995-07-25;5385;O
1995-07-26;5385;O
1995-07-27;5385;O
1995-07-28;5385;O
1995-07-29;5383;O
1995-07-30;5382;O
1995-07-31;5382;O
1995-08-01;5381;O
1995-08-02;5381;O
1995-08-03;5381;O
1995-08-04;5380;O
1995-08-05;5379;O
1995-08-06;5378;O
1995-08-07;5376;O
1995-08-08;5379;O
1995-08-09;5374;O
1995-08-10;5372;O
1995-08-11;5372;O
1995-08-12;5370;O
1995-08-13;5370;O
1995-08-14;5368;O
1995-08-15;5366;O
1995-08-16;5365;O
1995-08-17;5366;O
1995-08-18;5365;O
1995-08-19;5366;O
1995-08-20;5364;O
1995-08-21;5362;O
1995-08-22;5362;O
1995-08-23;5361;O
1995-08-24;5360;O
1995-08-25;5358;O
1995-08-26;5358;O
1995-08-27;5357;O
1995-08-28;5356;O
1995-08-29;5356;O
1995-08-30;5352;O
1995-08-31;5351;O
1995-09-01;5350;O
1995-09-02;5350;O
1995-09-03;5349;O
1995-09-04;5350;O
1995-09-05;5353;O
1995-09-06;5353;O
1995-09-07;5352;O
1995-09-08;5352;O
1995-09-09;5352;O
1995-09-10;5351;O
1995-09-11;5351;O
1995-09-12;5350;O
1995-09-13;5350;O
1995-09-14;5350;O
1995-09-15;5350;O
1995-09-16;5350;O
1995-09-17;5350;O
1995-09-18;5350;O
1995-09-19;5348;O
1995-09-20;5347;O
1995-09-21;5346;O
1995-09-22;5346;O
1995-09-23;5344;O
1995-09-24;5344;O
1995-09-25;5343;O
1995-09-26;5343;O
1995-09-27;5344;O
1995-09-28;5343;O
1995-09-29;5344;O
1995-09-30;5347;O
1995-10-01;5347;O
1995-10-02;5348;O
1995-10-03;5348;O
1995-10-04;5348;O
1995-10-05;5348;O
1995-10-06;5348;O
1995-10-07;5350;O
1995-10-08;5350;O
1995-10-09;5348;O
1995-10-10;5350;O
1995-10-11;5350;O
1995-10-12;5349;O
1995-10-13;5348;O
1995-10-14;5349;O
1995-10-15;5350;O
1995-10-16;5348;O
1995-10-17;5348;O
1995-10-18;5344;O
1995-10-19;5347;O
1995-10-20;5345;O
1995-10-21;5346;O
1995-10-22;5346;O
1995-10-23;5346;O
1995-10-24;5346;O
1995-10-25;5346;O
1995-10-26;5344;O
1995-10-27;5345;O
1995-10-28;5345;O
1995-10-29;5344;O
1995-10-30;5344;O
1995-10-31;5344;O
1995-11-01;5344;O
1995-11-02;5346;O
1995-11-03;5346;O
1995-11-04;5346;O
1995-11-05;5346;O
1995-11-06;5347;O
1995-11-07;5348;O
1995-11-08;5349;O
1995-11-09;5349;O
1995-11-10;5349;O
1995-11-11;5351;O
1995-11-12;5352;O
1995-11-13;5352;O
1995-11-14;5352;O
1995-11-15;5352;O
1995-11-16;5353;O
1995-11-17;5356;O
1995-11-18;5350;O
1995-11-19;5355;O
1995-11-20;5355;O
1995-11-21;5356;O
1995-11-22;5356;O
1995-11-23;5356;O
1995-11-24;5356;O
1995-11-25;5357;O
1995-11-26;5357;O
1995-11-27;5357;O
1995-11-28;5357;O
1995-11-29;5357;O
1995-11-30;5356;O
1995-12-01;5356;O
1995-12-02;5356;O
1995-12-03;5356;O
1995-12-04;5354;O
1995-12-05;5354;O
1995-12-06;5353;O
1995-12-07;5353;O
1995-12-08;5351;O
1995-12-09;5350;O
1995-12-10;5350;O
1995-12-11;5350;O
1995-12-12;5351;O
1995-12-13;5351;O
1995-12-14;5350;O
1995-12-15;5351;O
1995-12-16;5351;O
1995-12-17;5350;O
1995-12-18;5349;O
1995-12-19;5349;O
1995-12-20;5349;O
1995-12-21;5349;O
1995-12-22;5349;O
1995-12-23;5349;O
1995-12-24;5349;O
1995-12-25;5348;O
1995-12-26;5349;O
1995-12-27;5348;O
1995-12-28;5348;O
1995-12-29;5348;O
1995-12-30;5348;O
1995-12-31;5347;O
1996-01-01;5347;O
1996-01-02;5347;O
1996-01-03;5347;O
1996-01-04;5346;O
1996-01-05;5345;O
1996-01-06;5346;O
1996-01-07;5346;O
1996-01-08;5346;O
1996-01-09;5346;O
1996-01-10;5346;O
1996-01-11;5346;O
1996-01-12;5346;O
1996-01-13;5346;O
1996-01-14;5348;O
1996-01-15;5348;O
1996-01-16;5349;O
1996-01-17;5349;O
1996-01-18;5349;O
1996-01-19;5350;O
1996-01-20;5350;O
1996-01-21;5350;O
1996-01-22;5350;O
1996-01-23;5349;O
1996-01-24;5350;O
1996-01-25;5350;O
1996-01-26;5350;O
1996-01-27;5350;O
1996-01-28;5350;O
1996-01-29;5350;O
1996-01-30;5350;O
1996-01-31;5350;O
1996-02-01;5350;O
1996-02-02;5349;O
1996-02-03;5350;O
1996-02-04;5349;O
1996-02-05;5349;O
1996-02-06;5348;O
1996-02-07;5348;O
1996-02-08;5348;O
1996-02-09;5347;O
1996-02-10;5347;O
1996-02-11;5346;O
1996-02-12;5345;O
1996-02-13;5345;O
1996-02-14;5345;O
1996-02-15;5344;O
1996-02-16;5344;O
1996-02-17;5346;O
1996-02-18;5346;O
1996-02-19;5346;O
1996-02-20;5346;O
1996-02-21;5348;O
1996-02-22;5348;O
1996-02-23;5348;O
1996-02-24;5349;O
1996-02-25;5349;O
1996-02-26;5349;O
1996-02-27;5349;O
1996-02-28;5348;O
1996-02-29;5348;O
1996-03-01;5349;O
1996-03-02;5350;O
1996-03-03;5349;O
1996-03-04;5349;O
1996-03-05;5349;O
1996-03-06;5350;O
1996-03-07;5350;O
1996-03-08;5350;O
1996-03-09;5350;O
1996-03-10;5350;O
1996-03-11;5350;O
1996-03-12;5350;O
1996-03-13;5350;O
1996-03-14;5350;O
1996-03-15;5349;O
1996-03-16;5350;O
1996-03-17;5350;O
1996-03-18;5349;O
1996-03-19;5349;O
1996-03-20;5349;O
1996-03-21;5349;O
1996-03-22;5349;O
1996-03-23;5348;O
1996-03-24;5348;O
1996-03-25;5349;O
1996-03-26;5349;O
1996-03-27;5350;O
1996-03-28;5350;O
1996-03-29;5351;O
1996-03-30;5352;O
1996-03-31;5352;O
1996-04-01;5353;O
1996-04-02;5353;O
1996-04-03;5353;O
1996-04-04;5354;O
1996-04-05;5356;O
1996-04-06;5356;O
1996-04-07;5358;O
1996-04-08;5360;O
1996-04-09;5362;O
1996-04-10;5366;O
1996-04-11;5368;O
1996-04-12;5370;O
1996-04-13;5369;O
1996-04-14;5372;O
1996-04-15;5374;O
1996-04-16;5374;O
1996-04-17;5375;O
1996-04-18;5376;O
1996-04-19;5376;O
1996-04-20;5376;O
1996-04-21;5377;O
1996-04-22;5378;O
1996-04-23;5379;O
1996-04-24;5378;O
1996-04-25;5379;O
1996-04-26;5380;O
1996-04-27;5380;O
1996-04-28;5380;O
1996-04-29;5380;O
1996-04-30;5382;O
1996-05-01;5381;O
1996-05-02;5381;O
1996-05-03;5380;O
1996-05-04;5382;O
1996-05-05;5383;O
1996-05-06;5384;O
1996-05-07;5386;O
1996-05-08;5386;O
1996-05-09;5386;O
1996-05-10;5386;O
1996-05-11;5387;O
1996-05-12;5388;O
1996-05-13;5389;O
1996-05-14;5391;O
1996-05-15;5391;O
1996-05-16;5390;O
1996-05-17;5391;O
1996-05-18;5392;O
1996-05-19;5396;O
1996-05-20;5394;O
1996-05-21;5399;O
1996-05-22;5404;O
1996-05-23;5407;O
1996-05-24;5409;O
1996-05-25;5411;O
1996-05-26;5414;O
1996-05-27;5416;O
1996-05-28;5418;O
1996-05-29;5419;O
1996-05-30;5421;O
1996-05-31;5422;O
1996-06-01;5422;O
1996-06-02;5420;O
1996-06-03;5419;O
1996-06-04;5418;O
1996-06-05;5418;O
1996-06-06;5417;O
1996-06-07;5417;O
1996-06-08;5416;O
1996-06-09;5415;O
1996-06-10;5415;O
1996-06-11;5414;O
1996-06-12;5412;O
1996-06-13;5408;O
1996-06-14;5410;O
1996-06-15;5408;O
1996-06-16;5408;O
1996-06-17;5407;O
1996-06-18;5407;O
1996-06-19;5407;O
1996-06-20;5406;O
1996-06-21;5405;O
1996-06-22;5404;O
1996-06-23;5404;O
1996-06-24;5405;O
1996-06-25;5404;O
1996-06-26;5403;O
1996-06-27;5402;O
1996-06-28;5402;O
1996-06-29;5402;O
1996-06-30;5402;O
1996-08-01;5386;O
1996-08-02;5386;O
1996-08-03;5386;O
1996-08-04;5384;O
1996-08-05;5383;O
1996-08-06;5384;O
1996-08-07;5383;O
1996-08-08;5383;O
1996-08-09;5383;O
1996-08-10;5382;O
1996-08-11;5382;O
1996-08-12;5381;O
1996-08-13;5381;O
1996-08-14;5381;O
1996-08-15;5381;O
1996-08-16;5380;O
1996-08-17;5378;O
1996-08-18;5378;O
1996-08-19;5376;O
1996-08-20;5376;O
1996-08-21;5376;O
1996-08-22;5374;O
1996-08-23;5374;O
1996-08-24;5373;O
1996-08-25;5372;O
1996-08-26;5372;O
1996-08-27;5372;O
1996-08-28;5371;O
1996-08-29;5371;O
1996-08-30;5371;O
1996-08-31;5371;O
1996-09-01;5369;O
1996-09-02;5368;O
1996-09-03;5367;O
1996-09-04;5366;O
1996-09-05;5364;O
1996-09-06;5364;O
1996-09-07;5362;O
1996-09-08;5361;O
1996-09-09;5360;O
1996-09-10;5360;O
1996-09-11;5360;O
1996-09-12;5360;O
1996-09-13;5360;O
1996-09-14;5362;O
1996-09-15;5362;O
1996-09-16;5361;O
1996-09-17;5361;O
1996-09-18;5361;O
1996-09-19;5361;O
1996-09-20;5360;O
1996-09-21;5358;O
1996-09-22;5358;O
1996-09-23;5358;O
1996-09-24;5358;O
1996-09-25;5356;O
1996-09-26;5356;O
1996-09-27;5356;O
1996-09-28;5355;O
1996-09-29;5355;O
1996-09-30;5357;O
1996-10-01;5358;O
1996-10-02;5358;O
1996-10-03;5358;O
1996-10-04;5358;O
1996-10-05;5358;O
1996-10-06;5358;O
1996-10-07;5357;O
1996-10-08;5356;O
1996-10-09;5356;O
1996-10-10;5356;O
1996-10-11;5355;O
1996-10-12;5355;O
1996-10-13;5354;O
1996-10-14;5354;O
1996-10-15;5353;O
1996-10-16;5353;O
1996-10-17;5352;O
1996-10-18;5351;O
1996-10-19;5350;O
1996-10-20;5350;O
1996-10-21;5350;O
1996-10-22;5350;O
1996-10-23;5350;O
1996-10-24;5350;O
1996-10-25;5348;O
1996-10-26;5348;O
1996-10-27;5348;O
1996-10-28;5348;O
1996-10-29;5350;O
1996-10-30;5348;O
1996-10-31;5350;O
1996-11-01;5350;O
1996-11-02;5350;O
1996-11-03;5351;O
1996-11-04;5350;O
1996-11-05;5353;O
1996-11-06;5351;O
1996-11-07;5356;O
1996-11-08;5358;O
1996-11-09;5360;O
1996-11-10;5361;O
1996-11-11;5364;O
1996-11-12;5365;O
1996-11-13;5364;O
1996-11-14;5364;O
1996-11-15;5366;O
1996-11-16;5366;O
1996-11-17;5366;O
1996-11-18;5366;O
1996-11-19;5367;O
1996-11-20;5369;O
1996-11-21;5369;O
1996-11-22;5371;O
1996-11-23;5374;O
1996-11-24;5375;O
1996-11-25;5375;O
1996-11-26;5375;O
1996-11-27;5375;O
1996-11-28;5374;O
1996-11-29;5374;O
1996-11-30;5375;O
1996-12-01;5372;O
1996-12-02;5373;O
1996-12-03;5373;O
1996-12-04;5375;O
1996-12-05;5374;O
1996-12-06;5377;O
1996-12-07;5379;O
1996-12-08;5380;O
1996-12-09;5381;O
1996-12-10;5382;O
1996-12-11;5382;O
1996-12-12;5382;O
1996-12-13;5381;O
1996-12-14;5381;O
1996-12-15;5380;O
1996-12-16;5381;O
1996-12-17;5382;O
1996-12-18;5382;O
1996-12-19;5384;O
1996-12-20;5385;O
1996-12-21;5384;O
1996-12-22;5384;O
1996-12-23;5385;O
1996-12-24;5382;O
1996-12-25;5382;O
1996-12-26;5379;O
1996-12-27;5376;O
1996-12-28;5375;O
1996-12-29;5373;O
1996-12-30;5371;O
1996-12-31;5370;O
1997-01-01;5368;O
1997-01-02;5366;O
1997-01-03;5364;O
1997-01-04;5362;O
1997-01-05;5360;O
1997-01-06;5358;O
1997-01-07;5357;O
1997-01-08;5357;O
1997-01-09;5357;O
1997-01-10;5357;O
1997-01-11;5356;O
1997-01-12;5355;O
1997-01-13;5354;O
1997-01-14;5354;O
1997-01-15;5352;O
1997-01-16;5352;O
1997-01-17;5354;O
1997-01-18;5354;O
1997-01-19;5354;O
1997-01-20;5354;O
1997-01-21;5352;O
1997-01-22;5353;O
1997-01-23;5354;O
1997-01-24;5355;O
1997-01-25;5355;O
1997-01-26;5355;O
1997-01-27;5355;O
1997-01-28;5355;O
1997-01-29;5355;O
1997-01-30;5354;O
1997-01-31;5355;O
1997-02-01;5354;O
1997-02-02;5354;O
1997-02-03;5354;O
1997-02-04;5354;O
1997-02-05;5356;O
1997-02-06;5356;O
1997-02-07;5358;O
1997-02-08;5361;O
1997-02-09;5362;O
1997-02-10;5363;O
1997-02-11;5365;O
1997-02-12;5366;O
1997-02-13;5368;O
1997-02-14;5371;O
1997-02-15;5374;O
1997-02-16;5375;O
1997-02-17;5375;O
1997-02-18;5375;O
1997-02-19;5376;O
1997-02-20;5380;O
1997-02-21;5382;O
1997-02-22;5386;O
1997-02-23;5389;O
1997-02-24;5392;O
1997-02-25;5396;O
1997-02-26;5399;O
1997-02-27;5403;O
1997-02-28;5404;O
1997-03-01;5405;O
1997-03-02;5409;O
1997-03-03;5406;O
1997-03-04;5409;O
1997-03-05;5412;O
1997-03-06;5412;O
1997-03-07;5414;O
1997-03-08;5414;O
1997-03-09;5412;O
1997-03-10;5412;O
1997-03-11;5412;O
1997-03-12;5410;O
1997-03-13;5411;O
1997-03-14;5410;O
1997-03-15;5412;O
1997-03-16;5412;O
1997-03-17;5413;O
1997-03-18;5413;O
1997-03-19;5414;O
1997-03-20;5413;O
1997-03-21;5412;O
1997-03-22;5411;O
1997-03-23;5410;O
1997-03-24;5410;O
1997-03-25;5409;O
1997-03-26;5408;O
1997-03-27;5407;O
1997-03-28;5408;O
1997-03-29;5409;O
1997-03-30;5410;O
1997-03-31;5410;O
1997-04-01;5410;O
1997-04-02;5410;O
1997-04-03;5410;O
1997-04-04;5411;O
1997-04-05;5412;O
1997-04-06;5412;O
1997-04-07;5412;O
1997-04-08;5413;O
1997-04-09;5414;O
1997-04-10;5412;O
1997-04-11;5412;O
1997-04-12;5413;O
1997-04-13;5414;O
1997-04-14;5412;O
1997-04-15;5412;O
1997-04-16;5413;O
1997-04-17;5413;O
1997-04-18;5413;O
1997-04-19;5414;O
1997-04-20;5414;O
1997-04-21;5414;O
1997-04-22;5414;O
1997-04-23;5414;O
1997-04-24;5414;O
1997-04-25;5415;O
1997-04-26;5418;O
1997-04-27;5419;O
1997-04-28;5418;O
1997-04-29;5418;O
1997-04-30;5420;O
1997-05-01;5420;O
1997-05-02;5417;O
1997-05-03;5418;O
1997-05-04;5418;O
1997-05-05;5419;O
1997-05-06;5420;O
1997-05-07;5420;O
1997-05-08;5420;O
1997-05-09;5421;O
1997-05-10;5421;O
1997-05-11;5421;O
1997-05-12;5421;O
1997-05-13;5420;O
1997-05-14;5420;O
1997-05-15;5420;O
1997-05-16;5419;O
1997-05-17;5420;O
1997-05-18;5418;O
1997-05-19;5418;O
1997-05-20;5418;O
1997-05-21;5418;O
1997-05-22;5418;O
1997-05-23;5420;O
1997-05-24;5420;O
1997-05-25;5420;O
1997-05-26;5419;O
1997-05-27;5419;O
1997-05-28;5418;O
1997-05-29;5418;O
1997-05-30;5418;O
1997-05-31;5419;O
1997-06-01;5418;O
1997-06-02;5418;O
1997-06-03;5417;O
1997-06-04;5416;O
1997-06-05;5415;O
1997-06-06;5414;O
1997-06-07;5413;O
1997-06-08;5412;O
1997-06-09;5410;O
1997-06-10;5408;O
1997-06-11;5408;O
1997-06-12;5409;O
1997-06-13;5408;O
1997-06-14;5407;O
1997-06-15;5406;O
1997-06-16;5406;O
1997-06-17;5406;O
1997-06-18;5405;O
1997-06-19;5404;O
1997-06-20;5404;O
1997-06-21;5404;O
1997-06-22;5404;O
1997-06-23;5404;O
1997-06-24;5402;O
1997-06-25;5401;O
1997-06-26;5402;O
1997-06-27;5402;O
1997-06-28;5400;O
1997-06-29;5400;O
1997-06-30;5400;O
1997-07-01;5399;O
1997-07-02;5399;O
1997-07-03;5400;O
1997-07-04;5399;O
1997-07-05;5397;O
1997-07-06;5396;O
1997-07-07;5395;O
1997-07-08;5395;O
1997-07-09;5394;O
1997-07-10;5392;O
1997-07-11;5391;O
1997-07-12;5392;O
1997-07-13;5390;O
1997-07-14;5390;O
1997-07-15;5388;O
1997-07-16;5387;O
1997-07-17;5388;O
1997-07-18;5386;O
1997-07-19;5385;O
1997-07-20;5384;O
1997-07-21;5383;O
1997-07-22;5382;O
1997-07-23;5381;O
1997-07-24;5381;O
1997-07-25;5381;O
1997-07-26;5382;O
1997-07-27;5381;O
1997-07-28;5380;O
1997-07-29;5380;O
1997-07-30;5381;O
1997-07-31;5381;O
1997-08-01;5381;O
1997-08-02;5380;O
1997-08-03;5380;O
1997-08-04;5379;O
1997-08-05;5379;O
1997-08-06;5379;O
1997-08-07;5378;O
1997-08-08;5378;O
1997-08-09;5377;O
1997-08-10;5376;O
1997-08-11;5376;O
1997-08-12;5374;O
1997-08-13;5374;O
1997-08-14;5374;O
1997-08-15;5373;O
1997-08-16;5373;O
1997-08-17;5372;O
1997-08-18;5371;O
1997-08-19;5371;O
1997-08-20;5368;O
1997-08-21;5368;O
1997-08-22;5367;O
1997-08-23;5365;O
1997-08-24;5365;O
1997-08-25;5365;O
1997-08-26;5364;O
1997-08-27;5362;O
1997-08-28;5361;O
1997-08-29;5361;O
1997-08-30;5360;O
1997-08-31;5360;O
1997-09-01;5359;O
1997-09-02;5358;O
1997-09-03;5358;O
1997-09-04;5357;O
1997-09-05;5356;O
1997-09-06;5356;O
1997-09-07;5354;O
1997-09-08;5353;O
1997-09-09;5351;O
1997-09-10;5353;O
1997-09-11;5353;O
1997-09-12;5354;O
1997-09-13;5352;O
1997-09-14;5351;O
1997-09-15;5351;O
1997-09-16;5349;O
1997-09-17;5349;O
1997-09-18;5348;O
1997-09-19;5347;O
1997-09-20;5346;O
1997-09-21;5345;O
1997-09-22;5344;O
1997-09-23;5343;O
1997-09-24;5343;O
1997-09-25;5342;O
1997-09-26;5342;O
1997-09-27;5341;O
1997-09-28;5341;O
1997-09-29;5340;O
1997-09-30;5339;O
1997-10-01;5339;O
1997-10-02;5335;O
1997-10-03;5338;O
1997-10-04;5338;O
1997-10-05;5338;O
1997-10-06;5339;O
1997-10-07;5340;O
1997-10-08;5340;O
1997-10-09;5342;O
1997-10-10;5342;O
1997-10-11;5345;O
1997-10-12;5346;O
1997-10-13;5348;O
1997-10-14;5347;O
1997-10-15;5347;O
1997-10-16;5346;O
1997-10-17;5346;O
1997-10-18;5346;O
1997-10-19;5346;O
1997-10-20;5346;O
1997-10-21;5346;O
1997-10-22;5346;O
1997-10-23;5346;O
1997-10-24;5346;O
1997-10-25;5346;O
1997-10-26;5346;O
1997-10-27;5347;O
1997-10-28;5347;O
1997-10-29;5347;O
1997-10-30;5347;O
1997-10-31;5347;O
1997-11-01;5346;O
1997-11-02;5346;O
1997-11-03;5346;O
1997-11-04;5346;O
1997-11-05;5349;O
1997-11-06;5348;O
1997-11-07;5348;O
1997-11-08;5349;O
1997-11-09;5350;O
1997-11-10;5350;O
1997-11-11;5350;O
1997-11-12;5351;O
1997-11-13;5352;O
1997-11-14;5351;O
1997-11-15;5352;O
1997-11-16;5353;O
1997-11-17;5351;O
1997-11-18;5355;O
1997-11-19;5354;O
1997-11-20;5356;O
1997-11-21;5351;O
1997-11-22;5352;O
1997-11-23;5350;O
1997-11-24;5351;O
1997-11-25;5350;O
1997-11-26;5350;O
1997-11-27;5350;O
1997-11-28;5350;O
1997-11-29;5350;O
1997-11-30;5350;O
1997-12-01;5350;O
1997-12-02;5350;O
1997-12-03;5350;O
1997-12-04;5350;O
1997-12-05;5350;O
1997-12-06;5350;O
1997-12-07;5350;O
1997-12-08;5350;O
1997-12-09;5350;O
1997-12-10;5350;O
1997-12-11;5350;O
1997-12-12;5351;O
1997-12-13;5350;O
1997-12-14;5355;O
1997-12-15;5356;O
1997-12-16;5356;O
1997-12-17;5356;O
1997-12-18;5358;O
1997-12-19;5357;O
1997-12-20;5356;O
1997-12-21;5354;O
1997-12-22;5354;O
1997-12-23;5354;O
1997-12-24;5353;O
1997-12-25;5354;O
1997-12-26;5355;O
1997-12-27;5356;O
1997-12-28;5360;O
1997-12-29;5361;O
1997-12-30;5362;O
1997-12-31;5364;O
1998-01-01;5364;O
1998-01-02;5364;O
1998-01-03;5362;O
1998-01-04;5362;O
1998-01-05;5365;O
1998-01-06;5367;O
1998-01-07;5368;O
1998-01-08;5371;O
1998-01-09;5372;O
1998-01-10;5374;O
1998-01-11;5376;O
1998-01-12;5376;O
1998-01-13;5376;O
1998-01-14;5376;O
1998-01-15;5376;O
1998-01-16;5375;O
1998-01-17;5375;O
1998-01-18;5374;O
1998-01-19;5376;O
1998-01-20;5374;O
1998-01-21;5376;O
1998-01-22;5377;O
1998-01-23;5377;O
1998-01-24;5378;O
1998-01-25;5376;O
1998-01-26;5376;O
1998-01-27;5377;O
1998-01-28;5377;O
1998-01-29;5378;O
1998-01-30;5378;O
1998-01-31;5378;O
1998-02-01;5379;O
1998-02-02;5379;O
1998-02-03;5379;O
1998-02-04;5379;O
1998-02-05;5380;O
1998-02-06;5380;O
1998-02-07;5382;O
1998-02-08;5384;O
1998-02-09;5386;O
1998-02-10;5388;O
1998-02-11;5390;O
1998-02-12;5392;O
1998-02-13;5398;O
1998-02-14;5402;O
1998-02-15;5406;O
1998-02-16;5408;O
1998-02-17;5411;O
1998-02-18;5412;O
1998-02-19;5415;O
1998-02-20;5417;O
1998-02-21;5419;O
1998-02-22;5420;O
1998-02-23;5420;O
1998-02-24;5420;O
1998-02-25;5421;O
1998-02-26;5421;O
1998-02-27;5420;O
1998-02-28;5421;O
1998-03-01;5419;O
1998-03-02;5422;O
1998-03-03;5422;O
1998-03-04;5426;O
1998-03-05;5432;O
1998-03-06;5438;O
1998-03-07;5441;O
1998-03-08;5442;O
1998-03-09;5442;O
1998-03-10;5441;O
1998-03-11;5441;O
1998-03-12;5439;O
1998-03-13;5437;O
1998-03-14;5436;O
1998-03-15;5435;O
1998-03-16;5435;O
1998-03-17;5434;O
1998-03-18;5432;O
1998-03-19;5431;O
1998-03-20;5430;O
1998-03-21;5429;O
1998-03-22;5429;O
1998-03-23;5428;O
1998-03-24;5428;O
1998-03-25;5426;O
1998-03-26;5425;O
1998-03-27;5426;O
1998-03-28;5425;O
1998-03-29;5425;O
1998-03-30;5423;O
1998-03-31;5421;O
1998-04-01;5420;O
1998-04-02;5421;O
1998-04-03;5421;O
1998-04-04;5421;O
1998-04-05;5422;O
1998-04-06;5424;O
1998-04-07;5427;O
1998-04-08;5428;O
1998-04-09;5427;O
1998-04-10;5427;O
1998-04-11;5427;O
1998-04-12;5426;O
1998-04-13;5425;O
1998-04-14;5426;O
1998-04-15;5425;O
1998-04-16;5425;O
1998-04-17;5425;O
1998-04-18;5422;O
1998-04-19;5422;O
1998-04-20;5422;O
1998-04-21;5422;O
1998-04-22;5421;O
1998-04-23;5421;O
1998-04-24;5420;O
1998-04-25;5417;O
1998-04-26;5418;O
1998-04-27;5419;O
1998-04-28;5421;O
1998-04-29;5420;O
1998-04-30;5418;O
1998-05-01;5418;O
1998-05-02;5418;O
1998-05-03;5420;O
1998-05-04;5418;O
1998-05-05;5419;O
1998-05-06;5420;O
1998-05-07;5419;O
1998-05-08;5418;O
1998-05-09;5418;O
1998-05-10;5418;O
1998-05-11;5420;O
1998-05-12;5417;O
1998-05-13;5417;O
1998-05-14;5417;O
1998-05-15;5417;O
1998-05-16;5416;O
1998-05-17;5416;O
1998-05-18;5416;O
1998-05-19;5416;O
1998-05-20;5415;O
1998-05-21;5414;O
1998-05-22;5413;O
1998-05-23;5413;O
1998-05-24;5413;O
1998-05-25;5413;O
1998-05-26;5413;O
1998-05-27;5413;O
1998-05-28;5414;O
1998-05-29;5414;O
1998-05-30;5414;O
1998-05-31;5412;O
1998-06-01;5412;O
1998-06-02;5410;O
1998-06-03;5411;O
1998-06-04;5410;O
1998-06-05;5410;O
1998-06-06;5409;O
1998-06-07;5410;O
1998-06-08;5408;O
1998-06-09;5410;O
1998-06-10;5409;O
1998-06-11;5408;O
1998-06-12;5407;O
1998-06-13;5406;O
1998-06-14;5406;O
1998-06-15;5405;O
1998-06-16;5404;O
1998-06-17;5408;O
1998-06-18;5408;O
1998-06-19;5409;O
1998-06-20;5410;O
1998-06-21;5410;O
1998-06-22;5411;O
1998-06-23;5408;O
1998-06-24;5408;O
1998-06-25;5408;O
1998-06-26;5408;O
1998-06-27;5407;O
1998-06-28;5408;O
1998-06-29;5405;O
1998-06-30;5405;O
1998-07-01;5406;O
1998-07-02;5407;O
1998-07-03;5407;O
1998-07-04;5406;O
1998-07-05;5405;O
1998-07-06;5404;O
1998-07-07;5404;O
1998-07-08;5404;O
1998-07-09;5404;O
1998-07-10;5404;O
1998-07-11;5401;O
1998-07-12;5401;O
1998-07-13;5401;O
1998-07-14;5401;O
1998-07-15;5398;O
1998-07-16;5399;O
1998-07-17;5399;O
1998-07-18;5400;O
1998-07-19;5398;O
1998-07-20;5396;O
1998-07-21;5396;O
1998-07-22;5395;O
1998-07-23;5395;O
1998-07-24;5395;O
1998-07-25;5393;O
1998-07-26;5392;O
1998-07-27;5392;O
1998-07-28;5392;O
1998-07-29;5394;O
1998-07-30;5395;O
1998-07-31;5394;O
1998-08-01;5394;O
1998-08-02;5394;O
1998-08-03;5393;O
1998-08-04;5394;O
1998-08-05;5393;O
1998-08-06;5393;O
1998-08-07;5393;O
1998-08-08;5394;O
1998-08-09;5394;O
1998-08-10;5395;O
1998-08-11;5395;O
1998-08-12;5395;O
1998-08-13;5394;O
1998-08-14;5393;O
1998-08-15;5394;O
1998-08-16;5394;O
1998-08-17;5394;O
1998-08-18;5393;O
1998-08-19;5391;O
1998-08-20;5391;O
1998-08-21;5392;O
1998-08-22;5390;O
1998-08-23;5389;O
1998-08-24;5390;O
1998-08-25;5392;O
1998-08-26;5391;O
1998-08-27;5391;O
1998-08-28;5390;O
1998-08-29;5391;O
1998-08-30;5391;O
1998-08-31;5391;O
1998-09-01;5391;O
1998-09-02;5392;O
1998-09-03;5392;O
1998-09-04;5392;O
1998-09-05;5390;O
1998-09-06;5388;O
1998-09-07;5387;O
1998-09-08;5387;O
1998-09-09;5386;O
1998-09-10;5386;O
1998-09-11;5384;O
1998-09-12;5384;O
1998-09-13;5385;O
1998-09-14;5388;O
1998-09-15;5391;O
1998-09-16;5394;O
1998-09-17;5396;O
1998-09-18;5396;O
1998-09-19;5396;O
1998-09-20;5395;O
1998-09-21;5396;O
1998-09-22;5395;O
1998-09-23;5395;O
1998-09-24;5395;O
1998-09-25;5394;O
1998-09-26;5394;O
1998-09-27;5394;O
1998-09-28;5395;O
1998-09-29;5393;O
1998-09-30;5392;O
1998-10-01;5391;O
1998-10-02;5390;O
1998-10-03;5389;O
1998-10-04;5388;O
1998-10-05;5387;O
1998-10-06;5386;O
1998-10-07;5387;O
1998-10-08;5385;O
1998-10-09;5382;O
1998-10-10;5382;O
1998-10-11;5381;O
1998-10-12;5382;O
1998-10-13;5382;O
1998-10-14;5386;O
1998-10-15;5389;O
1998-10-16;5390;O
1998-10-17;5396;O
1998-10-18;5398;O
1998-10-19;5401;O
1998-10-20;5403;O
1998-10-21;5405;O
1998-10-22;5408;O
1998-10-23;5411;O
1998-10-24;5412;O
1998-10-25;5416;O
1998-10-26;5418;O
1998-10-27;5420;O
1998-10-28;5424;O
1998-10-29;5432;O
1998-10-30;5434;O
1998-10-31;5440;O
1998-11-01;5442;O
1998-11-02;5442;O
1998-11-03;5442;O
1998-11-04;5441;O
1998-11-05;5440;O
1998-11-06;5440;O
1998-11-07;5440;O
1998-11-08;5438;O
1998-11-09;5440;O
1998-11-10;5442;O
1998-11-11;5441;O
1998-11-12;5441;O
1998-11-13;5443;O
1998-11-14;5443;O
1998-11-15;5442;O
1998-11-16;5441;O
1998-11-17;5440;O
1998-11-18;5438;O
1998-11-19;5438;O
1998-11-20;5437;O
1998-11-21;5436;O
1998-11-22;5434;O
1998-11-23;5433;O
1998-11-24;5431;O
1998-11-25;5429;O
1998-11-26;5428;O
1998-11-27;5426;O
1998-11-28;5425;O
1998-11-29;5425;O
1998-11-30;5424;O
1998-12-01;5424;O
1998-12-02;5423;O
1998-12-03;5422;O
1998-12-04;5422;O
1998-12-05;5422;O
1998-12-06;5420;O
1998-12-07;5420;O
1998-12-08;5420;O
1998-12-09;5419;O
1998-12-10;5418;O
1998-12-11;5416;O
1998-12-12;5414;O
1998-12-13;5414;O
1998-12-14;5416;O
1998-12-15;5416;O
1998-12-16;5420;O
1998-12-17;5422;O
1998-12-18;5422;O
1998-12-19;5423;O
1998-12-20;5423;O
1998-12-21;5423;O
1998-12-22;5423;O
1998-12-23;5422;O
1998-12-24;5422;O
1998-12-25;5422;O
1998-12-26;5426;O
1998-12-27;5429;O
1998-12-28;5433;O
1998-12-29;5435;O
1998-12-30;5436;O
1998-12-31;5437;O
1999-01-01;5436;O
1999-01-02;5436;O
1999-01-03;5435;O
1999-01-04;5432;O
1999-01-05;5432;O
1999-01-06;5432;O
1999-01-07;5432;O
1999-01-08;5434;O
1999-01-09;5434;O
1999-01-10;5434;O
1999-01-11;5433;O
1999-01-12;5432;O
1999-01-13;5431;O
1999-01-14;5430;O
1999-01-15;5429;O
1999-01-16;5430;O
1999-01-17;5432;O
1999-01-18;5436;O
1999-01-19;5438;O
1999-01-20;5437;O
1999-01-21;5438;O
1999-01-22;5438;O
1999-01-23;5437;O
1999-01-24;5437;O
1999-01-25;5437;O
1999-01-26;5438;O
1999-01-27;5439;O
1999-01-28;5439;O
1999-01-29;5439;O
1999-01-30;5438;O
1999-01-31;5438;O
1999-02-01;5436;O
1999-02-02;5434;O
1999-02-03;5432;O
1999-02-04;5431;O
1999-02-05;5428;O
1999-02-06;5429;O
1999-02-07;5430;O
1999-02-08;5431;O
1999-02-09;5430;O
1999-02-10;5427;O
1999-02-11;5426;O
1999-02-12;5426;O
1999-02-13;5423;O
1999-02-14;5422;O
1999-02-15;5423;O
1999-02-16;5423;O
1999-02-17;5422;O
1999-02-18;5422;O
1999-02-19;5422;O
1999-02-20;5422;O
1999-02-21;5422;O
1999-02-22;5423;O
1999-02-23;5424;O
1999-02-24;5424;O
1999-02-25;5424;O
1999-02-26;5424;O
1999-02-27;5424;O
1999-02-28;5426;O
1999-03-01;5428;O
1999-03-02;5429;O
1999-03-03;5430;O
1999-03-04;5432;O
1999-03-05;5432;O
1999-03-06;5433;O
1999-03-07;5435;O
1999-03-08;5436;O
1999-03-09;5438;O
1999-03-10;5439;O
1999-03-11;5440;O
1999-03-12;5440;O
1999-03-13;5440;O
1999-03-14;5440;O
1999-03-15;5437;O
1999-03-16;5436;O
1999-03-17;5435;O
1999-03-18;5433;O
1999-03-19;5432;O
1999-03-20;5430;O
1999-03-21;5429;O
1999-03-22;5429;O
1999-03-23;5427;O
1999-03-24;5426;O
1999-03-25;5426;O
1999-03-26;5424;O
1999-03-27;5424;O
1999-03-28;5424;O
1999-03-29;5422;O
1999-03-30;5422;O
1999-03-31;5422;O
1999-04-01;5420;O
1999-04-02;5422;O
1999-04-03;5420;O
1999-04-04;5420;O
1999-04-05;5419;O
1999-04-06;5419;O
1999-04-07;5419;O
1999-04-08;5419;O
1999-04-09;5419;O
1999-04-10;5420;O
1999-04-11;5420;O
1999-04-12;5419;O
1999-04-13;5417;O
1999-04-14;5419;O
1999-04-15;5423;O
1999-04-16;5422;O
1999-04-17;5420;O
1999-04-18;5418;O
1999-04-19;5425;O
1999-04-20;5429;O
1999-04-21;5430;O
1999-04-22;5430;O
1999-04-23;5429;O
1999-04-24;5429;O
1999-04-25;5429;O
1999-04-26;5428;O
1999-04-27;5426;O
1999-04-28;5425;O
1999-04-29;5424;O
1999-04-30;5424;O
1999-05-01;5421;O
1999-05-02;5421;O
1999-05-03;5421;O
1999-05-04;5420;O
1999-05-05;5420;O
1999-05-06;5417;O
1999-05-07;5417;O
1999-05-08;5418;O
1999-05-09;5418;O
1999-05-10;5417;O
1999-05-11;5419;O
1999-05-12;5420;O
1999-05-13;5422;O
1999-05-14;5421;O
1999-05-15;5420;O
1999-05-16;5420;O
1999-05-17;5422;O
1999-05-18;5421;O
1999-05-19;5420;O
1999-05-20;5420;O
1999-05-21;5420;O
1999-05-22;5420;O
1999-05-23;5419;O
1999-05-24;5419;O
1999-05-25;5419;O
1999-05-26;5419;O
1999-05-27;5418;O
1999-05-28;5418;O
1999-05-29;5417;O
1999-05-30;5417;O
1999-05-31;5416;O
1999-06-01;5416;O
1999-06-02;5414;O
1999-06-03;5414;O
1999-06-04;5414;O
1999-06-05;5413;O
1999-06-06;5414;O
1999-06-07;5414;O
1999-06-08;5414;O
1999-06-09;5416;O
1999-06-10;5416;O
1999-06-11;5415;O
1999-06-12;5414;O
1999-06-13;5413;O
1999-06-14;5412;O
1999-06-15;5414;O
1999-06-16;5414;O
1999-06-17;5413;O
1999-06-18;5410;O
1999-06-19;5410;O
1999-06-20;5409;O
1999-06-21;5408;O
1999-06-22;5406;O
1999-06-23;5404;O
1999-06-24;5404;O
1999-06-25;5403;O
1999-06-26;5401;O
1999-06-27;5403;O
1999-06-28;5404;O
1999-06-29;5403;O
1999-06-30;5402;O
1999-07-01;5400;O
1999-07-02;5400;O
1999-07-03;5400;O
1999-07-04;5400;O
1999-07-05;5399;O
1999-07-06;5398;O
1999-07-07;5397;O
1999-07-08;5396;O
1999-07-09;5396;O
1999-07-10;5395;O
1999-07-11;5392;O
1999-07-12;5393;O
1999-07-13;5393;O
1999-07-14;5392;O
1999-07-15;5392;O
1999-07-16;5391;O
1999-07-17;5391;O
1999-07-18;5389;O
1999-07-19;5390;O
1999-07-20;5390;O
1999-07-21;5390;O
1999-07-22;5390;O
1999-07-23;5390;O
1999-07-24;5390;O
1999-07-25;5387;O
1999-07-26;5387;O
1999-07-27;5386;O
1999-07-28;5386;O
1999-07-29;5386;O
1999-07-30;5385;O
1999-07-31;5384;O
1999-08-01;5384;O
1999-08-02;5383;O
1999-08-03;5383;O
1999-08-04;5382;O
1999-08-05;5378;O
1999-08-06;5380;O
1999-08-07;5379;O
1999-08-08;5380;O
1999-08-09;5379;O
1999-08-10;5378;O
1999-08-11;5377;O
1999-08-12;5376;O
1999-08-13;5375;O
1999-08-14;5376;O
1999-08-15;5376;O
1999-08-16;5378;O
1999-08-17;5381;O
1999-08-18;5384;O
1999-08-19;5385;O
1999-08-20;5388;O
1999-08-21;5390;O
1999-08-22;5396;O
1999-08-23;5394;O
1999-08-24;5395;O
1999-08-25;5395;O
1999-08-26;5395;O
1999-08-27;5395;O
1999-08-28;5393;O
1999-08-29;5392;O
1999-08-30;5391;O
1999-08-31;5391;O
1999-09-01;5390;O
1999-09-02;5389;O
1999-09-03;5389;O
1999-09-04;5388;O
1999-09-05;5386;O
1999-09-06;5385;O
1999-09-07;5384;O
1999-09-08;5383;O
1999-09-09;5382;O
1999-09-10;5380;O
1999-09-11;5380;O
1999-09-12;5378;O
1999-09-13;5376;O
1999-09-14;5375;O
1999-09-15;5373;O
1999-09-16;5371;O
1999-09-17;5370;O
1999-09-18;5369;O
1999-09-19;5369;O
1999-09-20;5368;O
1999-09-21;5366;O
1999-09-22;5363;O
1999-09-23;5363;O
1999-09-24;5363;O
1999-09-25;5364;O
1999-09-26;5366;O
1999-09-27;5365;O
1999-09-28;5364;O
1999-09-29;5362;O
1999-09-30;5362;O
1999-10-01;5366;O
1999-10-02;5366;O
1999-10-03;5367;O
1999-10-04;5370;O
1999-10-05;5370;O
1999-10-06;5371;O
1999-10-07;5371;O
1999-10-08;5371;O
1999-10-09;5369;O
1999-10-10;5369;O
1999-10-11;5370;O
1999-10-12;5370;O
1999-10-13;5369;O
1999-10-14;5371;O
1999-10-15;5371;O
1999-10-16;5370;O
1999-10-17;5369;O
1999-10-18;5368;O
1999-10-19;5367;O
1999-10-20;5366;O
1999-10-21;5366;O
1999-10-22;5366;O
1999-10-23;5366;O
1999-10-24;5362;O
1999-10-25;5362;O
1999-10-26;5360;O
1999-10-27;5359;O
1999-10-28;5359;O
1999-10-29;5359;O
1999-10-30;5361;O
1999-10-31;5360;O
1999-11-01;5360;O
1999-11-02;5359;O
1999-11-03;5359;O
1999-11-04;5359;O
1999-11-05;5359;O
1999-11-06;5360;O
1999-11-07;5358;O
1999-11-08;5358;O
1999-11-09;5357;O
1999-11-10;5356;O
1999-11-11;5356;O
1999-11-12;5356;O
1999-11-13;5354;O
1999-11-14;5354;O
1999-11-15;5353;O
1999-11-16;5352;O
1999-11-17;5351;O
1999-11-18;5349;O
1999-11-19;5350;O
1999-11-20;5350;O
1999-11-21;5350;O
1999-11-22;5350;O
1999-11-23;5350;O
1999-11-24;5350;O
1999-11-25;5351;O
1999-11-26;5351;O
1999-11-27;5350;O
1999-11-28;5349;O
1999-11-29;5350;O
1999-11-30;5350;O
1999-12-01;5346;O
1999-12-02;5350;O
1999-12-03;5356;O
1999-12-04;5354;O
1999-12-05;5362;O
1999-12-06;5366;O
1999-12-07;5370;O
1999-12-08;5376;O
1999-12-09;5380;O
1999-12-10;5385;O
1999-12-11;5386;O
1999-12-12;5391;O
1999-12-13;5396;O
1999-12-14;5402;O
1999-12-15;5405;O
1999-12-16;5408;O
1999-12-17;5410;O
1999-12-18;5412;O
1999-12-19;5417;O
1999-12-20;5422;O
1999-12-21;5425;O
1999-12-22;5422;O
1999-12-23;5423;O
1999-12-24;5423;O
1999-12-25;5427;O
1999-12-26;5434;O
1999-12-27;5438;O
1999-12-28;5442;O
1999-12-29;5443;O
1999-12-30;5443;O
1999-12-31;5442;O
2000-01-01;5441;O
2000-01-02;5440;O
2000-01-03;5440;O
2000-01-04;5440;O
2000-01-05;5440;O
2000-01-06;5439;O
2000-01-07;5439;O
2000-01-08;5440;O
2000-01-09;5439;O
2000-01-10;5438;O
2000-01-11;5437;O
2000-01-12;5438;O
2000-01-13;5436;O
2000-01-14;5436;O
2000-01-15;5435;O
2000-01-16;5435;O
2000-01-17;5432;O
2000-01-18;5428;O
2000-01-19;5428;O
2000-01-20;5428;O
2000-01-21;5425;O
2000-01-22;5425;O
2000-01-23;5423;O
2000-01-24;5425;O
2000-01-25;5422;O
2000-01-26;5420;O
2000-01-27;5419;O
2000-01-28;5418;O
2000-01-29;5422;O
2000-01-30;5419;O
2000-01-31;5427;O
2000-02-01;5432;O
2000-02-02;5432;O
2000-02-03;5431;O
2000-02-04;5434;O
2000-02-05;5434;O
2000-02-06;5435;O
2000-02-07;5436;O
2000-02-08;5436;O
2000-02-09;5436;O
2000-02-10;5436;O
2000-02-11;5436;O
2000-02-12;5436;O
2000-02-13;5436;O
2000-02-14;5435;O
2000-02-15;5435;O
2000-02-16;5435;O
2000-02-17;5434;O
2000-02-18;5433;O
2000-02-19;5432;O
2000-02-20;5431;O
2000-02-21;5428;O
2000-02-22;5428;O
2000-02-23;5426;O
2000-02-24;5424;O
2000-02-25;5425;O
2000-02-26;5425;O
2000-02-27;5425;O
2000-02-28;5425;O
2000-02-29;5422;O
2000-03-01;5422;O
2000-03-02;5422;O
2000-03-03;5424;O
2000-03-04;5424;O
2000-03-05;5426;O
2000-03-06;5428;O
2000-03-07;5436;O
2000-03-08;5429;O
2000-03-09;5427;O
2000-03-10;5431;O
2000-03-11;5432;O
2000-03-12;5431;O
2000-03-13;5431;O
2000-03-14;5430;O
2000-03-15;5429;O
2000-03-16;5430;O
2000-03-17;5430;O
2000-03-18;5430;O
2000-03-19;5429;O
2000-03-20;5426;O
2000-03-21;5426;O
2000-03-22;5425;O
2000-03-23;5425;O
2000-03-24;5424;O
2000-03-25;5424;O
2000-03-26;5423;O
2000-03-27;5422;O
2000-03-28;5422;O
2000-03-29;5422;O
2000-03-30;5421;O
2000-03-31;5421;O
2000-04-01;5421;O
2000-04-02;5421;O
2000-04-03;5420;O
2000-04-04;5421;O
2000-04-05;5420;O
2000-04-06;5421;O
2000-04-07;5420;O
2000-04-08;5420;O
2000-04-09;5420;O
2000-04-10;5419;O
2000-04-11;5419;O
2000-04-12;5419;O
2000-04-13;5420;O
2000-04-14;5422;O
2000-04-15;5424;O
2000-04-16;5423;O
2000-04-17;5423;O
2000-04-18;5423;O
2000-04-19;5422;O
2000-04-20;5423;O
2000-04-21;5422;O
2000-04-22;5422;O
2000-04-23;5421;O
2000-04-24;5421;O
2000-04-25;5420;O
2000-04-26;5417;O
2000-04-27;5418;O
2000-04-28;5419;O
2000-04-29;5419;O
2000-04-30;5419;O
2000-05-01;5419;O
2000-05-02;5419;O
2000-05-03;5418;O
2000-05-04;5418;O
2000-05-05;5418;O
2000-05-06;5418;O
2000-05-07;5418;O
2000-05-08;5417;O
2000-05-09;5417;O
2000-05-10;5416;O
2000-05-11;5416;O
2000-05-12;5415;O
2000-05-13;5414;O
2000-05-14;5414;O
2000-05-15;5414;O
2000-05-16;5414;O
2000-05-17;5414;O
2000-05-18;5414;O
2000-05-19;5413;O
2000-05-20;5413;O
2000-05-21;5412;O
2000-05-22;5412;O
2000-05-23;5413;O
2000-05-24;5413;O
2000-05-25;5413;O
2000-05-26;5412;O
2000-05-27;5414;O
2000-05-28;5413;O
2000-05-29;5414;O
2000-05-30;5411;O
2000-05-31;5411;O
2000-06-01;5411;O
2000-06-02;5411;O
2000-06-03;5410;O
2000-06-04;5410;O
2000-06-05;5410;O
2000-06-06;5410;O
2000-06-07;5409;O
2000-06-08;5408;O
2000-06-09;5410;O
2000-06-10;5409;O
2000-06-11;5408;O
2000-06-12;5408;O
2000-06-13;5407;O
2000-06-14;5406;O
2000-06-15;5405;O
2000-06-16;5403;O
2000-06-17;5403;O
2000-06-18;5402;O
2000-06-19;5402;O
2000-06-20;5401;O
2000-06-21;5400;O
2000-06-22;5401;O
2000-06-23;5400;O
2000-06-24;5400;O
2000-06-25;5401;O
2000-06-26;5400;O
2000-06-27;5405;O
2000-06-28;5408;O
2000-06-29;5409;O
2000-06-30;5407;O
2000-07-01;5410;O
2000-07-02;5410;O
2000-07-03;5410;O
2000-07-04;5409;O
2000-07-05;5408;O
2000-07-06;5408;O
2000-07-07;5406;O
2000-07-08;5404;O
2000-07-09;5403;O
2000-07-10;5402;O
2000-07-11;5402;O
2000-07-12;5402;O
2000-07-13;5400;O
2000-07-14;5400;O
2000-07-15;5400;O
2000-07-16;5400;O
2000-07-17;5396;O
2000-07-18;5396;O
2000-07-19;5397;O
2000-07-20;5397;O
2000-07-21;5395;O
2000-07-22;5395;O
2000-07-23;5394;O
2000-07-24;5396;O
2000-07-25;5395;O
2000-07-26;5392;O
2000-07-27;5392;O
2000-07-28;5392;O
2000-07-29;5391;O
2000-07-30;5391;O
2000-07-31;5389;O
2000-08-01;5388;O
2000-08-02;5388;O
2000-08-03;5388;O
2000-08-04;5387;O
2000-08-05;5388;O
2000-08-06;5386;O
2000-08-07;5386;O
2000-08-08;5385;O
2000-08-09;5385;O
2000-08-10;5384;O
2000-08-11;5383;O
2000-08-12;5382;O
2000-08-13;5382;O
2000-08-14;5382;O
2000-08-15;5381;O
2000-08-16;5381;O
2000-08-17;5380;O
2000-08-18;5379;O
2000-08-19;5379;O
2000-08-20;5378;O
2000-08-21;5378;O
2000-08-22;5378;O
2000-08-23;5376;O
2000-08-24;5376;O
2000-08-25;5376;O
2000-08-26;5376;O
2000-08-27;5376;O
2000-08-28;5376;O
2000-08-29;5375;O
2000-08-30;5375;O
2000-08-31;5374;O
2000-09-01;5373;O
2000-09-02;5373;O
2000-09-03;5375;O
2000-09-04;5375;O
2000-09-05;5376;O
2000-09-06;5376;O
2000-09-07;5376;O
2000-09-08;5375;O
2000-09-09;5374;O
2000-09-10;5374;O
2000-09-11;5372;O
2000-09-12;5371;O
2000-09-13;5376;O
2000-09-14;5376;O
2000-09-15;5378;O
2000-09-16;5378;O
2000-09-17;5378;O
2000-09-18;5379;O
2000-09-19;5378;O
2000-09-20;5376;O
2000-09-21;5376;O
2000-09-22;5376;O
2000-09-23;5374;O
2000-09-24;5372;O
2000-09-25;5371;O
2000-09-26;5370;O
2000-09-27;5369;O
2000-09-28;5371;O
2000-09-29;5369;O
2000-09-30;5368;O
2000-10-01;5366;O
2000-10-02;5366;O
2000-10-03;5366;O
2000-10-04;5365;O
2000-10-05;5364;O
2000-10-06;5363;O
2000-10-07;5362;O
2000-10-08;5360;O
2000-10-09;5360;O
2000-10-10;5360;O
2000-10-11;5361;O
2000-10-12;5362;O
2000-10-13;5362;O
2000-10-14;5363;O
2000-10-15;5363;O
2000-10-16;5364;O
2000-10-17;5366;O
2000-10-18;5362;O
2000-10-19;5362;O
2000-10-20;5361;O
2000-10-21;5361;O
2000-10-22;5360;O
2000-10-23;5359;O
2000-10-24;5359;O
2000-10-25;5358;O
2000-10-26;5358;O
2000-10-27;5359;O
2000-10-28;5362;O
2000-10-29;5362;O
2000-10-30;5365;O
2000-10-31;5366;O
2000-11-01;5366;O
2000-11-02;5367;O
2000-11-03;5368;O
2000-11-04;5368;O
2000-11-05;5370;O
2000-11-06;5371;O
2000-11-07;5373;O
2000-11-08;5373;O
2000-11-09;5374;O
2000-11-10;5375;O
2000-11-11;5375;O
2000-11-12;5377;O
2000-11-13;5380;O
2000-11-14;5381;O
2000-11-15;5383;O
2000-11-16;5384;O
2000-11-17;5388;O
2000-11-18;5388;O
2000-11-19;5391;O
2000-11-20;5392;O
2000-11-21;5391;O
2000-11-22;5394;O
2000-11-23;5396;O
2000-11-24;5396;O
2000-11-25;5397;O
2000-11-26;5397;O
2000-11-27;5398;O
2000-11-28;5398;O
2000-11-29;5398;O
2000-11-30;5398;O
2000-12-01;5398;O
2000-12-02;5398;O
2000-12-03;5398;O
2000-12-04;5397;O
2000-12-05;5396;O
2000-12-06;5397;O
2000-12-07;5396;O
2000-12-08;5395;O
2000-12-09;5395;O
2000-12-10;5395;O
2000-12-11;5394;O
2000-12-12;5394;O
2000-12-13;5398;O
2000-12-14;5398;O
2000-12-15;5401;O
2000-12-16;5406;O
2000-12-17;5410;O
2000-12-18;5412;O
2000-12-19;5413;O
2000-12-20;5414;O
2000-12-21;5414;O
2000-12-22;5415;O
2000-12-23;5415;O
2000-12-24;5415;O
2000-12-25;5413;O
2000-12-26;5412;O
2000-12-27;5412;O
2000-12-28;5412;O
2000-12-29;5411;O
2000-12-30;5411;O
2000-12-31;5409;O
2001-01-01;5409;O
2001-01-02;5410;O
2001-01-03;5409;O
2001-01-04;5410;O
2001-01-05;5412;O
2001-01-06;5415;O
2001-01-07;5418;O
2001-01-08;5421;O
2001-01-09;5421;O
2001-01-10;5420;O
2001-01-11;5420;O
2001-01-12;5420;O
2001-01-13;5420;O
2001-01-14;5420;O
2001-01-15;5420;O
2001-01-16;5420;O
2001-01-17;5420;O
2001-01-18;5418;O
2001-01-19;5417;O
2001-01-20;5416;O
2001-01-21;5415;O
2001-01-22;5415;O
2001-01-23;5415;O
2001-01-24;5415;O
2001-01-25;5412;O
2001-01-26;5412;O
2001-01-27;5413;O
2001-01-28;5414;O
2001-01-29;5415;O
2001-01-30;5416;O
2001-01-31;5416;O
2001-02-01;5416;O
2001-02-02;5415;O
2001-02-03;5413;O
2001-02-04;5412;O
2001-02-05;5409;O
2001-02-06;5408;O
2001-02-07;5407;O
2001-02-08;5407;O
2001-02-09;5410;O
2001-02-10;5412;O
2001-02-11;5414;O
2001-02-12;5418;O
2001-02-13;5422;O
2001-02-14;5426;O
2001-02-15;5426;O
2001-02-16;5426;O
2001-02-17;5426;O
2001-02-18;5423;O
2001-02-19;5424;O
2001-02-20;5423;O
2001-02-21;5421;O
2001-02-22;5421;O
2001-02-23;5422;O
2001-02-24;5421;O
2001-02-25;5420;O
2001-02-26;5421;O
2001-02-27;5418;O
2001-02-28;5417;O
2001-03-01;5416;O
2001-03-02;5415;O
2001-03-03;5413;O
2001-03-04;5413;O
2001-03-05;5412;O
2001-03-06;5410;O
2001-03-07;5409;O
2001-03-08;5406;O
2001-03-09;5406;O
2001-03-10;5406;O
2001-03-11;5407;O
2001-03-12;5408;O
2001-03-13;5409;O
2001-03-14;5410;O
2001-03-15;5411;O
2001-03-16;5412;O
2001-03-17;5413;O
2001-03-18;5414;O
2001-03-19;5416;O
2001-03-20;5415;O
2001-03-21;5415;O
2001-03-22;5415;O
2001-03-23;5415;O
2001-03-24;5415;O
2001-03-25;5414;O
2001-03-26;5412;O
2001-03-27;5412;O
2001-03-28;5411;O
2001-03-29;5412;O
2001-03-30;5410;O
2001-03-31;5409;O
2001-04-01;5409;O
2001-04-02;5410;O
2001-04-03;5410;O
2001-04-04;5410;O
2001-04-05;5413;O
2001-04-06;5413;O
2001-04-07;5414;O
2001-04-08;5414;O
2001-04-09;5415;O
2001-04-10;5416;O
2001-04-11;5416;O
2001-04-12;5416;O
2001-04-13;5416;O
2001-04-14;5416;O
2001-04-15;5417;O
2001-04-16;5416;O
2001-04-17;5416;O
2001-04-18;5418;O
2001-04-19;5418;O
2001-04-20;5421;O
2001-04-21;5422;O
2001-04-22;5421;O
2001-04-23;5421;O
2001-04-24;5422;O
2001-04-25;5425;O
2001-04-26;5423;O
2001-04-27;5423;O
2001-04-28;5423;O
2001-04-29;5422;O
2001-04-30;5422;O
2001-05-01;5422;O
2001-05-02;5421;O
2001-05-03;5420;O
2001-05-04;5418;O
2001-05-05;5417;O
2001-05-06;5417;O
2001-05-07;5417;O
2001-05-08;5418;O
2001-05-09;5418;O
2001-05-10;5418;O
2001-05-11;5418;O
2001-05-12;5418;O
2001-05-13;5418;O
2001-05-14;5418;O
2001-05-15;5417;O
2001-05-16;5417;O
2001-05-17;5418;O
2001-05-18;5418;O
2001-05-19;5416;O
2001-05-20;5416;O
2001-05-21;5415;O
2001-05-22;5415;O
2001-05-23;5415;O
2001-05-24;5415;O
2001-05-25;5414;O
2001-05-26;5414;O
2001-05-27;5414;O
2001-05-28;5414;O
2001-05-29;5413;O
2001-05-30;5413;O
2001-05-31;5414;O
2001-06-01;5414;O
2001-06-02;5413;O
2001-06-03;5414;O
2001-06-04;5416;O
2001-06-05;5416;O
2001-06-06;5416;O
2001-06-07;5416;O
2001-06-08;5416;O
2001-06-09;5415;O
2001-06-10;5414;O
2001-06-11;5412;O
2001-06-12;5411;O
2001-06-13;5411;O
2001-06-14;5410;O
2001-06-15;5409;O
2001-06-16;5408;O
2001-06-17;5408;O
2001-06-18;5407;O
2001-06-19;5406;O
2001-06-20;5406;O
2001-06-21;5406;O
2001-06-22;5406;O
2001-06-23;5403;O
2001-06-24;5403;O
2001-06-25;5401;O
2001-06-26;5403;O
2001-06-27;5400;O
2001-06-28;5401;O
2001-06-29;5400;O
2001-06-30;5400;O
2001-07-01;5400;O
2001-07-02;5400;O
2001-07-03;5399;O
2001-07-04;5399;O
2001-07-05;5397;O
2001-07-06;5396;O
2001-07-07;5396;O
2001-07-08;5396;O
2001-07-09;5394;O
2001-07-10;5395;O
2001-07-11;5395;O
2001-07-12;5394;O
2001-07-13;5393;O
2001-07-14;5394;O
2001-07-15;5394;O
2001-07-16;5391;O
2001-07-17;5392;O
2001-07-18;5391;O
2001-07-19;5391;O
2001-07-20;5391;O
2001-07-21;5389;O
2001-07-22;5388;O
2001-07-23;5388;O
2001-07-24;5388;O
2001-07-25;5388;O
2001-07-26;5386;O
2001-07-27;5386;O
2001-07-28;5385;O
2001-07-29;5383;O
2001-07-30;5384;O
2001-07-31;5381;O
2001-08-01;5380;O
2001-08-02;5380;O
2001-08-03;5380;O
2001-08-04;5378;O
2001-08-05;5378;O
2001-08-06;5379;O
2001-08-07;5380;O
2001-08-08;5382;O
2001-08-09;5383;O
2001-08-10;5382;O
2001-08-11;5380;O
2001-08-12;5380;O
2001-08-13;5382;O
2001-08-14;5382;O
2001-08-15;5380;O
2001-08-16;5382;O
2001-08-17;5382;O
2001-08-18;5382;O
2001-08-19;5380;O
2001-08-20;5379;O
2001-08-21;5379;O
2001-08-22;5378;O
2001-08-23;5378;O
2001-08-24;5378;O
2001-08-25;5378;O
2001-08-26;5376;O
2001-08-27;5375;O
2001-08-28;5375;O
2001-08-29;5376;O
2001-08-30;5376;O
2001-08-31;5377;O
2001-09-01;5376;O
2001-09-02;5375;O
2001-09-03;5373;O
2001-09-04;5373;O
2001-09-05;5374;O
2001-09-06;5374;O
2001-09-07;5372;O
2001-09-08;5372;O
2001-09-09;5373;O
2001-09-10;5372;O
2001-09-11;5372;O
2001-09-12;5372;O
2001-09-13;5372;O
2001-09-14;5372;O
2001-09-15;5373;O
2001-09-16;5373;O
2001-09-17;5376;O
2001-09-18;5376;O
2001-09-19;5383;O
2001-09-20;5388;O
2001-09-21;5392;O
2001-09-22;5396;O
2001-09-23;5398;O
2001-09-24;5400;O
2001-09-25;5400;O
2001-09-26;5400;O
2001-09-27;5400;O
2001-09-28;5400;O
2001-09-29;5400;O
2001-09-30;5400;O
2001-10-01;5399;O
2001-10-02;5400;O
2001-10-03;5400;O
2001-10-04;5400;O
2001-10-05;5400;O
2001-10-06;5400;O
2001-10-07;5400;O
2001-10-08;5400;O
2001-10-09;5400;O
2001-10-10;5399;O
2001-10-11;5398;O
2001-10-12;5400;O
2001-10-13;5400;O
2001-10-14;5402;O
2001-10-15;5402;O
2001-10-16;5402;O
2001-10-17;5401;O
2001-10-18;5400;O
2001-10-19;5398;O
2001-10-20;5397;O
2001-10-21;5396;O
2001-10-22;5394;O
2001-10-23;5394;O
2001-10-24;5394;O
2001-10-25;5393;O
2001-10-26;5393;O
2001-10-27;5393;O
2001-10-28;5390;O
2001-10-29;5390;O
2001-10-30;5388;O
2001-10-31;5391;O
2001-11-01;5391;O
2001-11-02;5395;O
2001-11-03;5394;O
2001-11-04;5395;O
2001-11-05;5396;O
2001-11-06;5397;O
2001-11-07;5395;O
2001-11-08;5396;O
2001-11-09;5399;O
2001-11-10;5400;O
2001-11-11;5400;O
2001-11-12;5401;O
2001-11-13;5403;O
2001-11-14;5403;O
2001-11-15;5402;O
2001-11-16;5402;O
2001-11-17;5401;O
2001-11-18;5400;O
2001-11-19;5400;O
2001-11-20;5400;O
2001-11-21;5398;O
2001-11-22;5398;O
2001-11-23;5398;O
2001-11-24;5398;O
2001-11-25;5399;O
2001-11-26;5402;O
2001-11-27;5402;O
2001-11-28;5403;O
2001-11-29;5403;O
2001-11-30;5404;O
2001-12-01;5408;O
2001-12-02;5406;O
2001-12-03;5409;O
2001-12-04;5409;O
2001-12-05;5407;O
2001-12-06;5408;O
2001-12-07;5406;O
2001-12-08;5406;O
2001-12-09;5404;O
2001-12-10;5402;O
2001-12-11;5402;O
2001-12-12;5400;O
2001-12-13;5400;O
2001-12-14;5399;O
2001-12-15;5398;O
2001-12-16;5398;O
2001-12-17;5396;O
2001-12-18;5394;O
2001-12-19;5392;O
2001-12-20;5390;O
2001-12-21;5390;O
2001-12-22;5392;O
2001-12-23;5392;O
2001-12-24;5393;O
2001-12-25;5394;O
2001-12-26;5394;O
2001-12-27;5394;O
2001-12-28;5394;O
2001-12-29;5396;O
2001-12-30;5395;O
2001-12-31;5396;O
2002-01-01;5394;O
2002-01-02;5393;O
2002-01-03;5393;O
2002-01-04;5391;O
2002-01-05;5390;O
2002-01-06;5389;O
2002-01-07;5388;O
2002-01-08;5388;O
2002-01-09;5388;O
2002-01-10;5388;O
2002-01-11;5389;O
2002-01-12;5390;O
2002-01-13;5390;O
2002-01-14;5390;O
2002-01-15;5390;O
2002-01-16;5389;O
2002-01-17;5388;O
2002-01-18;5387;O
2002-01-19;5388;O
2002-01-20;5391;O
2002-01-21;5396;O
2002-01-22;5403;O
2002-01-23;5408;O
2002-01-24;5413;O
2002-01-25;5414;O
2002-01-26;5425;O
2002-01-27;5435;O
2002-01-28;5441;O
2002-01-29;5443;O
2002-01-30;5448;O
2002-01-31;5455;O
2002-02-01;5462;O
2002-02-02;5467;O
2002-02-03;5470;O
2002-02-04;5472;O
2002-02-05;5472;O
2002-02-06;5475;O
2002-02-07;5476;O
2002-02-08;5476;O
2002-02-09;5477;O
2002-02-10;5477;O
2002-02-11;5476;O
2002-02-12;5476;O
2002-02-13;5476;O
2002-02-14;5475;O
2002-02-15;5473;O
2002-02-16;5471;O
2002-02-17;5470;O
2002-02-18;5468;O
2002-02-19;5466;O
2002-02-20;5466;O
2002-02-21;5464;O
2002-02-22;5465;O
2002-02-23;5462;O
2002-02-24;5460;O
2002-02-25;5458;O
2002-02-26;5458;O
2002-02-27;5460;O
2002-02-28;5466;O
2002-03-01;5470;O
2002-03-02;5472;O
2002-03-03;5472;O
2002-03-04;5472;O
2002-03-05;5472;O
2002-03-06;5473;O
2002-03-07;5476;O
2002-03-08;5477;O
2002-03-09;5478;O
2002-03-10;5477;O
2002-03-11;5476;O
2002-03-12;5476;O
2002-03-13;5474;O
2002-03-14;5473;O
2002-03-15;5471;O
2002-03-16;5470;O
2002-03-17;5466;O
2002-03-18;5464;O
2002-03-19;5462;O
2002-03-20;5459;O
2002-03-21;5457;O
2002-03-22;5456;O
2002-03-23;5453;O
2002-03-24;5451;O
2002-03-25;5449;O
2002-03-26;5446;O
2002-03-27;5444;O
2002-03-28;5444;O
2002-03-29;5441;O
2002-03-30;5439;O
2002-03-31;5437;O
2002-04-01;5434;O
2002-04-02;5433;O
2002-04-03;5431;O
2002-04-04;5429;O
2002-04-05;5427;O
2002-04-06;5426;O
2002-04-07;5424;O
2002-04-08;5422;O
2002-04-09;5422;O
2002-04-10;5422;O
2002-04-11;5420;O
2002-04-12;5419;O
2002-04-13;5420;O
2002-04-14;5418;O
2002-04-15;5418;O
2002-04-16;5418;O
2002-04-17;5419;O
2002-04-18;5420;O
2002-04-19;5420;O
2002-04-20;5418;O
2002-04-21;5418;O
2002-04-22;5418;O
2002-04-23;5420;O
2002-04-24;5419;O
2002-04-25;5420;O
2002-04-26;5420;O
2002-04-27;5419;O
2002-04-28;5422;O
2002-04-29;5422;O
2002-04-30;5421;O
2002-05-01;5421;O
2002-05-02;5418;O
2002-05-03;5418;O
2002-05-04;5418;O
2002-05-05;5422;O
2002-05-06;5423;O
2002-05-07;5423;O
2002-05-08;5423;O
2002-05-09;5422;O
2002-05-10;5422;O
2002-05-11;5422;O
2002-05-12;5421;O
2002-05-13;5417;O
2002-05-14;5418;O
2002-05-15;5418;O
2002-05-16;5419;O
2002-05-17;5419;O
2002-05-18;5419;O
2002-05-19;5420;O
2002-05-20;5418;O
2002-05-21;5419;O
2002-05-22;5419;O
2002-05-23;5417;O
2002-05-24;5416;O
2002-05-25;5418;O
2002-05-26;5417;O
2002-05-27;5416;O
2002-05-28;5415;O
2002-05-29;5417;O
2002-05-30;5415;O
2002-05-31;5416;O
2002-06-01;5415;O
2002-06-02;5414;O
2002-06-03;5416;O
2002-06-04;5415;O
2002-06-05;5414;O
2002-06-06;5412;O
2002-06-07;5410;O
2002-06-08;5408;O
2002-06-09;5406;O
2002-06-10;5406;O
2002-06-11;5406;O
2002-06-12;5405;O
2002-06-13;5406;O
2002-06-14;5404;O
2002-06-15;5405;O
2002-06-16;5404;O
2002-06-17;5404;O
2002-06-18;5403;O
2002-06-19;5402;O
2002-06-20;5403;O
2002-06-21;5402;O
2002-06-22;5404;O
2002-06-23;5403;O
2002-06-24;5400;O
2002-06-25;5400;O
2002-06-26;5400;O
2002-06-27;5399;O
2002-06-28;5399;O
2002-06-29;5403;O
2002-06-30;5406;O
2002-07-01;5406;O
2002-07-02;5407;O
2002-07-03;5402;O
2002-07-04;5406;O
2002-07-05;5405;O
2002-07-06;5404;O
2002-07-07;5404;O
2002-07-08;5402;O
2002-07-09;5402;O
2002-07-10;5401;O
2002-07-11;5400;O
2002-07-12;5400;O
2002-07-13;5398;O
2002-07-14;5396;O
2002-07-15;5393;O
2002-07-16;5393;O
2002-07-17;5394;O
2002-07-18;5392;O
2002-07-19;5392;O
2002-07-20;5392;O
2002-07-21;5391;O
2002-07-22;5391;O
2002-07-23;5394;O
2002-07-24;5394;O
2002-07-25;5393;O
2002-07-26;5393;O
2002-07-27;5394;O
2002-07-28;5394;O
2002-07-29;5394;O
2002-07-30;5393;O
2002-07-31;5392;O
2002-08-01;5390;O
2002-08-02;5388;O
2002-08-03;5388;O
2002-08-04;5388;O
2002-08-05;5388;O
2002-08-06;5386;O
2002-08-07;5384;O
2002-08-08;5384;O
2002-08-09;5384;O
2002-08-10;5382;O
2002-08-11;5381;O
2002-08-12;5382;O
2002-08-13;5379;O
2002-08-14;5380;O
2002-08-15;5379;O
2002-08-16;5379;O
2002-08-17;5379;O
2002-08-18;5378;O
2002-08-19;5378;O
2002-08-20;5377;O
2002-08-21;5376;O
2002-08-22;5375;O
2002-08-23;5374;O
2002-08-24;5374;O
2002-08-25;5373;O
2002-08-26;5373;O
2002-08-27;5371;O
2002-08-28;5370;O
2002-08-29;5369;O
2002-08-30;5368;O
2002-08-31;5367;O
2002-09-01;5366;O
2002-09-02;5365;O
2002-09-03;5364;O
2002-09-04;5365;O
2002-09-05;5363;O
2002-09-06;5361;O
2002-09-07;5360;O
2002-09-08;5360;O
2002-09-09;5359;O
2002-09-10;5358;O
2002-09-11;5359;O
2002-09-12;5356;O
2002-09-13;5356;O
2002-09-14;5355;O
2002-09-15;5354;O
2002-09-16;5353;O
2002-09-17;5352;O
2002-09-18;5351;O
2002-09-19;5350;O
2002-09-20;5350;O
2002-09-21;5349;O
2002-09-22;5344;O
2002-09-23;5348;O
2002-09-24;5347;O
2002-09-25;5346;O
2002-09-26;5346;O
2002-09-27;5345;O
2002-09-28;5345;O
2002-09-29;5344;O
2002-09-30;5345;O
2002-10-01;5342;O
2002-10-02;5342;O
2002-10-03;5341;O
2002-10-04;5340;O
2002-10-05;5340;O
2002-10-06;5339;O
2002-10-07;5339;O
2002-10-08;5336;O
2002-10-09;5336;O
2002-10-10;5335;O
2002-10-11;5335;O
2002-10-12;5334;O
2002-10-13;5334;O
2002-10-14;5334;O
2002-10-15;5334;O
2002-10-16;5334;O
2002-10-17;5335;O
2002-10-18;5336;O
2002-10-19;5337;O
2002-10-20;5339;O
2002-10-21;5340;O
2002-10-22;5342;O
2002-10-23;5343;O
2002-10-24;5342;O
2002-10-25;5344;O
2002-10-26;5342;O
2002-10-27;5345;O
2002-10-28;5346;O
2002-10-29;5350;O
2002-10-30;5352;O
2002-10-31;5354;O
2002-11-01;5354;O
2002-11-02;5354;O
2002-11-03;5356;O
2002-11-04;5354;O
2002-11-05;5355;O
2002-11-06;5355;O
2002-11-07;5354;O
2002-11-08;5352;O
2002-11-09;5352;O
2002-11-10;5350;O
2002-11-11;5350;O
2002-11-12;5350;O
2002-11-13;5354;O
2002-11-14;5352;O
2002-11-15;5352;O
2002-11-16;5352;O
2002-11-17;5352;O
2002-11-18;5356;O
2002-11-19;5358;O
2002-11-20;5360;O
2002-11-21;5362;O
2002-11-22;5363;O
2002-11-23;5361;O
2002-11-24;5365;O
2002-11-25;5365;O
2002-11-26;5365;O
2002-11-27;5364;O
2002-11-28;5368;O
2002-11-29;5368;O
2002-11-30;5370;O
2002-12-01;5370;O
2002-12-02;5369;O
2002-12-03;5370;O
2002-12-04;5371;O
2002-12-05;5371;O
2002-12-06;5371;O
2002-12-07;5372;O
2002-12-08;5370;O
2002-12-09;5370;O
2002-12-10;5369;O
2002-12-11;5369;O
2002-12-12;5369;O
2002-12-13;5367;O
2002-12-14;5366;O
2002-12-15;5365;O
2002-12-16;5362;O
2002-12-17;5360;O
2002-12-18;5360;O
2002-12-19;5360;O
2002-12-20;5360;O
2002-12-21;5360;O
2002-12-22;5359;O
2002-12-23;5358;O
2002-12-24;5358;O
2002-12-25;5356;O
2002-12-26;5355;O
2002-12-27;5355;O
2002-12-28;5357;O
2002-12-29;5359;O
2002-12-30;5360;O
2002-12-31;5363;O
2003-01-01;5364;G
2003-01-02;5361;G
2003-01-03;5361;G
2003-01-04;5362;G
2003-01-05;5362;G
2003-01-06;5363;G
2003-01-07;5362;G
2003-01-08;5360;G
2003-01-09;5360;G
2003-01-10;5358;G
2003-01-11;5354;G
2003-01-12;5356;G
2003-01-13;5356;G
2003-01-14;5359;G
2003-01-15;5361;G
2003-01-16;5367;G
2003-01-17;5370;G
2003-01-18;5372;G
2003-01-19;5374;G
2003-01-20;5374;G
2003-01-21;5375;G
2003-01-22;5376;G
2003-01-23;5376;G
2003-01-24;5377;G
2003-01-25;5379;G
2003-01-26;5380;G
2003-01-27;5380;G
2003-01-28;5380;G
2003-01-29;5385;G
2003-01-30;5386;G
2003-01-31;5388;G
2003-02-01;5389;G
2003-02-02;5389;G
2003-02-03;5391;G
2003-02-04;5390;G
2003-02-05;5388;G
2003-02-06;5387;G
2003-02-07;5386;G
2003-02-08;5387;G
2003-02-09;5387;G
2003-02-10;5388;G
2003-02-11;5388;G
2003-02-12;5388;G
2003-02-13;5388;G
2003-02-14;5388;G
2003-02-15;5386;G
2003-02-16;5385;G
2003-02-17;5384;G
2003-02-18;5384;G
2003-02-19;5382;G
2003-02-20;5382;G
2003-02-21;5382;G
2003-02-22;5382;G
2003-02-23;5381;G
2003-02-24;5380;G
2003-02-25;5382;G
2003-02-26;5382;G
2003-02-27;5382;G
2003-02-28;5382;G
2003-03-01;5382;G
2003-03-02;5382;G
2003-03-03;5381;G
2003-03-04;5381;G
2003-03-05;5381;G
2003-03-06;5381;G
2003-03-07;5381;G
2003-03-08;5381;G
2003-03-09;5381;G
2003-03-10;5382;G
2003-03-11;5383;G
2003-03-12;5385;G
2003-03-13;5384;G
2003-03-14;5385;G
2003-03-15;5385;G
2003-03-16;5386;G
2003-03-17;5385;G
2003-03-18;5385;G
2003-03-19;5386;G
2003-03-20;5386;G
2003-03-21;5386;G
2003-03-22;5387;G
2003-03-23;5387;G
2003-03-24;5387;G
2003-03-25;5388;G
2003-03-26;5387;G
2003-03-27;5387;G
2003-03-28;5388;G
2003-03-29;5387;G
2003-03-30;5387;G
2003-03-31;5388;G
2003-04-01;5388;G
2003-04-02;5389;G
2003-04-03;5388;G
2003-04-04;5388;G
2003-04-05;5389;G
2003-04-06;5389;G
2003-04-07;5388;G
2003-04-08;5388;G
2003-04-09;5388;G
2003-04-10;5388;G
2003-04-11;5390;G
2003-04-12;5390;G
2003-04-13;5390;G
2003-04-14;5390;G
2003-04-15;5391;G
2003-04-16;5390;G
2003-04-17;5390;G
2003-04-18;5391;G
2003-04-19;5390;G
2003-04-20;5392;G
2003-04-21;5390;G
2003-04-22;5390;G
2003-04-23;5390;G
2003-04-24;5390;G
2003-04-25;5391;G
2003-04-26;5390;G
2003-04-27;5390;G
2003-04-28;5390;G
2003-04-29;5390;G
2003-04-30;5391;G
2003-05-01;5392;G
2003-05-02;5395;G
2003-05-03;5396;G
2003-05-04;5396;G
2003-05-05;5400;G
2003-05-06;5398;G
2003-05-07;5398;G
2003-05-08;5399;G
2003-05-09;5399;G
2003-05-10;5399;G
2003-05-11;5399;G
2003-05-12;5400;G
2003-05-13;5400;G
2003-05-14;5400;G
2003-05-15;5400;G
2003-05-16;5400;G
2003-05-17;5399;G
2003-05-18;5400;G
2003-05-19;5399;G
2003-05-20;5400;G
2003-05-21;5400;G
2003-05-22;5400;G
2003-05-23;5402;G
2003-05-24;5402;G
2003-05-25;5404;G
2003-05-26;5404;G
2003-05-27;5404;G
2003-05-28;5404;G
2003-05-29;5403;G
2003-05-30;5403;G
2003-05-31;5403;G
2003-06-01;5403;G
2003-06-02;5403;G
2003-06-03;5402;G
2003-06-04;5402;G
2003-06-05;5401;G
2003-06-06;5400;G
2003-06-07;5400;G
2003-06-08;5400;G
2003-06-09;5400;G
2003-06-10;5400;G
2003-06-11;5400;G
2003-06-12;5399;G
2003-06-13;5398;G
2003-06-14;5398;G
2003-06-15;5398;G
2003-06-16;5397;G
2003-06-17;5398;G
2003-06-18;5397;G
2003-06-19;5396;G
2003-06-20;5395;G
2003-06-21;5392;G
2003-06-22;5394;G
2003-06-23;5393;G
2003-06-24;5393;G
2003-06-25;5391;G
2003-06-26;5393;G
2003-06-27;5393;G
2003-06-28;5391;G
2003-06-29;5391;G
2003-06-30;5392;G
2003-07-01;5393;G
2003-07-02;5392;G
2003-07-03;5392;G
2003-07-04;5392;G
2003-07-05;5392;G
2003-07-06;5393;G
2003-07-07;5392;G
2003-07-08;5393;G
2003-07-09;5392;G
2003-07-10;5392;G
2003-07-11;5392;G
2003-07-12;5392;G
2003-07-13;5392;G
2003-07-14;5391;G
2003-07-15;5391;G
2003-07-16;5390;G
2003-07-17;5390;G
2003-07-18;5388;G
2003-07-19;5388;G
2003-07-20;5388;G
2003-07-21;5387;G
2003-07-22;5386;G
2003-07-23;5385;G
2003-07-24;5385;G
2003-07-25;5385;G
2003-07-26;5385;G
2003-07-27;5386;G
2003-07-28;5383;G
2003-07-29;5382;G
2003-07-30;5382;G
2003-07-31;5382;G
2003-08-01;5380;G
2003-08-02;5380;G
2003-08-03;5381;G
2003-08-04;5380;G
2003-08-05;5379;G
2003-08-06;5378;G
2003-08-07;5376;G
2003-08-08;5376;G
2003-08-09;5376;G
2003-08-10;5375;G
2003-08-11;5374;G
2003-08-12;5374;G
2003-08-13;5371;G
2003-08-14;5370;G
2003-08-15;5368;G
2003-08-16;5368;G
2003-08-17;5368;G
2003-08-18;5366;G
2003-08-19;5365;G
2003-08-20;5364;G
2003-08-21;5363;G
2003-08-22;5363;G
2003-08-23;5362;G
2003-08-24;5361;G
2003-08-25;5360;G
2003-08-26;5361;G
2003-08-27;5358;G
2003-08-28;5359;G
2003-08-29;5359;G
2003-08-30;5357;G
2003-08-31;5357;G
2003-09-01;5358;G
2003-09-02;5357;G
2003-09-03;5358;G
2003-09-04;5356;G
2003-09-05;5355;G
2003-09-06;5355;G
2003-09-07;5356;G
2003-09-08;5356;G
2003-09-09;5352;G
2003-09-10;5350;G
2003-09-11;5350;G
2003-09-12;5349;G
2003-09-13;5348;G
2003-09-14;5348;G
2003-09-15;5347;G
2003-09-16;5346;G
2003-09-17;5346;G
2003-09-18;5346;G
2003-09-19;5345;G
2003-09-20;5342;G
2003-09-21;5342;G
2003-09-22;5343;G
2003-09-23;5340;G
2003-09-24;5340;G
2003-09-25;5340;G
2003-09-26;5340;G
2003-09-27;5338;G
2003-09-28;5337;G
2003-09-29;5336;G
2003-09-30;5335;G
2003-10-01;5335;G
2003-10-02;5334;G
2003-10-03;5333;G
2003-10-04;5333;G
2003-10-05;5333;G
2003-10-06;5331;G
2003-10-07;5331;G
2003-10-08;5330;G
2003-10-09;5330;G
2003-10-10;5330;G
2003-10-11;5327;G
2003-10-12;5328;G
2003-10-13;5329;G
2003-10-14;5329;G
2003-10-15;5328;G
2003-10-16;5328;G
2003-10-17;5327;G
2003-10-18;5326;G
2003-10-19;5325;G
2003-10-20;5326;G
2003-10-21;5325;G
2003-10-22;5324;G
2003-10-23;5323;G
2003-10-24;5323;G
2003-10-25;5322;G
2003-10-26;5323;G
2003-10-27;5324;G
2003-10-28;5322;G
2003-10-29;5323;G
2003-10-30;5323;G
2003-10-31;5322;G
2003-11-01;5323;G
2003-11-02;5321;G
2003-11-03;5322;G
2003-11-04;5322;G
2003-11-05;5321;G
2003-11-06;5322;G
2003-11-07;5321;G
2003-11-08;5323;G
2003-11-09;5324;G
2003-11-10;5323;G
2003-11-11;5322;G
2003-11-12;5320;G
2003-11-13;5319;G
2003-11-14;5318;G
2003-11-15;5317;G
2003-11-16;5318;G
2003-11-17;5316;G
2003-11-18;5316;G
2003-11-19;5316;G
2003-11-20;5318;G
2003-11-21;5320;G
2003-11-22;5321;G
2003-11-23;5323;G
2003-11-24;5324;G
2003-11-25;5327;G
2003-11-26;5327;G
2003-11-27;5328;G
2003-11-28;5328;G
2003-11-29;5330;G
2003-11-30;5331;G
2003-12-01;5333;G
2003-12-02;5332;G
2003-12-03;5332;G
2003-12-04;5332;G
2003-12-05;5332;G
2003-12-06;5330;G
2003-12-07;5332;G
2003-12-08;5332;G
2003-12-09;5332;G
2003-12-10;5334;G
2003-12-11;5334;G
2003-12-12;5334;G
2003-12-13;5336;G
2003-12-14;5336;G
2003-12-15;5335;G
2003-12-16;5336;G
2003-12-17;5338;G
2003-12-18;5339;G
2003-12-19;5341;G
2003-12-20;5342;G
2003-12-21;5344;G
2003-12-22;5342;G
2003-12-23;5344;G
2003-12-24;5348;G
2003-12-25;5349;G
2003-12-26;5351;G
2003-12-27;5354;G
2003-12-28;5355;G
2003-12-29;5357;G
2003-12-30;5360;G
2003-12-31;5362;G
2004-01-01;5363;G
2004-01-02;5363;G
2004-01-03;5362;G
2004-01-04;5363;G
2004-01-05;5363;G
2004-01-06;5362;G
2004-01-07;5363;G
2004-01-08;5363;G
2004-01-09;5363;G
2004-01-10;5363;G
2004-01-11;5363;G
2004-01-12;5364;G
2004-01-13;5363;G
2004-01-14;5365;G
2004-01-15;5366;G
2004-01-16;5367;G
2004-01-17;5368;G
2004-01-18;5369;G
2004-01-19;5370;G
2004-01-20;5370;G
2004-01-21;5371;G
2004-01-22;5371;G
2004-01-23;5370;G
2004-01-24;5370;G
2004-01-25;5369;G
2004-01-26;5368;G
2004-01-27;5367;G
2004-01-28;5366;G
2004-01-29;5366;G
2004-01-30;5366;G
2004-01-31;5366;G
2004-02-01;5369;G
2004-02-02;5373;G
2004-02-03;5377;G
2004-02-04;5384;G
2004-02-05;5392;G
2004-02-06;5399;G
2004-02-07;5406;G
2004-02-08;5410;G
2004-02-09;5413;G
2004-02-10;5415;G
2004-02-11;5417;G
2004-02-12;5419;G
2004-02-13;5419;G
2004-02-14;5420;G
2004-02-15;5420;G
2004-02-16;5419;G
2004-02-17;5420;G
2004-02-18;5419;G
2004-02-19;5419;G
2004-02-20;5419;G
2004-02-21;5418;G
2004-02-22;5418;G
2004-02-23;5418;G
2004-02-24;5416;G
2004-02-25;5415;G
2004-02-26;5414;G
2004-02-27;5412;G
2004-02-28;5411;G
2004-02-29;5410;G
2004-03-01;5409;G
2004-03-02;5407;G
2004-03-03;5406;G
2004-03-04;5406;G
2004-03-05;5407;G
2004-03-06;5405;G
2004-03-07;5404;G
2004-03-08;5402;G
2004-03-09;5401;G
2004-03-10;5401;G
2004-03-11;5400;G
2004-03-12;5399;G
2004-03-13;5398;G
2004-03-14;5399;G
2004-03-15;5401;G
2004-03-16;5400;G
2004-03-17;5403;G
2004-03-18;5405;G
2004-03-19;5407;G
2004-03-20;5409;G
2004-03-21;5411;G
2004-03-22;5420;G
2004-03-23;5424;G
2004-03-24;5427;G
2004-03-25;5426;G
2004-03-26;5425;G
2004-03-27;5426;G
2004-03-28;5425;G
2004-03-29;5425;G
2004-03-30;5424;G
2004-03-31;5423;G
2004-04-01;5424;G
2004-04-02;5423;G
2004-04-03;5423;G
2004-04-04;5421;G
2004-04-05;5421;G
2004-04-06;5420;G
2004-04-07;5420;G
2004-04-08;5420;G
2004-04-09;5420;G
2004-04-10;5420;G
2004-04-11;5420;G
2004-04-12;5420;G
2004-04-13;5419;G
2004-04-14;5419;G
2004-04-15;5420;G
2004-04-16;5418;G
2004-04-17;5417;G
2004-04-18;5418;G
2004-04-19;5418;G
2004-04-20;5418;G
2004-04-21;5418;G
2004-04-22;5418;G
2004-04-23;5418;G
2004-04-24;5418;G
2004-04-25;5418;G
2004-04-26;5419;G
2004-04-27;5419;G
2004-04-28;5419;G
2004-04-29;5418;G
2004-04-30;5418;G
2004-05-01;5418;G
2004-05-02;5418;G
2004-05-03;5418;G
2004-05-04;5419;G
2004-05-05;5420;G
2004-05-06;5418;G
2004-05-07;5418;G
2004-05-08;5418;G
2004-05-09;5417;G
2004-05-10;5418;G
2004-05-11;5418;G
2004-05-12;5418;G
2004-05-13;5419;G
2004-05-14;5419;G
2004-05-15;5418;G
2004-05-16;5419;G
2004-05-17;5419;G
2004-05-18;5418;G
2004-05-19;5418;G
2004-05-20;5417;G
2004-05-21;5417;G
2004-05-22;5416;G
2004-05-23;5415;G
2004-05-24;5414;G
2004-05-25;5414;G
2004-05-26;5413;G
2004-05-27;5413;G
2004-05-28;5412;G
2004-05-29;5412;G
2004-05-30;5412;G
2004-05-31;5411;G
2004-06-01;5410;G
2004-06-02;5409;G
2004-06-03;5408;G
2004-06-04;5407;G
2004-06-05;5407;G
2004-06-06;5406;G
2004-06-07;5405;G
2004-06-08;5404;G
2004-06-09;5404;G
2004-06-10;5402;G
2004-06-11;5402;G
2004-06-12;5402;G
2004-06-13;5402;G
2004-06-14;5401;G
2004-06-15;5398;G
2004-06-16;5400;G
2004-06-17;5400;G
2004-06-18;5400;G
2004-06-19;5399;G
2004-06-20;5399;G
2004-06-21;5398;G
2004-06-22;5399;G
2004-06-23;5398;G
2004-06-24;5400;G
2004-06-25;5400;G
2004-06-26;5399;G
2004-06-27;5400;G
2004-06-28;5400;G
2004-06-29;5400;G
2004-06-30;5401;G
2004-07-01;5401;O
2004-07-02;5403;O
2004-07-03;5403;G
2004-07-04;5402;G
2004-07-05;5402;G
2004-07-06;5401;G
2004-07-07;5401;G
2004-07-08;5401;G
2004-07-09;5401;G
2004-07-10;5402;G
2004-07-11;5402;G
2004-07-12;5403;G
2004-07-13;5404;G
2004-07-14;5404;G
2004-07-15;5404;G
2004-07-16;5403;G
2004-07-17;5401;G
2004-07-18;5401;G
2004-07-19;5401;G
2004-07-20;5401;G
2004-07-21;5402;G
2004-07-22;5402;G
2004-07-23;5402;G
2004-07-24;5401;G
2004-07-25;5401;G
2004-07-26;5401;G
2004-07-27;5399;G
2004-07-28;5398;G
2004-07-29;5397;G
2004-07-30;5396;G
2004-07-31;5394;G
2004-08-01;5394;G
2004-08-02;5395;G
2004-08-03;5394;G
2004-08-04;5395;G
2004-08-05;5393;G
2004-08-06;5392;G
2004-08-07;5392;G
2004-08-08;5390;G
2004-08-09;5389;G
2004-08-10;5389;G
2004-08-11;5387;G
2004-08-12;5386;G
2004-08-13;5385;G
2004-08-14;5382;G
2004-08-15;5381;G
2004-08-16;5380;G
2004-08-17;5381;G
2004-08-18;5380;G
2004-08-19;5381;G
2004-08-20;5381;G
2004-08-21;5376;G
2004-08-22;5376;G
2004-08-23;5375;G
2004-08-24;5375;G
2004-08-25;5375;G
2004-08-26;5375;G
2004-08-27;5374;G
2004-08-28;5374;G
2004-08-29;5375;G
2004-08-30;5373;G
2004-08-31;5374;G
2004-09-01;5374;G
2004-09-02;5372;G
2004-09-03;5372;G
2004-09-04;5372;G
2004-09-05;5372;G
2004-09-06;5372;G
2004-09-07;5372;G
2004-09-08;5370;G
2004-09-09;5370;G
2004-09-10;5369;G
2004-09-11;5369;G
2004-09-12;5369;G
2004-09-13;5368;G
2004-09-14;5366;G
2004-09-15;5369;G
2004-09-16;5367;G
2004-09-17;5365;G
2004-09-18;5365;G
2004-09-19;5364;G
2004-09-20;5366;G
2004-09-21;5367;G
2004-09-22;5363;G
2004-09-23;5366;G
2004-09-24;5366;G
2004-09-25;5364;G
2004-09-26;5364;G
2004-09-27;5364;G
2004-09-28;5361;G
2004-09-29;5364;G
2004-09-30;5362;G
2004-10-01;5361;G
2004-10-02;5362;G
2004-10-03;5360;G
2004-10-04;5360;G
2004-10-05;5360;G
2004-10-06;5359;G
2004-10-07;5359;G
2004-10-08;5358;G
2004-10-09;5359;G
2004-10-10;5357;G
2004-10-11;5358;G
2004-10-12;5357;G
2004-10-13;5357;G
2004-10-14;5355;G
2004-10-15;5354;G
2004-10-16;5355;G
2004-10-17;5353;G
2004-10-18;5356;G
2004-10-19;5356;G
2004-10-20;5358;G
2004-10-21;5364;G
2004-10-22;5363;G
2004-10-23;5363;G
2004-10-24;5364;G
2004-10-25;5365;G
2004-10-26;5365;G
2004-10-27;5363;G
2004-10-28;5364;G
2004-10-29;5365;G
2004-10-30;5365;G
2004-10-31;5364;G
2004-11-01;5363;G
2004-11-02;5362;G
2004-11-03;5365;G
2004-11-04;5360;G
2004-11-05;5360;G
2004-11-06;5359;G
2004-11-07;5359;G
2004-11-08;5360;G
2004-11-09;5359;G
2004-11-10;5360;G
2004-11-11;5358;G
2004-11-12;5357;G
2004-11-13;5357;G
2004-11-14;5357;G
2004-11-15;5357;G
2004-11-16;5357;G
2004-11-17;5357;G
2004-11-18;5357;G
2004-11-19;5357;G
2004-11-20;5359;G
2004-11-21;5359;G
2004-11-22;5360;G
2004-11-23;5358;G
2004-11-24;5362;G
2004-11-25;5364;G
2004-11-26;5366;G
2004-11-27;5368;G
2004-11-28;5370;G
2004-11-29;5373;G
2004-11-30;5374;G
2004-12-01;5376;G
2004-12-02;5376;G
2004-12-03;5378;G
2004-12-04;5380;G
2004-12-05;5380;G
2004-12-06;5380;G
2004-12-07;5382;G
2004-12-08;5381;G
2004-12-09;5383;G
2004-12-10;5384;G
2004-12-11;5385;G
2004-12-12;5385;G
2004-12-13;5385;G
2004-12-14;5385;G
2004-12-15;5384;G
2004-12-16;5384;G
2004-12-17;5383;G
2004-12-18;5384;G
2004-12-19;5385;G
2004-12-20;5388;G
2004-12-21;5389;G
2004-12-22;5392;G
2004-12-23;5392;G
2004-12-24;5395;G
2004-12-25;5402;G
2004-12-26;5406;G
2004-12-27;5411;G
2004-12-28;5412;G
2004-12-29;5415;G
2004-12-30;5416;G
2004-12-31;5418;G
2005-01-01;5420;G
2005-01-02;5420;G
2005-01-03;5421;G
2005-01-04;5423;G
2005-01-05;5426;G
2005-01-06;5426;G
2005-01-07;5426;G
2005-01-08;5431;G
2005-01-09;5431;G
2005-01-10;5436;G
2005-01-11;5438;G
2005-01-12;5439;G
2005-01-13;5440;G
2005-01-14;5439;G
2005-01-15;5438;G
2005-01-16;5438;G
2005-01-17;5436;G
2005-01-18;5436;G
2005-01-19;5436;G
2005-01-20;5438;G
2005-01-21;5435;G
2005-01-22;5436;G
2005-01-23;5436;G
2005-01-24;5435;G
2005-01-25;5433;G
2005-01-26;5433;G
2005-01-27;5432;G
2005-01-28;5432;G
2005-01-29;5428;G
2005-01-30;5427;G
2005-01-31;5426;G
2005-02-01;5424;G
2005-02-02;5424;G
2005-02-03;5425;G
2005-02-04;5423;G
2005-02-05;5423;G
2005-02-06;5423;G
2005-02-07;5422;G
2005-02-08;5421;G
2005-02-09;5420;G
2005-02-10;5420;G
2005-02-11;5420;G
2005-02-12;5420;G
2005-02-13;5422;G
2005-02-14;5421;G
2005-02-15;5421;G
2005-02-16;5421;G
2005-02-17;5421;G
2005-02-18;5420;G
2005-02-19;5420;G
2005-02-20;5420;G
2005-02-21;5420;G
2005-02-22;5419;G
2005-02-23;5418;G
2005-02-24;5418;G
2005-02-25;5417;G
2005-02-26;5416;G
2005-02-27;5415;G
2005-02-28;5414;G
2005-03-01;5412;G
2005-03-02;5412;G
2005-03-03;5410;G
2005-03-04;5410;G
2005-03-05;5408;G
2005-03-06;5406;G
2005-03-07;5406;G
2005-03-08;5406;G
2005-03-09;5406;G
2005-03-10;5406;G
2005-03-11;5406;G
2005-03-12;5406;G
2005-03-13;5405;G
2005-03-14;5405;G
2005-03-15;5405;G
2005-03-16;5405;G
2005-03-17;5408;G
2005-03-18;5415;G
2005-03-19;5426;G
2005-03-20;5432;G
2005-03-21;5434;G
2005-03-22;5435;G
2005-03-23;5424;G
2005-03-24;5433;G
2005-03-25;5433;G
2005-03-26;5433;G
2005-03-27;5434;G
2005-03-28;5434;G
2005-03-29;5433;G
2005-03-30;5433;G
2005-03-31;5431;G
2005-04-01;5430;G
2005-04-02;5429;G
2005-04-03;5428;G
2005-04-04;5427;G
2005-04-05;5425;G
2005-04-06;5425;G
2005-04-07;5425;G
2005-04-08;5425;G
2005-04-09;5422;G
2005-04-10;5422;G
2005-04-11;5421;G
2005-04-12;5420;G
2005-04-13;5420;G
2005-04-14;5420;G
2005-04-15;5419;G
2005-04-16;5419;G
2005-04-17;5420;G
2005-04-18;5418;G
2005-04-19;5418;G
2005-04-20;5418;G
2005-04-21;5418;G
2005-04-22;5418;G
2005-04-23;5419;G
2005-04-24;5419;G
2005-04-25;5419;G
2005-04-26;5419;G
2005-04-27;5418;G
2005-04-28;5418;G
2005-04-29;5418;G
2005-04-30;5418;G
2005-05-01;5418;G
2005-05-02;5419;G
2005-05-03;5419;G
2005-05-04;5419;G
2005-05-05;5420;G
2005-05-06;5419;G
2005-05-07;5416;G
2005-05-08;5416;G
2005-05-09;5417;G
2005-05-10;5417;G
2005-05-11;5418;G
2005-05-12;5418;G
2005-05-13;5419;G
2005-05-14;5419;G
2005-05-15;5419;G
2005-05-16;5418;G
2005-05-17;5418;G
2005-05-18;5418;G
2005-05-19;5418;G
2005-05-20;5418;G
2005-05-21;5418;G
2005-05-22;5417;G
2005-05-23;5416;G
2005-05-24;5416;G
2005-05-25;5416;G
2005-05-26;5416;G
2005-05-27;5415;G
2005-05-28;5416;G
2005-05-29;5415;G
2005-05-30;5414;G
2005-05-31;5414;G
2005-06-01;5414;G
2005-06-02;5414;G
2005-06-03;5414;G
2005-06-04;5415;G
2005-06-05;5415;G
2005-06-06;5416;G
2005-06-07;5416;G
2005-06-08;5417;G
2005-06-09;5415;G
2005-06-10;5414;G
2005-06-11;5413;G
2005-06-12;5413;G
2005-06-13;5414;G
2005-06-14;5414;G
2005-06-15;5413;G
2005-06-16;5411;G
2005-06-17;5411;G
2005-06-18;5409;G
2005-06-19;5410;G
2005-06-20;5410;G
2005-06-21;5408;G
2005-06-22;5408;G
2005-06-23;5406;G
2005-06-24;5405;G
2005-06-25;5403;G
2005-06-26;5403;G
2005-06-27;5401;G
2005-06-28;5400;G
2005-06-29;5401;G
2005-06-30;5400;G
2005-07-01;5400;G
2005-07-02;5400;G
2005-07-03;5397;G
2005-07-04;5396;G
2005-07-05;5388;G
2005-07-06;5395;G
2005-07-07;5395;G
2005-07-08;5391;G
2005-07-09;5392;G
2005-07-10;5391;G
2005-07-11;5391;G
2005-07-12;5388;G
2005-07-13;5389;G
2005-07-14;5387;G
2005-07-15;5388;G
2005-07-16;5386;G
2005-07-17;5384;G
2005-07-18;5384;G
2005-07-19;5384;G
2005-07-20;5382;G
2005-07-21;5382;G
2005-07-22;5382;G
2005-07-23;5382;G
2005-07-24;5382;G
2005-07-25;5382;G
2005-07-26;5382;G
2005-07-27;5382;G
2005-07-28;5381;G
2005-07-29;5380;G
2005-07-30;5390;G
2005-07-31;5392;G
2005-08-01;5392;G
2005-08-02;5392;G
2005-08-03;5391;G
2005-08-04;5391;G
2005-08-05;5390;G
2005-08-06;5392;G
2005-08-07;5390;G
2005-08-08;5390;G
2005-08-09;5389;G
2005-08-10;5384;G
2005-08-11;5388;G
2005-08-12;5389;G
2005-08-13;5388;G
2005-08-14;5388;G
2005-08-15;5389;G
2005-08-16;5389;G
2005-08-17;5390;G
2005-08-18;5390;G
2005-08-19;5389;G
2005-08-20;5388;G
2005-08-21;5386;G
2005-08-22;5386;G
2005-08-23;5384;G
2005-08-24;5382;G
2005-08-25;5381;G
2005-08-26;5380;G
2005-08-27;5380;G
2005-08-28;5378;G
2005-08-29;5375;G
2005-08-30;5375;G
2005-08-31;5375;G
2005-09-01;5376;G
2005-09-02;5372;G
2005-09-03;5371;G
2005-09-04;5372;G
2005-09-05;5372;G
2005-09-06;5372;G
2005-09-07;5370;G
2005-09-08;5368;G
2005-09-09;5369;G
2005-09-10;5368;G
2005-09-11;5368;G
2005-09-12;5367;G
2005-09-13;5366;G
2005-09-14;5365;G
2005-09-15;5364;G
2005-09-16;5363;G
2005-09-17;5362;G
2005-09-18;5362;G
2005-09-19;5361;G
2005-09-20;5361;G
2005-09-21;5361;G
2005-09-22;5361;G
2005-09-23;5359;G
2005-09-24;5358;G
2005-09-25;5358;G
2005-09-26;5358;G
2005-09-27;5357;G
2005-09-28;5357;G
2005-09-29;5356;G
2005-09-30;5355;G
2005-10-01;5356;G
2005-10-02;5355;G
2005-10-03;5354;G
2005-10-04;5354;G
2005-10-05;5354;G
2005-10-06;5353;G
2005-10-07;5353;G
2005-10-08;5353;G
2005-10-09;5353;G
2005-10-10;5350;G
2005-10-11;5350;G
2005-10-12;5352;G
2005-10-13;5349;G
2005-10-14;5348;G
2005-10-15;5348;G
2005-10-16;5347;G
2005-10-17;5346;G
2005-10-18;5345;G
2005-10-19;5344;G
2005-10-20;5344;G
2005-10-21;5343;G
2005-10-22;5344;G
2005-10-23;5343;G
2005-10-24;5343;G
2005-10-25;5346;G
2005-10-26;5346;G
2005-10-27;5346;G
2005-10-28;5349;G
2005-10-29;5349;G
2005-10-30;5348;G
2005-10-31;5348;G
2005-11-01;5349;G
2005-11-02;5348;G
2005-11-03;5349;G
2005-11-04;5349;G
2005-11-05;5349;G
2005-11-06;5349;G
2005-11-07;5350;G
2005-11-08;5349;G
2005-11-09;5350;G
2005-11-10;5348;G
2005-11-11;5348;G
2005-11-12;5350;G
2005-11-13;5350;G
2005-11-14;5348;G
2005-11-15;5348;G
2005-11-16;5350;G
2005-11-17;5351;G
2005-11-18;5351;G
2005-11-19;5352;G
2005-11-20;5353;G
2005-11-21;5353;G
2005-11-22;5352;G
2005-11-23;5350;G
2005-11-24;5350;G
2005-11-25;5350;G
2005-11-26;5350;G
2005-11-27;5350;G
2005-11-28;5348;G
2005-11-29;5349;G
2005-11-30;5350;G
2005-12-01;5350;G
2005-12-02;5349;G
2005-12-03;5350;G
2005-12-04;5349;G
2005-12-05;5350;G
2005-12-06;5350;G
2005-12-07;5351;G
2005-12-08;5350;G
2005-12-09;5351;G
2005-12-10;5352;G
2005-12-11;5352;G
2005-12-12;5350;G
2005-12-13;5351;G
2005-12-14;5353;G
2005-12-15;5348;G
2005-12-16;5355;G
2005-12-17;5355;G
2005-12-18;5353;G
2005-12-19;5354;G
2005-12-20;5353;G
2005-12-21;5352;G
2005-12-22;5351;G
2005-12-23;5351;G
2005-12-24;5350;G
2005-12-25;5353;G
2005-12-26;5353;G
2005-12-27;5355;G
2005-12-28;5355;G
2005-12-29;5357;G
2005-12-30;5357;G
2005-12-31;5356;G
2006-01-01;5356;G
2006-01-02;5356;G
2006-01-03;5355;G
2006-01-04;5356;G
2006-01-05;5356;G
2006-01-06;5356;G
2006-01-07;5356;G
2006-01-08;5356;G
2006-01-09;5356;G
2006-01-10;5356;G
2006-01-11;5356;G
2006-01-12;5356;G
2006-01-13;5356;G
2006-01-14;5357;G
2006-01-15;5359;G
2006-01-16;5359;G
2006-01-17;5360;G
2006-01-18;5360;G
2006-01-19;5360;G
2006-01-20;5360;G
2006-01-21;5359;G
2006-01-22;5358;G
2006-01-23;5359;G
2006-01-24;5360;G
2006-01-25;5359;G
2006-01-26;5359;G
2006-01-27;5360;G
2006-01-28;5360;G
2006-01-29;5360;G
2006-01-30;5360;G
2006-01-31;5360;G
2006-02-01;5359;G
2006-02-02;5360;G
2006-02-03;5360;G
2006-02-04;5360;G
2006-02-05;5360;G
2006-02-06;5361;G
2006-02-07;5362;G
2006-02-08;5363;G
2006-02-09;5364;G
2006-02-10;5365;G
2006-02-11;5366;G
2006-02-12;5366;G
2006-02-13;5366;G
2006-02-14;5368;G
2006-02-15;5369;G
2006-02-16;5370;G
2006-02-17;5369;G
2006-02-18;5370;G
2006-02-19;5370;G
2006-02-20;5370;G
2006-02-21;5371;G
2006-02-22;5371;G
2006-02-23;5371;G
2006-02-24;5372;G
2006-02-25;5373;G
2006-02-26;5373;G
2006-02-27;5373;G
2006-02-28;5373;G
2006-03-01;5374;G
2006-03-02;5375;G
2006-03-03;5375;G
2006-03-04;5376;G
2006-03-05;5376;G
2006-03-06;5377;G
2006-03-07;5377;G
2006-03-08;5377;G
2006-03-09;5376;G
2006-03-10;5376;G
2006-03-11;5376;G
2006-03-12;5377;G
2006-03-13;5377;G
2006-03-14;5376;G
2006-03-15;5376;G
2006-03-16;5376;G
2006-03-17;5376;G
2006-03-18;5377;G
2006-03-19;5376;G
2006-03-20;5377;G
2006-03-21;5377;G
2006-03-22;5377;G
2006-03-23;5377;G
2006-03-24;5377;G
2006-03-25;5377;G
2006-03-26;5378;G
2006-03-27;5378;G
2006-03-28;5380;G
2006-03-29;5383;G
2006-03-30;5388;G
2006-03-31;5392;G
2006-04-01;5399;G
2006-04-02;5404;G
2006-04-03;5409;G
2006-04-04;5414;G
2006-04-05;5416;G
2006-04-06;5420;G
2006-04-07;5422;G
2006-04-08;5423;G
2006-04-09;5423;G
2006-04-10;5425;G
2006-04-11;5425;G
2006-04-12;5425;G
2006-04-13;5425;G
2006-04-14;5424;G
2006-04-15;5424;G
2006-04-16;5424;G
2006-04-17;5424;G
2006-04-18;5425;G
2006-04-19;5424;G
2006-04-20;5424;G
2006-04-21;5425;G
2006-04-22;5424;G
2006-04-23;5424;G
2006-04-24;5422;G
2006-04-25;5422;G
2006-04-26;5422;G
2006-04-27;5421;G
2006-04-28;5420;G
2006-04-29;5419;G
2006-04-30;5420;G
2006-05-01;5420;G
2006-05-02;5420;G
2006-05-03;5418;G
2006-05-04;5419;G
2006-05-05;5421;G
2006-05-06;5419;G
2006-05-07;5419;G
2006-05-08;5419;G
2006-05-09;5419;G
2006-05-10;5419;G
2006-05-11;5419;G
2006-05-12;5418;G
2006-05-13;5419;G
2006-05-14;5418;G
2006-05-15;5417;G
2006-05-16;5417;G
2006-05-17;5417;G
2006-05-18;5417;G
2006-05-19;5417;G
2006-05-20;5418;G
2006-05-21;5418;G
2006-05-22;5420;G
2006-05-23;5419;G
2006-05-24;5416;G
2006-05-25;5417;G
2006-05-26;5418;G
2006-05-27;5418;G
2006-05-28;5418;G
2006-05-29;5420;G
2006-05-30;5419;G
2006-05-31;5420;G
2006-06-01;5419;G
2006-06-02;5418;G
2006-06-03;5418;G
2006-06-04;5415;G
2006-06-05;5417;G
2006-06-06;5417;G
2006-06-07;5415;G
2006-06-08;5415;G
2006-06-09;5415;G
2006-06-10;5414;G
2006-06-11;5414;G
2006-06-12;5413;G
2006-06-13;5411;G
2006-06-14;5410;G
2006-06-15;5408;G
2006-06-16;5408;G
2006-06-17;5406;G
2006-06-18;5405;G
2006-06-19;5404;G
2006-06-20;5404;G
2006-06-21;5405;G
2006-06-22;5404;G
2006-06-23;5401;G
2006-06-24;5401;G
2006-06-25;5400;G
2006-06-26;5401;G
2006-06-27;5401;G
2006-06-28;5399;G
2006-06-29;5399;G
2006-06-30;5399;G
2006-07-01;5398;G
2006-07-02;5397;G
2006-07-03;5398;G
2006-07-04;5398;G
2006-07-05;5395;G
2006-07-06;5394;G
2006-07-07;5393;G
2006-07-08;5391;G
2006-07-09;5391;G
2006-07-10;5390;G
2006-07-11;5390;G
2006-07-12;5390;G
2006-07-13;5388;G
2006-07-14;5388;G
2006-07-15;5385;G
2006-07-16;5384;G
2006-07-17;5383;G
2006-07-18;5382;G
2006-07-19;5381;G
2006-07-20;5381;G
2006-07-21;5380;G
2006-07-22;5378;G
2006-07-23;5377;G
2006-07-24;5378;G
2006-07-25;5377;G
2006-07-26;5376;G
2006-07-27;5376;G
2006-07-28;5375;G
2006-07-29;5373;G
2006-07-30;5373;G
2006-07-31;5372;G
2006-08-01;5372;G
2006-08-02;5372;G
2006-08-03;5372;G
2006-08-04;5372;G
2006-08-05;5371;G
2006-08-06;5370;G
2006-08-07;5369;G
2006-08-08;5368;G
2006-08-09;5368;G
2006-08-10;5368;G
2006-08-11;5367;G
2006-08-12;5368;G
2006-08-13;5369;G
2006-08-14;5370;G
2006-08-15;5372;G
2006-08-16;5372;G
2006-08-17;5372;G
2006-08-18;5371;G
2006-08-19;5373;G
2006-08-20;5374;G
2006-08-21;5378;G
2006-08-22;5379;G
2006-08-23;5380;G
2006-08-24;5380;G
2006-08-25;5381;G
2006-08-26;5380;G
2006-08-27;5382;G
2006-08-28;5382;G
2006-08-29;5381;G
2006-08-30;5383;G
2006-08-31;5388;G
2006-09-01;5391;G
2006-09-02;5392;G
2006-09-03;5394;G
2006-09-04;5392;G
2006-09-05;5392;G
2006-09-06;5395;G
2006-09-07;5394;G
2006-09-08;5395;G
2006-09-09;5394;G
2006-09-10;5394;G
2006-09-11;5392;G
2006-09-12;5392;G
2006-09-13;5391;G
2006-09-14;5390;G
2006-09-15;5390;G
2006-09-16;5389;G
2006-09-17;5387;G
2006-09-18;5386;G
2006-09-19;5386;G
2006-09-20;5383;G
2006-09-21;5383;G
2006-09-22;5382;G
2006-09-23;5381;G
2006-09-24;5380;G
2006-09-25;5377;G
2006-09-26;5376;G
2006-09-27;5375;G
2006-09-28;5374;G
2006-09-29;5373;G
2006-09-30;5372;G
2006-10-01;5372;G
2006-10-02;5371;G
2006-10-03;5371;G
2006-10-04;5370;G
2006-10-05;5370;G
2006-10-06;5372;G
2006-10-07;5373;G
2006-10-08;5373;G
2006-10-09;5372;G
2006-10-10;5372;G
2006-10-11;5372;G
2006-10-12;5372;G
2006-10-13;5373;G
2006-10-14;5372;G
2006-10-15;5370;G
2006-10-16;5369;G
2006-10-17;5368;G
2006-10-18;5366;G
2006-10-19;5365;G
2006-10-20;5363;G
2006-10-21;5363;G
2006-10-22;5363;G
2006-10-23;5364;G
2006-10-24;5363;G
2006-10-25;5363;G
2006-10-26;5364;G
2006-10-27;5362;G
2006-10-28;5363;G
2006-10-29;5365;G
2006-10-30;5365;G
2006-10-31;5367;G
2006-11-01;5369;G
2006-11-02;5370;G
2006-11-03;5371;G
2006-11-04;5371;G
2006-11-05;5370;G
2006-11-06;5373;G
2006-11-07;5374;G
2006-11-08;5375;G
2006-11-09;5376;G
2006-11-10;5378;G
2006-11-11;5381;G
2006-11-12;5383;G
2006-11-13;5386;G
2006-11-14;5390;G
2006-11-15;5393;G
2006-11-16;5396;G
2006-11-17;5399;G
2006-11-18;5400;G
2006-11-19;5402;G
2006-11-20;5402;G
2006-11-21;5405;G
2006-11-22;5407;G
2006-11-23;5410;G
2006-11-24;5412;G
2006-11-25;5415;G
2006-11-26;5417;G
2006-11-27;5418;G
2006-11-28;5419;G
2006-11-29;5422;G
2006-11-30;5420;G
2006-12-01;5422;G
2006-12-02;5421;G
2006-12-03;5420;G
2006-12-04;5420;G
2006-12-05;5423;G
2006-12-06;5422;G
2006-12-07;5423;G
2006-12-08;5424;G
2006-12-09;5426;G
2006-12-10;5425;G
2006-12-11;5426;G
2006-12-12;5426;G
2006-12-13;5426;G
2006-12-14;5429;G
2006-12-15;5434;G
2006-12-16;5438;G
2006-12-17;5440;G
2006-12-18;5440;G
2006-12-19;5440;G
2006-12-20;5440;G
2006-12-21;5440;G
2006-12-22;5438;G
2006-12-23;5438;G
2006-12-24;5436;G
2006-12-25;5436;G
2006-12-26;5435;G
2006-12-27;5433;G
2006-12-28;5432;G
2006-12-29;5431;G
2006-12-30;5431;G
2006-12-31;5432;G
2007-01-01;5434;G
2007-01-02;5434;G
2007-01-03;5434;G
2007-01-04;5436;G
2007-01-05;5436;G
2007-01-06;5437;G
2007-01-07;5437;G
2007-01-08;5438;G
2007-01-09;5439;G
2007-01-10;5438;G
2007-01-11;5440;G
2007-01-12;5446;G
2007-01-13;5448;G
2007-01-14;5454;G
2007-01-15;5455;G
2007-01-16;5456;G
2007-01-17;5456;G
2007-01-18;5456;G
2007-01-19;5456;G
2007-01-20;5459;G
2007-01-21;5462;G
2007-01-22;5464;G
2007-01-23;5464;G
2007-01-24;5462;G
2007-01-25;5461;G
2007-01-26;5459;G
2007-01-27;5456;G
2007-01-28;5455;G
2007-01-29;5456;G
2007-01-30;5456;G
2007-01-31;5456;G
2007-02-01;5457;G
2007-02-02;5458;G
2007-02-03;5456;G
2007-02-04;5456;G
2007-02-05;5456;G
2007-02-06;5454;G
2007-02-07;5453;G
2007-02-08;5452;G
2007-02-09;5450;G
2007-02-10;5447;G
2007-02-11;5446;G
2007-02-12;5442;G
2007-02-13;5442;G
2007-02-14;5441;G
2007-02-15;5440;G
2007-02-16;5439;G
2007-02-17;5440;G
2007-02-18;5438;G
2007-02-19;5436;G
2007-02-20;5434;G
2007-02-21;5434;G
2007-02-22;5434;G
2007-02-23;5427;G
2007-02-24;5426;G
2007-02-25;5426;G
2007-02-26;5427;G
2007-02-27;5427;G
2007-02-28;5429;G
2007-03-01;5430;G
2007-03-02;5432;G
2007-03-03;5434;G
2007-03-04;5435;G
2007-03-05;5435;G
2007-03-06;5436;G
2007-03-07;5437;G
2007-03-08;5437;G
2007-03-09;5437;G
2007-03-10;5438;G
2007-03-11;5438;G
2007-03-12;5438;G
2007-03-13;5436;G
2007-03-14;5435;G
2007-03-15;5435;G
2007-03-16;5432;G
2007-03-17;5430;G
2007-03-18;5430;G
2007-03-19;5431;G
2007-03-20;5432;G
2007-03-21;5430;G
2007-03-22;5430;G
2007-03-23;5430;G
2007-03-24;5430;G
2007-03-25;5427;G
2007-03-26;5426;G
2007-03-27;5425;G
2007-03-28;5424;G
2007-03-29;5422;G
2007-03-30;5423;G
2007-03-31;5422;G
2007-04-01;5421;G
2007-04-02;5420;G
2007-04-03;5418;G
2007-04-04;5418;G
2007-04-05;5417;G
2007-04-06;5417;G
2007-04-07;5417;G
2007-04-08;5416;G
2007-04-09;5416;G
2007-04-10;5418;G
2007-04-11;5418;G
2007-04-12;5419;G
2007-04-13;5419;G
2007-04-14;5420;G
2007-04-15;5420;G
2007-04-16;5418;G
2007-04-17;5416;G
2007-04-18;5415;G
2007-04-19;5417;G
2007-04-20;5415;G
2007-04-21;5417;G
2007-04-22;5418;G
2007-04-23;5418;G
2007-04-24;5418;G
2007-04-25;5418;G
2007-04-26;5418;G
2007-04-27;5419;G
2007-04-28;5418;G
2007-04-29;5418;G
2007-04-30;5417;G
2007-05-01;5417;G
2007-05-02;5417;G
2007-05-03;5417;G
2007-05-04;5417;G
2007-05-05;5417;G
2007-05-06;5417;G
2007-05-07;5417;G
2007-05-08;5417;G
2007-05-09;5417;G
2007-05-10;5417;G
2007-05-11;5418;G
2007-05-12;5417;G
2007-05-13;5418;G
2007-05-14;5419;G
2007-05-15;5418;G
2007-05-16;5417;G
2007-05-17;5419;G
2007-05-18;5417;G
2007-05-19;5418;G
2007-05-20;5418;G
2007-05-21;5418;G
2007-05-22;5417;G
2007-05-23;5417;G
2007-05-24;5417;G
2007-05-25;5416;G
2007-05-26;5416;G
2007-05-27;5415;G
2007-05-28;5417;G
2007-05-29;5415;G
2007-05-30;5417;G
2007-05-31;5415;G
2007-06-01;5413;G
2007-06-02;5414;G
2007-06-03;5412;G
2007-06-04;5411;G
2007-06-05;5411;G
2007-06-06;5410;G
2007-06-07;5410;G
2007-06-08;5410;G
2007-06-09;5409;G
2007-06-10;5408;G
2007-06-11;5407;G
2007-06-12;5407;G
2007-06-13;5406;G
2007-06-14;5404;G
2007-06-15;5404;G
2007-06-16;5404;G
2007-06-17;5405;G
2007-06-18;5405;G
2007-06-19;5404;G
2007-06-20;5405;G
2007-06-21;5404;G
2007-06-22;5405;G
2007-06-23;5410;G
2007-06-24;5409;G
2007-06-25;5409;G
2007-06-26;5409;G
2007-06-27;5408;G
2007-06-28;5407;G
2007-06-29;5406;G
2007-06-30;5407;G
2007-07-01;5406;G
2007-07-02;5406;G
2007-07-03;5406;G
2007-07-04;5406;G
2007-07-05;5406;G
2007-07-06;5416;G
2007-07-07;5425;G
2007-07-08;5431;G
2007-07-09;5434;G
2007-07-10;5437;G
2007-07-11;5438;G
2007-07-12;5439;G
2007-07-13;5440;G
2007-07-14;5440;G
2007-07-15;5439;G
2007-07-16;5439;G
2007-07-17;5439;G
2007-07-18;5438;G
2007-07-19;5436;G
2007-07-20;5436;G
2007-07-21;5432;G
2007-07-22;5430;G
2007-07-23;5434;G
2007-07-24;5436;G
2007-07-25;5438;G
2007-07-26;5439;G
2007-07-27;5441;G
2007-07-28;5440;G
2007-07-29;5439;G
2007-07-30;5438;G
2007-07-31;5438;G
2007-08-01;5436;G
2007-08-02;5436;G
2007-08-03;5435;G
2007-08-04;5433;G
2007-08-05;5431;G
2007-08-06;5429;G
2007-08-07;5427;G
2007-08-08;5425;G
2007-08-09;5423;G
2007-08-10;5422;G
2007-08-11;5421;G
2007-08-12;5419;G
2007-08-13;5417;G
2007-08-14;5415;G
2007-08-15;5415;G
2007-08-16;5414;G
2007-08-17;5411;G
2007-08-18;5408;G
2007-08-19;5407;G
2007-08-20;5406;G
2007-08-21;5406;G
2007-08-22;5403;G
2007-08-23;5402;G
2007-08-24;5401;G
2007-08-25;5401;G
2007-08-26;5400;G
2007-08-27;5398;G
2007-08-28;5397;G
2007-08-29;5396;G
2007-08-30;5394;G
2007-08-31;5394;G
2007-09-01;5394;G
2007-09-02;5393;G
2007-09-03;5394;G
2007-09-04;5393;G
2007-09-05;5394;G
2007-09-06;5395;G
2007-09-07;5394;G
2007-09-08;5393;G
2007-09-09;5391;G
2007-09-10;5392;G
2007-09-11;5392;G
2007-09-12;5391;G
2007-09-13;5392;G
2007-09-14;5392;G
2007-09-15;5391;G
2007-09-16;5390;G
2007-09-17;5391;G
2007-09-18;5391;G
2007-09-19;5391;G
2007-09-20;5391;G
2007-09-21;5392;G
2007-09-22;5393;G
2007-09-23;5393;G
2007-09-24;5394;G
2007-09-25;5394;G
2007-09-26;5395;G
2007-09-27;5392;G
2007-09-28;5393;G
2007-09-29;5396;G
2007-09-30;5397;G
2007-10-01;5397;G
2007-10-02;5399;G
2007-10-03;5398;G
2007-10-04;5399;G
2007-10-05;5398;G
2007-10-06;5397;G
2007-10-07;5397;G
2007-10-08;5395;G
2007-10-09;5394;G
2007-10-10;5394;G
2007-10-11;5392;G
2007-10-12;5390;G
2007-10-13;5391;G
2007-10-14;5391;G
2007-10-15;5390;G
2007-10-16;5389;G
2007-10-17;5387;G
2007-10-18;5387;G
2007-10-19;5386;G
2007-10-20;5386;G
2007-10-21;5386;G
2007-10-22;5386;G
2007-10-23;5385;G
2007-10-24;5384;G
2007-10-25;5383;G
2007-10-26;5383;G
2007-10-27;5382;G
2007-10-28;5380;G
2007-10-29;5380;G
2007-10-30;5379;G
2007-10-31;5379;G
2007-11-01;5379;G
2007-11-02;5380;G
2007-11-03;5378;G
2007-11-04;5378;G
2007-11-05;5379;G
2007-11-06;5378;G
2007-11-07;5378;G
2007-11-08;5379;G
2007-11-09;5382;G
2007-11-10;5383;G
2007-11-11;5385;G
2007-11-12;5384;G
2007-11-13;5385;G
2007-11-14;5384;G
2007-11-15;5386;G
2007-11-16;5385;G
2007-11-17;5385;G
2007-11-18;5385;G
2007-11-19;5385;G
2007-11-20;5383;G
2007-11-21;5382;G
2007-11-22;5382;G
2007-11-23;5380;G
2007-11-24;5380;G
2007-11-25;5380;G
2007-11-26;5379;G
2007-11-27;5379;G
2007-11-28;5380;G
2007-11-29;5381;G
2007-11-30;5382;G
2007-12-01;5384;G
2007-12-02;5386;G
2007-12-03;5390;G
2007-12-04;5390;G
2007-12-05;5394;G
2007-12-06;5397;G
2007-12-07;5401;G
2007-12-08;5406;G
2007-12-09;5410;G
2007-12-10;5414;G
2007-12-11;5417;G
2007-12-12;5419;G
2007-12-13;5420;G
2007-12-14;5420;G
2007-12-15;5421;G
2007-12-16;5421;G
2007-12-17;5420;G
2007-12-18;5420;G
2007-12-19;5420;G
2007-12-20;5418;G
2007-12-21;5419;G
2007-12-22;5419;G
2007-12-23;5419;G
2007-12-24;5417;G
2007-12-25;5416;G
2007-12-26;5415;G
2007-12-27;5414;G
2007-12-28;5412;G
2007-12-29;5412;G
2007-12-30;5410;G
2007-12-31;5409;G
2008-01-01;5409;O
2008-01-02;5407;O
2008-01-03;5410;O
2008-01-04;5410;O
2008-01-05;5402;O
2008-01-06;5399;O
2008-01-07;5400;O
2008-01-08;5398;O
2008-01-09;5402;O
2008-01-10;5402;O
2008-01-11;5406;O
2008-01-12;5409;O
2008-01-13;5411;O
2008-01-14;5414;O
2008-01-15;5414;O
2008-01-16;5417;O
2008-01-17;5417;O
2008-01-18;5417;O
2008-01-19;5417;O
2008-01-20;5419;O
2008-01-21;5422;O
2008-01-22;5422;O
2008-01-23;5422;O
2008-01-24;5422;O
2008-01-25;5422;O
2008-01-26;5423;O
2008-01-27;5426;O
2008-01-28;5428;O
2008-01-29;5429;O
2008-01-30;5430;O
2008-01-31;5430;O
2008-02-01;5432;O
2008-02-02;5430;O
2008-02-03;5430;O
2008-02-04;5432;O
2008-02-05;5431;O
2008-02-06;5430;O
2008-02-07;5428;O
2008-02-08;5429;O
2008-02-09;5429;O
2008-02-10;5428;O
2008-02-11;5427;O
2008-02-12;5426;O
2008-02-13;5424;O
2008-02-14;5425;O
2008-02-15;5423;O
2008-02-16;5423;O
2008-02-17;5422;O
2008-02-18;5420;O
2008-02-19;5421;O
2008-02-20;5421;O
2008-02-21;5419;O
2008-02-22;5418;O
2008-02-23;5416;O
2008-02-24;5418;O
2008-02-25;5418;O
2008-02-26;5418;O
2008-02-27;5418;O
2008-02-28;5417;O
2008-02-29;5418;O
2008-03-01;5421;O
2008-03-02;5421;O
2008-03-03;5421;O
2008-03-04;5424;O
2008-03-05;5424;O
2008-03-06;5426;O
2008-03-07;5428;O
2008-03-08;5432;O
2008-03-09;5432;O
2008-03-10;5432;O
2008-03-11;5431;O
2008-03-12;5430;O
2008-03-13;5429;O
2008-03-14;5431;O
2008-03-15;5432;O
2008-03-16;5432;O
2008-03-17;5431;O
2008-03-18;5430;O
2008-03-19;5430;O
2008-03-20;5430;O
2008-03-21;5431;O
2008-03-22;5430;O
2008-03-23;5430;O
2008-03-24;5431;O
2008-03-25;5430;O
2008-03-26;5429;O
2008-03-27;5429;O
2008-03-28;5428;O
2008-03-29;5428;O
2008-03-30;5427;O
2008-03-31;5428;O
2008-04-01;5428;O
2008-04-02;5428;O
2008-04-03;5427;O
2008-04-04;5428;O
2008-04-05;5426;O
2008-04-06;5427;O
2008-04-07;5428;O
2008-04-08;5428;O
2008-04-09;5428;O
2008-04-10;5428;O
2008-04-11;5427;O
2008-04-12;5427;O
2008-04-13;5426;O
2008-04-14;5426;O
2008-04-15;5424;O
2008-04-16;5423;O
2008-04-17;5423;O
2008-04-18;5422;O
2008-04-19;5423;O
2008-04-20;5422;O
2008-04-21;5421;O
2008-04-22;5421;O
2008-04-23;5418;O
2008-04-24;5417;O
2008-04-25;5418;O
2008-04-26;5418;O
2008-04-27;5419;O
2008-04-28;5419;O
2008-04-29;5421;O
2008-04-30;5418;O
2008-05-01;5415;O
2008-05-02;5417;O
2008-05-03;5418;O
2008-05-04;5418;O
2008-05-05;5418;O
2008-05-06;5418;O
2008-05-07;5418;O
2008-05-08;5418;O
2008-05-09;5418;O
2008-05-10;5418;O
2008-05-11;5417;O
2008-05-12;5418;O
2008-05-13;5417;O
2008-05-14;5417;O
2008-05-15;5417;O
2008-05-16;5416;O
2008-05-17;5416;O
2008-05-18;5415;O
2008-05-19;5414;O
2008-05-20;5414;O
2008-05-21;5414;O
2008-05-22;5413;O
2008-05-23;5413;O
2008-05-24;5413;O
2008-05-25;5412;O
2008-05-26;5411;O
2008-05-27;5412;O
2008-05-28;5412;O
2008-05-29;5412;O
2008-05-30;5411;O
2008-05-31;5410;O
2008-06-01;5409;O
2008-06-02;5409;O
2008-06-03;5408;O
2008-06-04;5407;O
2008-06-05;5406;O
2008-06-06;5405;O
2008-06-07;5404;O
2008-06-08;5404;O
2008-06-09;5404;O
2008-06-10;5403;O
2008-06-11;5400;O
2008-06-12;5400;O
2008-06-13;5401;O
2008-06-14;5400;O
2008-06-15;5400;O
2008-06-16;5400;O
2008-06-17;5398;O
2008-06-18;5398;O
2008-06-19;5398;O
2008-06-20;5397;O
2008-06-21;5397;O
2008-06-22;5396;O
2008-06-23;5396;O
2008-06-24;5393;O
2008-06-25;5394;O
2008-06-26;5394;O
2008-06-27;5392;O
2008-06-28;5392;O
2008-06-29;5392;O
2008-06-30;5391;O
2008-07-01;5391;O
2008-07-02;5391;O
2008-07-03;5391;O
2008-07-04;5389;O
2008-07-05;5389;O
2008-07-06;5388;O
2008-07-07;5389;O
2008-07-08;5388;O
2008-07-09;5388;O
2008-07-10;5388;O
2008-07-11;5388;O
2008-07-12;5388;O
2008-07-13;5388;O
2008-07-14;5386;O
2008-07-15;5386;O
2008-07-16;5386;O
2008-07-17;5385;O
2008-07-18;5385;O
2008-07-19;5384;O
2008-07-20;5384;O
2008-07-21;5385;O
2008-07-22;5384;O
2008-07-23;5383;O
2008-07-24;5382;O
2008-07-25;5382;O
2008-07-26;5381;O
2008-07-27;5380;O
2008-07-28;5380;O
2008-07-29;5380;O
2008-07-30;5380;O
2008-07-31;5380;O
2008-08-01;5378;O
2008-08-02;5376;O
2008-08-03;5372;O
2008-08-04;5376;O
2008-08-05;5376;O
2008-08-06;5379;O
2008-08-07;5379;O
2008-08-08;5379;O
2008-08-09;5378;O
2008-08-10;5378;O
2008-08-11;5378;O
2008-08-12;5377;O
2008-08-13;5378;O
2008-08-14;5378;O
2008-08-15;5377;O
2008-08-16;5376;O
2008-08-17;5376;O
2008-08-18;5376;O
2008-08-19;5376;O
2008-08-20;5376;O
2008-08-21;5375;O
2008-08-22;5375;O
2008-08-23;5375;O
2008-08-24;5377;O
2008-08-25;5379;O
2008-08-26;5378;O
2008-08-27;5378;O
2008-08-28;5377;O
2008-08-29;5379;O
2008-08-30;5379;O
2008-08-31;5379;O
2008-09-01;5380;O
2008-09-02;5378;O
2008-09-03;5376;O
2008-09-04;5376;O
2008-09-05;5376;O
2008-09-06;5375;O
2008-09-07;5373;O
2008-09-08;5374;O
2008-09-09;5372;O
2008-09-10;5370;O
2008-09-11;5370;O
2008-09-12;5369;O
2008-09-13;5368;O
2008-09-14;5367;O
2008-09-15;5367;O
2008-09-16;5366;O
2008-09-17;5365;O
2008-09-18;5365;O
2008-09-19;5365;O
2008-09-20;5365;O
2008-09-21;5364;O
2008-09-22;5364;O
2008-09-23;5364;O
2008-09-24;5362;O
2008-09-25;5360;O
2008-09-26;5360;O
2008-09-27;5361;O
2008-09-28;5361;O
2008-09-29;5360;O
2008-09-30;5360;O
2008-10-01;5361;O
2008-10-02;5361;O
2008-10-03;5360;O
2008-10-04;5360;O
2008-10-05;5361;O
2008-10-06;5360;O
2008-10-07;5361;O
2008-10-08;5362;O
2008-10-09;5362;O
2008-10-10;5362;O
2008-10-11;5362;O
2008-10-12;5360;O
2008-10-13;5360;O
2008-10-14;5359;O
2008-10-15;5358;O
2008-10-16;5358;O
2008-10-17;5358;O
2008-10-18;5358;O
2008-10-19;5360;O
2008-10-20;5362;O
2008-10-21;5363;O
2008-10-22;5363;O
2008-10-23;5363;O
2008-10-24;5363;O
2008-10-25;5362;O
2008-10-26;5362;O
2008-10-27;5365;O
2008-10-28;5365;O
2008-10-29;5368;O
2008-10-30;5369;O
2008-10-31;5369;O
2008-11-01;5372;O
2008-11-02;5373;O
2008-11-03;5374;O
2008-11-04;5375;O
2008-11-05;5375;O
2008-11-06;5378;O
2008-11-07;5376;O
2008-11-08;5374;O
2008-11-09;5374;O
2008-11-10;5374;O
2008-11-11;5373;O
2008-11-12;5376;O
2008-11-13;5376;O
2008-11-14;5378;O
2008-11-15;5381;O
2008-11-16;5381;O
2008-11-17;5384;O
2008-11-18;5386;O
2008-11-19;5389;O
2008-11-20;5389;O
2008-11-21;5392;O
2008-11-22;5395;O
2008-11-23;5396;O
2008-11-24;5398;O
2008-11-25;5398;O
2008-11-26;5399;O
2008-11-27;5399;O
2008-11-28;5399;O
2008-11-29;5400;O
2008-11-30;5400;O
2008-12-01;5400;O
2008-12-02;5401;O
2008-12-03;5402;O
2008-12-04;5404;O
2008-12-05;5408;O
2008-12-06;5411;O
2008-12-07;5413;O
2008-12-08;5416;O
2008-12-09;5417;O
2008-12-10;5419;O
2008-12-11;5421;O
2008-12-12;5422;O
2008-12-13;5420;O
2008-12-14;5420;O
2008-12-15;5424;O
2008-12-16;5422;O
2008-12-17;5422;O
2008-12-18;5422;O
2008-12-19;5421;O
2008-12-20;5422;O
2008-12-21;5421;O
2008-12-22;5421;O
2008-12-23;5422;O
2008-12-24;5422;O
2008-12-25;5423;O
2008-12-26;5423;O
2008-12-27;5422;O
2008-12-28;5421;O
2008-12-29;5420;O
2008-12-30;5420;O
2008-12-31;5420;O
2009-01-01;5419;O
2009-01-02;5418;O
2009-01-03;5416;O
2009-01-04;5415;O
2009-01-05;5413;O
2009-01-06;5412;O
2009-01-07;5410;O
2009-01-08;5408;O
2009-01-09;5406;O
2009-01-10;5405;O
2009-01-11;5404;O
2009-01-12;5403;O
2009-01-13;5403;O
2009-01-14;5403;O
2009-01-15;5403;O
2009-01-16;5403;O
2009-01-17;5402;O
2009-01-18;5402;O
2009-01-19;5402;O
2009-01-20;5402;O
2009-01-21;5401;O
2009-01-22;5400;O
2009-01-23;5400;O
2009-01-24;5401;O
2009-01-25;5400;O
2009-01-26;5400;O
2009-01-27;5400;O
2009-01-28;5398;O
2009-01-29;5397;O
2009-01-30;5396;O
2009-01-31;5394;O
2009-02-01;5392;O
2009-02-02;5391;O
2009-02-03;5390;O
2009-02-04;5388;O
2009-02-05;5387;O
2009-02-06;5386;O
2009-02-07;5385;O
2009-02-08;5386;O
2009-02-09;5387;O
2009-02-10;5389;O
2009-02-11;5389;O
2009-02-12;5390;O
2009-02-13;5392;O
2009-02-14;5392;O
2009-02-15;5392;O
2009-02-16;5391;O
2009-02-17;5390;O
2009-02-18;5390;O
2009-02-19;5390;O
2009-02-20;5390;O
2009-02-21;5389;O
2009-02-22;5390;O
2009-02-23;5390;O
2009-02-24;5391;O
2009-02-25;5392;O
2009-02-26;5394;O
2009-02-27;5398;O
2009-02-28;5401;O
2009-03-01;5401;O
2009-03-02;5394;O
2009-03-03;5402;O
2009-03-04;5406;O
2009-03-05;5408;O
2009-03-06;5409;O
2009-03-07;5406;O
2009-03-08;5406;O
2009-03-09;5407;O
2009-03-10;5407;O
2009-03-11;5407;O
2009-03-12;5409;O
2009-03-13;5409;O
2009-03-14;5409;O
2009-03-15;5409;O
2009-03-16;5410;O
2009-03-17;5409;O
2009-03-18;5408;O
2009-03-19;5410;O
2009-03-20;5408;O
2009-03-21;5411;O
2009-03-22;5411;O
2009-03-23;5408;O
2009-03-24;5410;O
2009-03-25;5410;O
2009-03-26;5410;O
2009-03-27;5410;O
2009-03-28;5410;O
2009-03-29;5409;O
2009-03-30;5410;O
2009-03-31;5410;O
2009-04-01;5410;O
2009-04-02;5410;O
2009-04-03;5411;O
2009-04-04;5411;O
2009-04-05;5412;O
2009-04-06;5412;O
2009-04-07;5412;O
2009-04-08;5413;O
2009-04-09;5413;O
2009-04-10;5414;O
2009-04-11;5414;O
2009-04-12;5414;O
2009-04-13;5414;O
2009-04-14;5414;O
2009-04-15;5415;O
2009-04-16;5415;O
2009-04-17;5415;O
2009-04-18;5414;O
2009-04-19;5414;O
2009-04-20;5414;O
2009-04-21;5414;O
2009-04-22;5414;O
2009-04-23;5413;O
2009-04-24;5413;O
2009-04-25;5413;O
2009-04-26;5413;O
2009-04-27;5412;O
2009-04-28;5411;O
2009-04-29;5411;O
2009-04-30;5411;O
2009-05-01;5411;O
2009-05-02;5410;O
2009-05-03;5409;O
2009-05-04;5408;O
2009-05-05;5409;O
2009-05-06;5412;O
2009-05-07;5410;O
2009-05-08;5411;O
2009-05-09;5411;O
2009-05-10;5411;O
2009-05-11;5410;O
2009-05-12;5410;O
2009-05-13;5410;O
2009-05-14;5409;O
2009-05-15;5410;O
2009-05-16;5409;O
2009-05-17;5408;O
2009-05-18;5409;O
2009-05-19;5408;O
2009-05-20;5408;O
2009-05-21;5408;O
2009-05-22;5407;O
2009-05-23;5407;O
2009-05-24;5407;O
2009-05-25;5408;O
2009-05-26;5408;O
2009-05-27;5408;O
2009-05-28;5408;O
2009-05-29;5406;O
2009-05-30;5406;O
2009-05-31;5405;O
2009-06-01;5406;O
2009-06-02;5405;O
2009-06-03;5404;O
2009-06-04;5404;O
2009-06-05;5402;O
2009-06-06;5402;O
2009-06-07;5401;O
2009-06-08;5401;O
2009-06-09;5400;O
2009-06-10;5400;O
2009-06-11;5400;O
2009-06-12;5400;O
2009-06-13;5400;O
2009-06-14;5401;O
2009-06-15;5400;O
2009-06-16;5402;O
2009-06-17;5401;O
2009-06-18;5402;O
2009-06-19;5400;O
2009-06-20;5400;O
2009-06-21;5400;O
2009-06-22;5400;O
2009-06-23;5399;O
2009-06-24;5400;O
2009-06-25;5398;O
2009-06-26;5399;O
2009-06-27;5396;O
2009-06-28;5395;O
2009-06-29;5395;O
2009-06-30;5395;O
2009-07-01;5397;O
2009-07-02;5396;O
2009-07-03;5396;O
2009-07-04;5395;O
2009-07-05;5396;O
2009-07-06;5396;O
2009-07-07;5395;O
2009-07-08;5394;O
2009-07-09;5392;O
2009-07-10;5391;O
2009-07-11;5392;O
2009-07-12;5391;O
2009-07-13;5391;O
2009-07-14;5388;O
2009-07-15;5389;O
2009-07-16;5389;O
2009-07-17;5388;O
2009-07-18;5390;O
2009-07-19;5391;O
2009-07-20;5390;O
2009-07-21;5390;O
2009-07-22;5390;O
2009-07-23;5390;O
2009-07-24;5390;O
2009-07-25;5390;O
2009-07-26;5389;O
2009-07-27;5388;O
2009-07-28;5388;O
2009-07-29;5387;O
2009-07-30;5384;O
2009-07-31;5386;O
2009-08-01;5384;O
2009-08-02;5384;O
2009-08-03;5384;O
2009-08-04;5385;O
2009-08-05;5385;O
2009-08-06;5385;O
2009-08-07;5384;O
2009-08-08;5386;O
2009-08-09;5384;O
2009-08-10;5380;O
2009-08-11;5378;O
2009-08-12;5378;O
2009-08-13;5378;O
2009-08-14;5378;O
2009-08-15;5379;O
2009-08-16;5378;O
2009-08-17;5376;O
2009-08-18;5376;O
2009-08-19;5377;O
2009-08-20;5377;O
2009-08-21;5377;O
2009-08-22;5375;O
2009-08-23;5374;O
2009-08-24;5378;O
2009-08-25;5374;O
2009-08-26;5370;O
2009-08-27;5370;O
2009-08-28;5368;O
2009-08-29;5369;O
2009-08-30;5368;O
2009-08-31;5367;O
2009-09-01;5367;O
2009-09-02;5366;O
2009-09-03;5365;O
2009-09-04;5364;O
2009-09-05;5364;O
2009-09-06;5364;O
2009-09-07;5364;O
2009-09-08;5364;O
2009-09-09;5365;O
2009-09-10;5364;O
2009-09-11;5363;O
2009-09-12;5362;O
2009-09-13;5361;O
2009-09-14;5361;O
2009-09-15;5361;O
2009-09-16;5359;O
2009-09-17;5358;O
2009-09-18;5358;O
2009-09-19;5357;O
2009-09-20;5358;O
2009-09-21;5356;O
2009-09-22;5356;O
2009-09-23;5355;O
2009-09-24;5353;O
2009-09-25;5353;O
2009-09-26;5353;O
2009-09-27;5352;O
2009-09-28;5350;O
2009-09-29;5350;O
2009-09-30;5350;O
2009-10-01;5349;O
2009-10-02;5350;O
2009-10-03;5350;O
2009-10-04;5351;O
2009-10-05;5351;O
2009-10-06;5352;O
2009-10-07;5352;O
2009-10-08;5352;O
2009-10-09;5350;O
2009-10-10;5351;O
2009-10-11;5351;O
2009-10-12;5350;O
2009-10-13;5350;O
2009-10-14;5348;O
2009-10-15;5348;O
2009-10-16;5348;O
2009-10-17;5348;O
2009-10-18;5348;O
2009-10-19;5349;O
2009-10-20;5348;O
2009-10-21;5347;O
2009-10-22;5347;O
2009-10-23;5350;O
2009-10-24;5346;O
2009-10-25;5344;O
2009-10-26;5346;O
2009-10-27;5346;O
2009-10-28;5347;O
2009-10-29;5347;O
2009-10-30;5347;O
2009-10-31;5347;O
2009-11-01;5347;O
2009-11-02;5350;O
2009-11-03;5346;O
2009-11-04;5348;O
2009-11-05;5346;O
2009-11-06;5346;O
2009-11-07;5346;O
2009-11-08;5347;O
2009-11-09;5347;O
2009-11-10;5348;O
2009-11-11;5348;O
2009-11-12;5349;O
2009-11-13;5350;O
2009-11-14;5350;O
2009-11-15;5351;O
2009-11-16;5352;O
2009-11-17;5352;O
2009-11-18;5352;O
2009-11-19;5352;O
2009-11-20;5356;O
2009-11-21;5356;O
2009-11-22;5358;O
2009-11-23;5361;O
2009-11-24;5360;O
2009-11-25;5361;O
2009-11-26;5363;O
2009-11-27;5365;O
2009-11-28;5364;O
2009-11-29;5364;O
2009-11-30;5367;O
2009-12-01;5368;O
2009-12-02;5368;O
2009-12-03;5369;O
2009-12-04;5370;O
2009-12-05;5369;O
2009-12-06;5368;O
2009-12-07;5368;O
2009-12-08;5367;O
2009-12-09;5366;O
2009-12-10;5366;O
2009-12-11;5365;O
2009-12-12;5364;O
2009-12-13;5363;O
2009-12-14;5362;O
2009-12-15;5362;O
2009-12-16;5363;O
2009-12-17;5362;O
2009-12-18;5361;O
2009-12-19;5361;O
2009-12-20;5361;O
2009-12-21;5358;O
2009-12-22;5359;O
2009-12-23;5358;O
2009-12-24;5359;O
2009-12-25;5358;O
2009-12-26;5360;O
2009-12-27;5362;O
2009-12-28;5365;O
2009-12-29;5367;O
2009-12-30;5369;O
2009-12-31;5370;O
2010-01-01;5370;O
2010-01-02;5370;O
2010-01-03;5370;O
2010-01-04;5370;O
2010-01-05;5366;O
2010-01-06;5363;O
2010-01-07;5363;O
2010-01-08;5362;O
2010-01-09;5364;O
2010-01-10;5364;O
2010-01-11;5362;O
2010-01-12;5363;O
2010-01-13;5362;O
2010-01-14;5362;O
2010-01-15;5361;O
2010-01-16;5360;O
2010-01-17;5359;O
2010-01-18;5358;O
2010-01-19;5358;O
2010-01-20;5357;O
2010-01-21;5357;O
2010-01-22;5356;O
2010-01-23;5355;O
2010-01-24;5357;O
2010-01-25;5357;O
2010-01-26;5357;O
2010-01-27;5358;O
2010-01-28;5355;O
2010-01-29;5357;O
2010-01-30;5357;O
2010-01-31;5357;O
2010-02-01;5358;O
2010-02-02;5357;O
2010-02-03;5359;O
2010-02-04;5358;O
2010-02-05;5358;O
2010-02-06;5357;O
2010-02-07;5357;O
2010-02-08;5359;O
2010-02-09;5359;O
2010-02-10;5359;O
2010-02-11;5359;O
2010-02-12;5359;O
2010-02-13;5359;O
2010-02-14;5358;O
2010-02-15;5358;O
2010-02-16;5358;O
2010-02-17;5359;O
2010-02-18;5359;O
2010-02-19;5360;O
2010-02-20;5361;O
2010-02-21;5361;O
2010-02-22;5361;O
2010-02-23;5361;O
2010-02-24;5361;O
2010-02-25;5361;O
2010-02-26;5362;O
2010-02-27;5362;O
2010-02-28;5363;O
2010-03-01;5364;O
2010-03-02;5366;O
2010-03-03;5367;O
2010-03-04;5368;O
2010-03-05;5369;O
2010-03-06;5369;O
2010-03-07;5369;O
2010-03-08;5370;O
2010-03-09;5370;O
2010-03-10;5370;O
2010-03-11;5371;O
2010-03-12;5371;O
2010-03-13;5368;O
2010-03-14;5371;O
2010-03-15;5372;O
2010-03-16;5372;O
2010-03-17;5373;O
2010-03-18;5373;O
2010-03-19;5375;O
2010-03-20;5378;O
2010-03-21;5382;O
2010-03-22;5387;O
2010-03-23;5392;O
2010-03-24;5398;O
2010-03-25;5401;O
2010-03-26;5404;O
2010-03-27;5404;O
2010-03-28;5412;O
2010-03-29;5414;O
2010-03-30;5416;O
2010-03-31;5419;O
2010-04-01;5420;O
2010-04-02;5420;O
2010-04-03;5420;O
2010-04-04;5420;O
2010-04-05;5420;O
2010-04-06;5420;O
2010-04-07;5420;O
2010-04-08;5420;O
2010-04-09;5420;O
2010-04-10;5419;O
2010-04-11;5418;O
2010-04-12;5418;O
2010-04-13;5419;O
2010-04-14;5418;O
2010-04-15;5419;O
2010-04-16;5418;O
2010-04-17;5418;O
2010-04-18;5418;O
2010-04-19;5418;O
2010-04-20;5418;O
2010-04-21;5418;O
2010-04-22;5418;O
2010-04-23;5418;O
2010-04-24;5418;O
2010-04-25;5419;O
2010-04-26;5419;O
2010-04-27;5419;O
2010-04-28;5418;O
2010-04-29;5419;O
2010-04-30;5419;O
2010-05-01;5419;O
2010-05-02;5419;O
2010-05-03;5419;O
2010-05-04;5419;O
2010-05-05;5418;O
2010-05-06;5418;O
2010-05-07;5417;O
2010-05-08;5417;O
2010-05-09;5418;O
2010-05-10;5418;O
2010-05-11;5417;O
2010-05-12;5418;O
2010-05-13;5418;O
2010-05-14;5418;O
2010-05-15;5418;O
2010-05-16;5421;O
2010-05-17;5419;O
2010-05-18;5419;O
2010-05-19;5422;O
2010-05-20;5420;O
2010-05-21;5420;O
2010-05-22;5422;O
2010-05-23;5422;O
2010-05-24;5420;O
2010-05-25;5418;O
2010-05-26;5418;O
2010-05-27;5418;O
2010-05-28;5418;O
2010-05-29;5419;O
2010-05-30;5419;O
2010-05-31;5419;O
2010-06-01;5416;O
2010-06-02;5415;O
2010-06-03;5414;O
2010-06-04;5412;O
2010-06-05;5412;O
2010-06-06;5412;O
2010-06-07;5411;O
2010-06-08;5413;O
2010-06-09;5412;O
2010-06-10;5412;O
2010-06-11;5411;O
2010-06-12;5410;O
2010-06-13;5410;O
2010-06-14;5410;O
2010-06-15;5410;O
2010-06-16;5410;O
2010-06-17;5409;O
2010-06-18;5407;O
2010-06-19;5409;O
2010-06-20;5408;O
2010-06-21;5406;O
2010-06-22;5406;O
2010-06-23;5404;O
2010-06-24;5404;O
2010-06-25;5403;O
2010-06-26;5402;O
2010-06-27;5402;O
2010-06-28;5400;O
2010-06-29;5400;O
2010-06-30;5400;O
2010-07-01;5400;O
2010-07-02;5400;O
2010-07-03;5398;O
2010-07-04;5396;O
2010-07-05;5396;O
2010-07-06;5392;O
2010-07-07;5393;O
2010-07-08;5392;O
2010-07-09;5392;O
2010-07-10;5391;O
2010-07-11;5390;O
2010-07-12;5390;O
2010-07-13;5388;O
2010-07-14;5388;O
2010-07-15;5388;O
2010-07-16;5388;O
2010-07-17;5386;O
2010-07-18;5386;O
2010-07-19;5386;O
2010-07-20;5385;O
2010-07-21;5385;O
2010-07-22;5384;O
2010-07-23;5384;O
2010-07-24;5382;O
2010-07-25;5378;O
2010-07-26;5380;O
2010-07-27;5380;O
2010-07-28;5378;O
2010-07-29;5378;O
2010-07-30;5378;O
2010-07-31;5377;O
2010-08-01;5377;O
2010-08-02;5376;O
2010-08-03;5376;O
2010-08-04;5376;O
2010-08-05;5375;O
2010-08-06;5374;O
2010-08-07;5374;O
2010-08-08;5374;O
2010-08-09;5375;O
2010-08-10;5375;O
2010-08-11;5376;O
2010-08-12;5374;O
2010-08-13;5378;O
2010-08-14;5376;O
2010-08-15;5378;O
2010-08-16;5380;O
2010-08-17;5378;O
2010-08-18;5379;O
2010-08-19;5378;O
2010-08-20;5377;O
2010-08-21;5378;O
2010-08-22;5376;O
2010-08-23;5378;O
2010-08-24;5379;O
2010-08-25;5376;O
2010-08-26;5374;O
2010-08-27;5376;O
2010-08-28;5376;O
2010-08-29;5376;O
2010-08-30;5375;O
2010-08-31;5375;O
2010-09-01;5372;O
2010-09-02;5372;O
2010-09-03;5371;O
2010-09-04;5370;O
2010-09-05;5370;O
2010-09-06;5370;O
2010-09-07;5369;O
2010-09-08;5369;O
2010-09-09;5368;O
2010-09-10;5368;O
2010-09-11;5366;O
2010-09-12;5366;O
2010-09-13;5364;O
2010-09-14;5364;O
2010-09-15;5366;O
2010-09-16;5366;O
2010-09-17;5366;O
2010-09-18;5366;O
2010-09-19;5366;O
2010-09-20;5366;O
2010-09-21;5368;O
2010-09-22;5368;O
2010-09-23;5367;O
2010-09-24;5366;O
2010-09-25;5365;O
2010-09-26;5364;O
2010-09-27;5364;O
2010-09-28;5362;O
2010-09-29;5362;O
2010-09-30;5360;O
2010-10-01;5358;O
2010-10-02;5363;O
2010-10-03;5362;O
2010-10-04;5360;O
2010-10-05;5359;O
2010-10-06;5359;O
2010-10-07;5358;O
2010-10-08;5358;O
2010-10-09;5352;O
2010-10-10;5354;O
2010-10-11;5355;O
2010-10-12;5354;O
2010-10-13;5355;O
2010-10-14;5350;O
2010-10-15;5354;O
2010-10-16;5352;O
2010-10-17;5352;O
2010-10-18;5352;O
2010-10-19;5352;O
2010-10-20;5351;O
2010-10-21;5350;O
2010-10-22;5350;O
2010-10-23;5352;O
2010-10-24;5354;O
2010-10-25;5354;O
2010-10-26;5355;O
2010-10-27;5356;O
2010-10-28;5358;O
2010-10-29;5359;O
2010-10-30;5360;O
2010-10-31;5360;O
2010-11-01;5360;O
2010-11-02;5360;O
2010-11-03;5360;O
2010-11-04;5361;O
2010-11-05;5362;O
2010-11-06;5365;O
2010-11-07;5367;O
2010-11-08;5368;O
2010-11-09;5369;O
2010-11-10;5370;O
2010-11-11;5371;O
2010-11-12;5374;O
2010-11-13;5370;O
2010-11-14;5374;O
2010-11-15;5377;O
2010-11-16;5378;O
2010-11-17;5378;O
2010-11-18;5378;O
2010-11-19;5378;O
2010-11-20;5380;O
2010-11-21;5380;O
2010-11-22;5380;O
2010-11-23;5380;O
2010-11-24;5386;O
2010-11-25;5389;O
2010-11-26;5393;O
2010-11-27;5396;O
2010-11-28;5396;O
2010-11-29;5397;O
2010-11-30;5398;O
2010-12-01;5396;O
2010-12-02;5396;O
2010-12-03;5395;O
2010-12-04;5395;O
2010-12-05;5395;O
2010-12-06;5394;O
2010-12-07;5395;O
2010-12-08;5395;O
2010-12-09;5394;O
2010-12-10;5393;O
2010-12-11;5393;O
2010-12-12;5394;O
2010-12-13;5394;O
2010-12-14;5395;O
2010-12-15;5396;O
2010-12-16;5396;O
2010-12-17;5396;O
2010-12-18;5395;O
2010-12-19;5397;O
2010-12-20;5395;O
2010-12-21;5393;O
2010-12-22;5393;O
2010-12-23;5392;O
2010-12-24;5391;O
2010-12-25;5390;O
2010-12-26;5390;O
2010-12-27;5391;O
2010-12-28;5390;O
2010-12-29;5387;O
2010-12-30;5386;O
2010-12-31;5386;O
2011-01-01;5386;O
2011-01-02;5383;O
2011-01-03;5382;O
2011-01-04;5380;O
2011-01-05;5379;O
2011-01-06;5378;O
2011-01-07;5376;O
2011-01-08;5376;O
2011-01-09;5375;O
2011-01-10;5375;O
2011-01-11;5375;O
2011-01-12;5375;O
2011-01-13;5375;O
2011-01-14;5374;O
2011-01-15;5375;O
2011-01-16;5376;O
2011-01-17;5381;O
2011-01-18;5387;O
2011-01-19;5395;O
2011-01-20;5401;O
2011-01-21;5403;O
2011-01-22;5408;O
2011-01-23;5409;O
2011-01-24;5411;O
2011-01-25;5412;O
2011-01-26;5414;O
2011-01-27;5414;O
2011-01-28;5415;O
2011-01-29;5416;O
2011-01-30;5418;O
2011-01-31;5417;O
2011-02-01;5416;O
2011-02-02;5416;O
2011-02-03;5416;O
2011-02-04;5417;O
2011-02-05;5421;O
2011-02-06;5428;O
2011-02-07;5433;O
2011-02-08;5437;O
2011-02-09;5439;O
2011-02-10;5438;O
2011-02-11;5441;O
2011-02-12;5442;O
2011-02-13;5442;O
2011-02-14;5441;O
2011-02-15;5440;O
2011-02-16;5439;O
2011-02-17;5438;O
2011-02-18;5436;O
2011-02-19;5435;O
2011-02-20;5433;O
2011-02-21;5431;O
2011-02-22;5430;O
2011-02-23;5428;O
2011-02-24;5426;O
2011-02-25;5425;O
2011-02-26;5424;O
2011-02-27;5422;O
2011-02-28;5421;O
2011-03-01;5420;O
2011-03-02;5418;O
2011-03-03;5416;O
2011-03-04;5414;O
2011-03-05;5412;O
2011-03-06;5410;O
2011-03-07;5409;O
2011-03-08;5407;O
2011-03-09;5407;O
2011-03-10;5407;O
2011-03-11;5407;O
2011-03-12;5407;O
2011-03-13;5408;O
2011-03-14;5408;O
2011-03-15;5410;O
2011-03-16;5410;O
2011-03-17;5410;O
2011-03-18;5412;O
2011-03-19;5413;O
2011-03-20;5414;O
2011-03-21;5415;O
2011-03-22;5416;O
2011-03-23;5418;O
2011-03-24;5416;O
2011-03-25;5420;O
2011-03-26;5420;O
2011-03-27;5420;O
2011-03-28;5420;O
2011-03-29;5420;O
2011-03-30;5420;O
2011-03-31;5420;O
2011-04-01;5420;O
2011-04-02;5420;O
2011-04-03;5422;O
2011-04-04;5422;O
2011-04-05;5422;O
2011-04-06;5422;O
2011-04-07;5421;O
2011-04-08;5419;O
2011-04-09;5421;O
2011-04-10;5422;O
2011-04-11;5421;O
2011-04-12;5420;O
2011-04-13;5420;O
2011-04-14;5420;O
2011-04-15;5418;O
2011-04-16;5418;O
2011-04-17;5419;O
2011-04-18;5420;O
2011-04-19;5420;O
2011-04-20;5418;O
2011-04-21;5418;O
2011-04-22;5418;O
2011-04-23;5419;O
2011-04-24;5419;O
2011-04-25;5418;O
2011-04-26;5418;O
2011-04-27;5418;O
2011-04-28;5418;O
2011-04-29;5418;O
2011-04-30;5417;O
2011-05-01;5417;O
2011-05-02;5417;O
2011-05-03;5417;O
2011-05-04;5416;O
2011-05-05;5416;O
2011-05-06;5416;O
2011-05-07;5416;O
2011-05-08;5416;O
2011-05-09;5415;O
2011-05-10;5415;O
2011-05-11;5414;O
2011-05-12;5415;O
2011-05-13;5414;O
2011-05-14;5414;O
2011-05-15;5414;O
2011-05-16;5414;O
2011-05-17;5414;O
2011-05-18;5415;O
2011-05-19;5416;O
2011-05-20;5416;O
2011-05-21;5415;O
2011-05-22;5415;O
2011-05-23;5414;O
2011-05-24;5416;O
2011-05-25;5415;O
2011-05-26;5415;O
2011-05-27;5415;O
2011-05-28;5414;O
2011-05-29;5415;O
2011-05-30;5414;O
2011-05-31;5414;O
2011-06-01;5412;O
2011-06-02;5412;O
2011-06-03;5412;O
2011-06-04;5412;O
2011-06-05;5411;O
2011-06-06;5412;O
2011-06-07;5410;O
2011-06-08;5410;O
2011-06-09;5411;O
2011-06-10;5410;O
2011-06-11;5408;O
2011-06-12;5408;O
2011-06-13;5407;O
2011-06-14;5406;O
2011-06-15;5405;O
2011-06-16;5405;O
2011-06-17;5405;O
2011-06-18;5404;O
2011-06-19;5403;O
2011-06-20;5402;O
2011-06-21;5402;O
2011-06-22;5402;O
2011-06-23;5404;O
2011-06-24;5404;O
2011-06-25;5403;O
2011-06-26;5402;O
2011-06-27;5402;O
2011-06-28;5402;O
2011-06-29;5402;O
2011-06-30;5400;O
2011-07-01;5398;O
2011-07-02;5398;O
2011-07-03;5400;O
2011-07-04;5399;O
2011-07-05;5399;O
2011-07-06;5398;O
2011-07-07;5397;O
2011-07-08;5396;O
2011-07-09;5395;O
2011-07-10;5395;O
2011-07-11;5393;O
2011-07-12;5393;O
2011-07-13;5393;O
2011-07-14;5393;O
2011-07-15;5393;O
2011-07-16;5392;O
2011-07-17;5392;O
2011-07-18;5392;O
2011-07-19;5392;O
2011-07-20;5391;O
2011-07-21;5390;O
2011-07-22;5395;O
2011-07-23;5396;O
2011-07-24;5399;O
2011-07-25;5399;O
2011-07-26;5398;O
2011-07-27;5396;O
2011-07-28;5396;O
2011-07-29;5396;O
2011-07-30;5396;O
2011-07-31;5396;O
2011-08-01;5398;O
2011-08-02;5397;O
2011-08-03;5396;O
2011-08-04;5396;O
2011-08-05;5394;O
2011-08-06;5392;O
2011-08-07;5394;O
2011-08-08;5394;O
2011-08-09;5394;O
2011-08-10;5393;O
2011-08-11;5394;O
2011-08-12;5396;O
2011-08-13;5395;O
2011-08-14;5396;O
2011-08-15;5398;O
2011-08-16;5398;O
2011-08-17;5398;O
2011-08-18;5397;O
2011-08-19;5396;O
2011-08-20;5393;O
2011-08-21;5396;O
2011-08-22;5396;O
2011-08-23;5395;O
2011-08-24;5394;O
2011-08-25;5392;O
2011-08-26;5394;O
2011-08-27;5392;O
2011-08-28;5392;O
2011-08-29;5392;O
2011-08-30;5392;O
2011-08-31;5393;O
2011-09-01;5394;O
2011-09-02;5395;O
2011-09-03;5395;O
2011-09-04;5394;O
2011-09-05;5394;O
2011-09-06;5396;O
2011-09-07;5396;O
2011-09-08;5396;O
2011-09-09;5394;O
2011-09-10;5395;O
2011-09-11;5395;O
2011-09-12;5395;O
2011-09-13;5394;O
2011-09-14;5396;O
2011-09-15;5395;O
2011-09-16;5395;O
2011-09-17;5394;O
2011-09-18;5394;O
2011-09-19;5396;O
2011-09-20;5395;O
2011-09-21;5395;O
2011-09-22;5394;O
2011-09-23;5394;O
2011-09-24;5394;O
2011-09-25;5394;O
2011-09-26;5394;O
2011-09-27;5394;O
2011-09-28;5394;O
2011-09-29;5392;O
2011-09-30;5392;O
2011-10-01;5392;O
2011-10-02;5390;O
2011-10-03;5388;O
2011-10-04;5386;O
2011-10-05;5383;O
2011-10-06;5383;O
2011-10-07;5382;O
2011-10-08;5381;O
2011-10-09;5380;O
2011-10-10;5381;O
2011-10-11;5382;O
2011-10-12;5381;O
2011-10-13;5383;O
2011-10-14;5384;O
2011-10-15;5385;O
2011-10-16;5385;O
2011-10-17;5384;O
2011-10-18;5384;O
2011-10-19;5384;O
2011-10-20;5382;O
2011-10-21;5383;O
2011-10-22;5384;O
2011-10-23;5385;O
2011-10-24;5386;O
2011-10-25;5387;O
2011-10-26;5386;O
2011-10-27;5384;O
2011-10-28;5383;O
2011-10-29;5384;O
2011-10-30;5382;O
2011-10-31;5382;O
2011-11-01;5381;O
2011-11-02;5380;O
2011-11-03;5380;O
2011-11-04;5380;O
2011-11-05;5378;O
2011-11-06;5378;O
2011-11-07;5376;O
2011-11-08;5375;O
2011-11-09;5374;O
2011-11-10;5373;O
2011-11-11;5372;O
2011-11-12;5371;O
2011-11-13;5369;O
2011-11-14;5367;O
2011-11-15;5366;O
2011-11-16;5364;O
2011-11-17;5364;O
2011-11-18;5362;O
2011-11-19;5361;O
2011-11-20;5360;O
2011-11-21;5359;O
2011-11-22;5358;O
2011-11-23;5359;O
2011-11-24;5360;O
2011-11-25;5359;O
2011-11-26;5357;O
2011-11-27;5357;O
2011-11-28;5356;O
2011-11-29;5358;O
2011-11-30;5360;O
2011-12-01;5362;O
2011-12-02;5361;O
2011-12-03;5360;O
2011-12-04;5360;O
2011-12-05;5363;O
2011-12-06;5364;O
2011-12-07;5365;O
2011-12-08;5366;O
2011-12-09;5367;O
2011-12-10;5370;O
2011-12-11;5372;O
2011-12-12;5376;O
2011-12-13;5378;O
2011-12-14;5379;O
2011-12-15;5381;O
2011-12-16;5386;O
2011-12-17;5386;O
2011-12-18;5389;O
2011-12-19;5395;O
2011-12-20;5397;O
2011-12-21;5398;O
2011-12-22;5399;O
2011-12-23;5399;O
2011-12-24;5398;O
2011-12-25;5398;O
2011-12-26;5397;O
2011-12-27;5397;O
2011-12-28;5400;O
2011-12-29;5400;O
2011-12-30;5400;O
2011-12-31;5401;O
2012-01-01;5402;O
2012-01-02;5403;O
2012-01-03;5404;O
2012-01-04;5410;O
2012-01-05;5419;O
2012-01-06;5424;O
2012-01-07;5428;O
2012-01-08;5430;O
2012-01-09;5432;O
2012-01-10;5432;O
2012-01-11;5432;O
2012-01-12;5436;O
2012-01-13;5433;O
2012-01-14;5432;O
2012-01-15;5434;O
2012-01-16;5433;O
2012-01-17;5432;O
2012-01-18;5430;O
2012-01-19;5431;O
2012-01-20;5431;O
2012-01-21;5432;O
2012-01-22;5432;O
2012-01-23;5432;O
2012-01-24;5431;O
2012-01-25;5431;O
2012-01-26;5430;O
2012-01-27;5429;O
2012-01-28;5427;O
2012-01-29;5426;O
2012-01-30;5424;O
2012-01-31;5423;O
2012-02-01;5422;O
2012-02-02;5422;O
2012-02-03;5420;O
2012-02-04;5418;O
2012-02-05;5416;O
2012-02-06;5413;O
2012-02-07;5411;O
2012-02-08;5408;O
2012-02-09;5406;O
2012-02-10;5404;O
2012-02-11;5402;O
2012-02-12;5400;O
2012-02-13;5398;O
2012-02-14;5397;O
2012-02-15;5395;O
2012-02-16;5394;O
2012-02-17;5392;O
2012-02-18;5392;O
2012-02-19;5395;O
2012-02-20;5398;O
2012-02-21;5400;O
2012-02-22;5402;O
2012-02-23;5407;O
2012-02-24;5413;O
2012-02-25;5417;O
2012-02-26;5420;O
2012-02-27;5421;O
2012-02-28;5421;O
2012-02-29;5421;O
2012-03-01;5422;O
2012-03-02;5422;O
2012-03-03;5422;O
2012-03-04;5422;O
2012-03-05;5422;O
2012-03-06;5421;O
2012-03-07;5421;O
2012-03-08;5420;O
2012-03-09;5420;O
2012-03-10;5420;O
2012-03-11;5418;O
2012-03-12;5419;O
2012-03-13;5420;O
2012-03-14;5421;O
2012-03-15;5420;O
2012-03-16;5420;O
2012-03-17;5420;O
2012-03-18;5420;O
2012-03-19;5418;O
2012-03-20;5418;O
2012-03-21;5418;O
2012-03-22;5418;O
2012-03-23;5418;O
2012-03-24;5418;O
2012-03-25;5418;O
2012-03-26;5417;O
2012-03-27;5417;O
2012-03-28;5417;O
2012-03-29;5415;O
2012-03-30;5414;O
2012-03-31;5412;O
2012-04-01;5412;O
2012-04-02;5412;O
2012-04-03;5410;O
2012-04-04;5410;O
2012-04-05;5411;O
2012-04-06;5411;O
2012-04-07;5411;O
2012-04-08;5411;O
2012-04-09;5412;O
2012-04-10;5413;O
2012-04-11;5414;O
2012-04-12;5414;O
2012-04-13;5414;O
2012-04-14;5415;O
2012-04-15;5416;O
2012-04-16;5416;O
2012-04-17;5415;O
2012-04-18;5417;O
2012-04-19;5416;O
2012-04-20;5416;O
2012-04-21;5416;O
2012-04-22;5416;O
2012-04-23;5418;O
2012-04-24;5418;O
2012-04-25;5419;O
2012-04-26;5420;O
2012-04-27;5420;O
2012-04-28;5421;O
2012-04-29;5418;O
2012-04-30;5416;O
2012-05-01;5415;O
2012-05-02;5416;O
2012-05-03;5415;O
2012-05-04;5416;O
2012-05-05;5415;O
2012-05-06;5415;O
2012-05-07;5414;O
2012-05-08;5414;O
2012-05-09;5416;O
2012-05-10;5415;O
2012-05-11;5415;O
2012-05-12;5414;O
2012-05-13;5415;O
2012-05-14;5415;O
2012-05-15;5415;O
2012-05-16;5415;O
2012-05-17;5414;O
2012-05-18;5413;O
2012-05-19;5414;O
2012-05-20;5414;O
2012-05-21;5414;O
2012-05-22;5414;O
2012-05-23;5414;O
2012-05-24;5414;O
2012-05-25;5413;O
2012-05-26;5412;O
2012-05-27;5412;O
2012-05-28;5412;O
2012-05-29;5411;O
2012-05-30;5410;O
2012-05-31;5409;O
2012-06-01;5408;O
2012-06-02;5406;O
2012-06-03;5406;O
2012-06-04;5407;O
2012-06-05;5406;O
2012-06-06;5406;O
2012-06-07;5405;O
2012-06-08;5405;O
2012-06-09;5405;O
2012-06-10;5405;O
2012-06-11;5404;O
2012-06-12;5403;O
2012-06-13;5403;O
2012-06-14;5402;O
2012-06-15;5401;O
2012-06-16;5401;O
2012-06-17;5400;O
2012-06-18;5401;O
2012-06-19;5397;O
2012-06-20;5400;O
2012-06-21;5398;O
2012-06-22;5398;O
2012-06-23;5399;O
2012-06-24;5398;O
2012-06-25;5398;O
2012-06-26;5399;O
2012-06-27;5399;O
2012-06-28;5400;O
2012-06-29;5400;O
2012-06-30;5400;O
2012-07-01;5400;O
2012-07-02;5399;O
2012-07-03;5399;O
2012-07-04;5398;O
2012-07-05;5396;O
2012-07-06;5395;O
2012-07-07;5395;O
2012-07-08;5395;O
2012-07-09;5395;O
2012-07-10;5393;O
2012-07-11;5394;O
2012-07-12;5392;O
2012-07-13;5392;O
2012-07-14;5392;O
2012-07-15;5391;O
2012-07-16;5390;O
2012-07-17;5392;O
2012-07-18;5390;O
2012-07-19;5390;O
2012-07-20;5390;O
2012-07-21;5391;O
2012-07-22;5389;O
2012-07-23;5389;O
2012-07-24;5390;O
2012-07-25;5386;O
2012-07-26;5387;O
2012-07-27;5386;O
2012-07-28;5386;O
2012-07-29;5384;O
2012-07-30;5384;O
2012-07-31;5385;O
2012-08-01;5384;O
2012-08-02;5384;O
2012-08-03;5382;O
2012-08-04;5381;O
2012-08-05;5380;O
2012-08-06;5380;O
2012-08-07;5380;O
2012-08-08;5378;O
2012-08-09;5378;O
2012-08-10;5377;O
2012-08-11;5379;O
2012-08-12;5378;O
2012-08-13;5377;O
2012-08-14;5375;O
2012-08-15;5374;O
2012-08-16;5374;O
2012-08-17;5373;O
2012-08-18;5372;O
2012-08-19;5371;O
2012-08-20;5372;O
2012-08-21;5370;O
2012-08-22;5370;O
2012-08-23;5368;O
2012-08-24;5368;O
2012-08-25;5367;O
2012-08-26;5366;O
2012-08-27;5365;O
2012-08-28;5365;O
2012-08-29;5364;O
2012-08-30;5366;O
2012-08-31;5364;O
2012-09-01;5364;O
2012-09-02;5364;O
2012-09-03;5363;O
2012-09-04;5363;O
2012-09-05;5361;O
2012-09-06;5361;O
2012-09-07;5361;O
2012-09-08;5358;O
2012-09-09;5358;O
2012-09-10;5359;O
2012-09-11;5359;O
2012-09-12;5358;O
2012-09-13;5356;O
2012-09-14;5356;O
2012-09-15;5355;O
2012-09-16;5354;O
2012-09-17;5355;O
2012-09-18;5354;O
2012-09-19;5353;O
2012-09-20;5351;O
2012-09-21;5352;O
2012-09-22;5352;O
2012-09-23;5351;O
2012-09-24;5352;O
2012-09-25;5353;O
2012-09-26;5353;O
2012-09-27;5354;O
2012-09-28;5354;O
2012-09-29;5355;O
2012-09-30;5353;O
2012-10-01;5353;O
2012-10-02;5353;O
2012-10-03;5353;O
2012-10-04;5354;O
2012-10-05;5352;O
2012-10-06;5354;O
2012-10-07;5355;O
2012-10-08;5353;O
2012-10-09;5352;O
2012-10-10;5353;O
2012-10-11;5355;O
2012-10-12;5354;O
2012-10-13;5354;O
2012-10-14;5356;O
2012-10-15;5357;O
2012-10-16;5358;O
2012-10-17;5358;O
2012-10-18;5359;O
2012-10-19;5359;O
2012-10-20;5359;O
2012-10-21;5359;O
2012-10-22;5358;O
2012-10-23;5358;O
2012-10-24;5356;O
2012-10-25;5355;O
2012-10-26;5355;O
2012-10-27;5354;O
2012-10-28;5352;O
2012-10-29;5352;O
2012-10-30;5353;O
2012-10-31;5352;O
2012-11-01;5353;O
2012-11-02;5354;O
2012-11-03;5354;O
2012-11-04;5355;O
2012-11-05;5356;O
2012-11-06;5356;O
2012-11-07;5358;O
2012-11-08;5358;O
2012-11-09;5360;O
2012-11-10;5362;O
2012-11-11;5362;O
2012-11-12;5363;O
2012-11-13;5363;O
2012-11-14;5364;O
2012-11-15;5362;O
2012-11-16;5363;O
2012-11-17;5363;O
2012-11-18;5362;O
2012-11-19;5360;O
2012-11-20;5360;O
2012-11-21;5360;O
2012-11-22;5359;O
2012-11-23;5358;O
2012-11-24;5358;O
2012-11-25;5358;O
2012-11-26;5360;O
2012-11-27;5360;O
2012-11-28;5360;O
2012-11-29;5361;O
2012-11-30;5361;O
2012-12-01;5362;O
2012-12-02;5362;O
2012-12-03;5362;O
2012-12-04;5361;O
2012-12-05;5359;O
2012-12-06;5359;O
2012-12-07;5358;O
2012-12-08;5358;O
2012-12-09;5358;O
2012-12-10;5358;O
2012-12-11;5358;O
2012-12-12;5358;O
2012-12-13;5358;O
2012-12-14;5358;O
2012-12-15;5357;O
2012-12-16;5356;O
2012-12-17;5356;O
2012-12-18;5358;O
2012-12-19;5359;O
2012-12-20;5362;O
2012-12-21;5362;O
2012-12-22;5362;O
2012-12-23;5364;O
2012-12-24;5365;O
2012-12-25;5365;O
2012-12-26;5366;O
2012-12-27;5368;O
2012-12-28;5372;O
2012-12-29;5376;O
2012-12-30;5378;O
2012-12-31;5380;O
2013-01-01;5385;O
2013-01-02;5388;O
2013-01-03;5391;O
2013-01-04;5393;O
2013-01-05;5396;O
2013-01-06;5398;O
2013-01-07;5400;O
2013-01-08;5401;O
2013-01-09;5402;O
2013-01-10;5403;O
2013-01-11;5405;O
2013-01-12;5406;O
2013-01-13;5409;O
2013-01-14;5410;O
2013-01-15;5408;O
2013-01-16;5410;O
2013-01-17;5408;O
2013-01-18;5406;O
2013-01-19;5404;O
2013-01-20;5404;O
2013-01-21;5400;O
2013-01-22;5399;O
2013-01-23;5397;O
2013-01-24;5396;O
2013-01-25;5394;O
2013-01-26;5394;O
2013-01-27;5392;O
2013-01-28;5392;O
2013-01-29;5390;O
2013-01-30;5390;O
2013-01-31;5392;O
2013-02-01;5395;O
2013-02-02;5398;O
2013-02-03;5401;O
2013-02-04;5404;O
2013-02-05;5406;O
2013-02-06;5408;O
2013-02-07;5408;O
2013-02-08;5408;O
2013-02-09;5408;O
2013-02-10;5408;O
2013-02-11;5408;O
2013-02-12;5406;O
2013-02-13;5406;O
2013-02-14;5405;O
2013-02-15;5404;O
2013-02-16;5403;O
2013-02-17;5402;O
2013-02-18;5400;O
2013-02-19;5400;O
2013-02-20;5399;O
2013-02-21;5398;O
2013-02-22;5397;O
2013-02-23;5397;O
2013-02-24;5398;O
2013-02-25;5399;O
2013-02-26;5398;O
2013-02-27;5399;O
2013-02-28;5399;O
2013-03-01;5399;O
2013-03-02;5398;O
2013-03-03;5399;O
2013-03-04;5399;O
2013-03-05;5400;O
2013-03-06;5400;O
2013-03-07;5400;O
2013-03-08;5400;O
2013-03-09;5400;O
2013-03-10;5400;O
2013-03-11;5398;O
2013-03-12;5399;O
2013-03-13;5398;O
2013-03-14;5397;O
2013-03-15;5396;O
2013-03-16;5396;O
2013-03-17;5396;O
2013-03-18;5397;O
2013-03-19;5396;O
2013-03-20;5397;O
2013-03-21;5397;O
2013-03-22;5397;O
2013-03-23;5395;O
2013-03-24;5397;O
2013-03-25;5396;O
2013-03-26;5396;O
2013-03-27;5396;O
2013-03-28;5396;O
2013-03-29;5396;O
2013-03-30;5397;O
2013-03-31;5397;O
2013-04-01;5397;O
2013-04-02;5397;O
2013-04-03;5397;O
2013-04-04;5397;O
2013-04-05;5396;O
2013-04-06;5396;O
2013-04-07;5397;O
2013-04-08;5397;O
2013-04-09;5397;O
2013-04-10;5398;O
2013-04-11;5398;O
2013-04-12;5399;O
2013-04-13;5399;O
2013-04-14;5400;O
2013-04-15;5400;O
2013-04-16;5402;O
2013-04-17;5403;O
2013-04-18;5405;O
2013-04-19;5404;O
2013-04-20;5404;O
2013-04-21;5404;O
2013-04-22;5405;O
2013-04-23;5406;O
2013-04-24;5404;O
2013-04-25;5405;O
2013-04-26;5406;O
2013-04-27;5406;O
2013-04-28;5406;O
2013-04-29;5406;O
2013-04-30;5406;O
2013-05-01;5406;O
2013-05-02;5406;O
2013-05-03;5405;O
2013-05-04;5406;O
2013-05-05;5405;O
2013-05-06;5405;O
2013-05-07;5405;O
2013-05-08;5406;O
2013-05-09;5406;O
2013-05-10;5405;O
2013-05-11;5404;O
2013-05-12;5405;O
2013-05-13;5404;O
2013-05-14;5404;O
2013-05-15;5404;O
2013-05-16;5404;O
2013-05-17;5404;O
2013-05-18;5403;O
2013-05-19;5402;O
2013-05-20;5403;O
2013-05-21;5403;O
2013-05-22;5404;O
2013-05-23;5403;O
2013-05-24;5403;O
2013-05-25;5403;O
2013-05-26;5403;O
2013-05-27;5403;O
2013-05-28;5403;O
2013-05-29;5403;O
2013-05-30;5402;O
2013-05-31;5402;O
2013-06-01;5401;O
2013-06-02;5401;O
2013-06-03;5400;O
2013-06-04;5400;O
2013-06-05;5400;O
2013-06-06;5400;O
2013-06-07;5399;O
2013-06-08;5398;O
2013-06-09;5398;O
2013-06-10;5397;O
2013-06-11;5396;O
2013-06-12;5395;O
2013-06-13;5396;O
2013-06-14;5396;O
2013-06-15;5396;O
2013-06-16;5397;O
2013-06-17;5397;O
2013-06-18;5397;O
2013-06-19;5397;O
2013-06-20;5397;O
2013-06-21;5398;O
2013-06-22;5396;O
2013-06-23;5396;O
2013-06-24;5396;O
2013-06-25;5395;O
2013-06-26;5395;O
2013-06-27;5395;O
2013-06-28;5395;O
2013-06-29;5395;O
2013-06-30;5395;O
2013-07-01;5396;O
2013-07-02;5395;O
2013-07-03;5395;O
2013-07-04;5394;O
2013-07-05;5394;O
2013-07-06;5394;O
2013-07-07;5392;O
2013-07-08;5392;O
2013-07-09;5392;O
2013-07-10;5390;O
2013-07-11;5389;O
2013-07-12;5390;O
2013-07-13;5388;O
2013-07-14;5387;O
2013-07-15;5387;O
2013-07-16;5385;O
2013-07-17;5386;O
2013-07-18;5385;O
2013-07-19;5384;O
2013-07-20;5383;O
2013-07-21;5382;O
2013-07-22;5382;O
2013-07-23;5382;O
2013-07-24;5380;O
2013-07-25;5380;O
2013-07-26;5380;O
2013-07-27;5380;O
2013-07-28;5379;O
2013-07-29;5379;O
2013-07-30;5377;O
2013-07-31;5378;O
2013-08-01;5375;O
2013-08-02;5375;O
2013-08-03;5375;O
2013-08-04;5374;O
2013-08-05;5373;O
2013-08-06;5376;O
2013-08-07;5372;O
2013-08-08;5370;O
2013-08-09;5370;O
2013-08-10;5369;O
2013-08-11;5368;O
2013-08-12;5367;O
2013-08-13;5366;O
2013-08-14;5364;O
2013-08-15;5366;O
2013-08-16;5367;O
2013-08-17;5366;O
2013-08-18;5367;O
2013-08-19;5366;O
2013-08-20;5366;O
2013-08-21;5364;O
2013-08-22;5364;O
2013-08-23;5363;O
2013-08-24;5362;O
2013-08-25;5362;O
2013-08-26;5361;O
2013-08-27;5360;O
2013-08-28;5359;O
2013-08-29;5358;O
2013-08-30;5358;O
2013-08-31;5356;O
2013-09-01;5355;O
2013-09-02;5354;O
2013-09-03;5354;O
2013-09-04;5356;O
2013-09-05;5354;O
2013-09-06;5355;O
2013-09-07;5354;O
2013-09-08;5353;O
2013-09-09;5350;O
2013-09-10;5350;O
2013-09-11;5350;O
2013-09-12;5350;O
2013-09-13;5350;O
2013-09-14;5350;O
2013-09-15;5350;O
2013-09-16;5351;O
2013-09-17;5350;O
2013-09-18;5349;O
2013-09-19;5348;O
2013-09-20;5349;O
2013-09-21;5347;O
2013-09-22;5347;O
2013-09-23;5350;O
2013-09-24;5346;O
2013-09-25;5346;O
2013-09-26;5345;O
2013-09-27;5345;O
2013-09-28;5343;O
2013-09-29;5342;O
2013-09-30;5342;O
2013-10-01;5341;O
2013-10-02;5340;O
2013-10-03;5340;O
2013-10-04;5340;O
2013-10-05;5339;O
2013-10-06;5338;O
2013-10-07;5339;O
2013-10-08;5339;O
2013-10-09;5336;O
2013-10-10;5336;O
2013-10-11;5336;O
2013-10-12;5336;O
2013-10-13;5336;O
2013-10-14;5338;O
2013-10-15;5338;O
2013-10-16;5338;O
2013-10-17;5338;O
2013-10-18;5338;O
2013-10-19;5339;O
2013-10-20;5339;O
2013-10-21;5340;O
2013-10-22;5342;O
2013-10-23;5344;O
2013-10-24;5345;O
2013-10-25;5346;O
2013-10-26;5346;O
2013-10-27;5346;O
2013-10-28;5448;O
2013-10-29;5347;O
2013-10-30;5348;O
2013-10-31;5350;O
2013-11-01;5350;O
2013-11-02;5350;O
2013-11-03;5352;O
2013-11-04;5352;O
2013-11-05;5353;O
2013-11-06;5353;O
2013-11-07;5354;O
2013-11-08;5354;O
2013-11-09;5356;O
2013-11-10;5355;O
2013-11-11;5357;O
2013-11-12;5359;O
2013-11-13;5360;O
2013-11-14;5362;O
2013-11-15;5362;O
2013-11-16;5362;O
2013-11-17;5362;O
2013-11-18;5362;O
2013-11-19;5362;O
2013-11-20;5361;O
2013-11-21;5360;O
2013-11-22;5360;O
2013-11-23;5360;O
2013-11-24;5359;O
2013-11-25;5358;O
2013-11-26;5358;O
2013-11-27;5358;O
2013-11-28;5355;O
2013-11-29;5356;O
2013-11-30;5358;O
2013-12-01;5356;O
2013-12-02;5357;O
2013-12-03;5357;O
2013-12-04;5356;O
2013-12-05;5356;O
2013-12-06;5351;O
2013-12-07;5354;O
2013-12-08;5359;O
2013-12-09;5362;O
2013-12-10;5364;O
2013-12-11;5364;O
2013-12-12;5366;O
2013-12-13;5368;O
2013-12-14;5370;O
2013-12-15;5372;O
2013-12-16;5373;O
2013-12-17;5374;O
2013-12-18;5375;O
2013-12-19;5376;O
2013-12-20;5375;O
2013-12-21;5376;O
2013-12-22;5380;O
2013-12-23;5381;O
2013-12-24;5384;O
2013-12-25;5386;O
2013-12-26;5387;O
2013-12-27;5388;O
2013-12-28;5391;O
2013-12-29;5393;O
2013-12-30;5395;O
2013-12-31;5396;O
2014-01-01;5399;O
2014-01-02;5398;O
2014-01-03;5398;O
2014-01-04;5400;O
2014-01-05;5398;O
2014-01-06;5398;O
2014-01-07;5398;O
2014-01-08;5398;O
2014-01-09;5398;O
2014-01-10;5400;O
2014-01-11;5404;O
2014-01-12;5408;O
2014-01-13;5412;O
2014-01-14;5415;O
2014-01-15;5416;O
2014-01-16;5419;O
2014-01-17;5422;O
2014-01-18;5421;O
2014-01-19;5422;O
2014-01-20;5421;O
2014-01-21;5420;O
2014-01-22;5418;O
2014-01-23;5418;O
2014-01-24;5418;O
2014-01-25;5418;O
2014-01-26;5417;O
2014-01-27;5417;O
2014-01-28;5418;O
2014-01-29;5414;O
2014-01-30;5414;O
2014-01-31;5415;O
2014-02-01;5416;O
2014-02-02;5416;O
2014-02-03;5416;O
2014-02-04;5417;O
2014-02-05;5417;O
2014-02-06;5417;O
2014-02-07;5418;O
2014-02-08;5418;O
2014-02-09;5419;O
2014-02-10;5423;O
2014-02-11;5426;O
2014-02-12;5428;O
2014-02-13;5428;O
2014-02-14;5429;O
2014-02-15;5430;O
2014-02-16;5430;O
2014-02-17;5429;O
2014-02-18;5428;O
2014-02-19;5427;O
2014-02-20;5427;O
2014-02-21;5427;O
2014-02-22;5427;O
2014-02-23;5426;O
2014-02-24;5426;O
2014-02-25;5426;O
2014-02-26;5425;O
2014-02-27;5422;O
2014-02-28;5422;O
2014-03-01;5422;O
2014-03-02;5422;O
2014-03-03;5422;O
2014-03-04;5422;O
2014-03-05;5422;O
2014-03-06;5421;O
2014-03-07;5421;O
2014-03-08;5419;O
2014-03-09;5418;O
2014-03-10;5417;O
2014-03-11;5416;O
2014-03-12;5414;O
2014-03-13;5413;O
2014-03-14;5412;O
2014-03-15;5407;O
2014-03-16;5409;O
2014-03-17;5410;O
2014-03-18;5411;O
2014-03-19;5412;O
2014-03-20;5412;O
2014-03-21;5412;O
2014-03-22;5413;O
2014-03-23;5413;O
2014-03-24;5414;O
2014-03-25;5413;O
2014-03-26;5416;O
2014-03-27;5414;O
2014-03-28;5415;O
2014-03-29;5415;O
2014-03-30;5415;O
2014-03-31;5415;O
2014-04-01;5416;O
2014-04-02;5415;O
2014-04-03;5413;O
2014-04-04;5413;O
2014-04-05;5412;O
2014-04-06;5412;O
2014-04-07;5412;O
2014-04-08;5414;O
2014-04-09;5412;O
2014-04-10;5414;O
2014-04-11;5415;O
2014-04-12;5416;O
2014-04-13;5416;O
2014-04-14;5418;O
2014-04-15;5418;O
2014-04-16;5420;O
2014-04-17;5419;O
2014-04-18;5420;O
2014-04-19;5420;O
2014-04-20;5420;O
2014-04-21;5421;O
2014-04-22;5422;O
2014-04-23;5419;O
2014-04-24;5418;O
2014-04-25;5419;O
2014-04-26;5417;O
2014-04-27;5418;O
2014-04-28;5418;O
2014-04-29;5418;O
2014-04-30;5418;O
2014-05-01;5418;O
2014-05-02;5418;O
2014-05-03;5417;O
2014-05-04;5416;O
2014-05-05;5416;O
2014-05-06;5416;O
2014-05-07;5416;O
2014-05-08;5416;O
2014-05-09;5417;O
2014-05-10;5419;O
2014-05-11;5421;O
2014-05-12;5420;O
2014-05-13;5420;O
2014-05-14;5422;O
2014-05-15;5422;O
2014-05-16;5422;O
2014-05-17;5423;O
2014-05-18;5421;O
2014-05-19;5421;O
2014-05-20;5421;O
2014-05-21;5421;O
2014-05-22;5420;O
2014-05-23;5420;O
2014-05-24;5420;O
2014-05-25;5419;O
2014-05-26;5419;O
2014-05-27;5419;O
2014-05-28;5418;O
2014-05-29;5417;O
2014-05-30;5415;O
2014-05-31;5414;O
2014-06-01;5414;O
2014-06-02;5413;O
2014-06-03;5412;O
2014-06-04;5412;O
2014-06-05;5413;O
2014-06-06;5412;O
2014-06-07;5411;O
2014-06-08;5411;O
2014-06-09;5410;O
2014-06-10;5407;O
2014-06-11;5406;O
2014-06-12;5406;O
2014-06-13;5406;O
2014-06-14;5406;O
2014-06-15;5405;O
2014-06-16;5403;O
2014-06-17;5402;O
2014-06-18;5401;O
2014-06-19;5400;O
2014-06-20;5400;O
2014-06-21;5400;O
2014-06-22;5398;O
2014-06-23;5400;O
2014-06-24;5398;O
2014-06-25;5398;O
2014-06-26;5398;O
2014-06-27;5400;O
2014-06-28;5400;O
2014-06-29;5400;O
2014-06-30;5400;O
2014-07-01;5400;O
2014-07-02;5396;O
2014-07-03;5396;O
2014-07-04;5395;O
2014-07-05;5395;O
2014-07-06;5395;O
2014-07-07;5395;O
2014-07-08;5393;O
2014-07-09;5392;O
2014-07-10;5391;O
2014-07-11;5390;O
2014-07-12;5390;O
2014-07-13;5390;O
2014-07-14;5392;O
2014-07-15;5392;O
2014-07-16;5391;O
2014-07-17;5390;O
2014-07-18;5390;O
2014-07-19;5390;O
2014-07-20;5390;O
2014-07-21;5389;O
2014-07-22;5388;O
2014-07-23;5387;O
2014-07-24;5386;O
2014-07-25;5386;O
2014-07-26;5385;O
2014-07-27;5385;O
2014-07-28;5384;O
2014-07-29;5384;O
2014-07-30;5384;O
2014-07-31;5384;O
2014-08-01;5383;O
2014-08-02;5382;O
2014-08-03;5385;O
2014-08-04;5385;O
2014-08-05;5386;O
2014-08-06;5385;O
2014-08-07;5385;O
2014-08-08;5384;O
2014-08-09;5383;O
2014-08-10;5383;O
2014-08-11;5384;O
2014-08-12;5382;O
2014-08-13;5381;O
2014-08-14;5381;O
2014-08-15;5380;O
2014-08-16;5380;O
2014-08-17;5379;O
2014-08-18;5379;O
2014-08-19;5378;O
2014-08-20;5381;O
2014-08-21;5380;O
2014-08-22;5379;O
2014-08-23;5380;O
2014-08-24;5378;O
2014-08-25;5378;O
2014-08-26;5377;O
2014-08-27;5375;O
2014-08-28;5373;O
2014-08-29;5373;O
2014-08-30;5376;O
2014-08-31;5376;O
2014-09-01;5373;O
2014-09-02;5372;O
2014-09-03;5372;O
2014-09-04;5372;O
2014-09-05;5372;O
2014-09-06;5372;O
2014-09-07;5370;O
2014-09-08;5371;O
2014-09-09;5371;O
2014-09-10;5372;O
2014-09-11;5372;O
2014-09-12;5371;O
2014-09-13;5370;O
2014-09-14;5370;O
2014-09-15;5370;O
2014-09-16;5368;O
2014-09-17;5367;O
2014-09-18;5368;O
2014-09-19;5367;O
2014-09-20;5367;O
2014-09-21;5366;O
2014-09-22;5365;O
2014-09-23;5364;O
2014-09-24;5365;O
2014-09-25;5364;O
2014-09-26;5365;O
2014-09-27;5363;O
2014-09-28;5362;O
2014-09-29;5362;O
2014-09-30;5361;O
2014-10-01;5361;O
2014-10-02;5361;O
2014-10-03;5361;O
2014-10-04;5360;O
2014-10-05;5360;O
2014-10-06;5360;O
2014-10-07;5360;O
2014-10-08;5359;O
2014-10-09;5358;O
2014-10-10;5356;O
2014-10-11;5355;O
2014-10-12;5356;O
2014-10-13;5356;O
2014-10-14;5359;O
2014-10-15;5360;O
2014-10-16;5360;O
2014-10-17;5362;O
2014-10-18;5367;O
2014-10-19;5369;O
2014-10-20;5376;O
2014-10-21;5382;O
2014-10-22;5386;O
2014-10-23;5390;O
2014-10-24;5392;O
2014-10-25;5394;O
2014-10-26;5394;O
2014-10-27;5394;O
2014-10-28;5396;O
2014-10-29;5395;O
2014-10-30;5395;O
2014-10-31;5394;O
2014-11-01;5393;O
2014-11-02;5392;O
2014-11-03;5392;O
2014-11-04;5394;O
2014-11-05;5392;O
2014-11-06;5392;O
2014-11-07;5392;O
2014-11-08;5392;O
2014-11-09;5392;O
2014-11-10;5392;O
2014-11-11;5392;O
2014-11-12;5394;O
2014-11-13;5394;O
2014-11-14;5392;O
2014-11-15;5393;O
2014-11-16;5392;O
2014-11-17;5391;O
2014-11-18;5389;O
2014-11-19;5387;O
2014-11-20;5386;O
2014-11-21;5386;O
2014-11-22;5386;O
2014-11-23;5386;O
2014-11-24;5386;O
2014-11-25;5385;O
2014-11-26;5383;O
2014-11-27;5385;O
2014-11-28;5384;O
2014-11-29;5386;O
2014-11-30;5385;O
2014-12-01;5384;O
2014-12-02;5383;O
2014-12-03;5379;O
2014-12-04;5376;O
2014-12-05;5378;O
2014-12-06;5377;O
2014-12-07;5377;O
2014-12-08;5377;O
2014-12-09;5378;O
2014-12-10;5380;O
2014-12-11;5381;O
2014-12-12;5386;O
2014-12-13;5390;O
2014-12-14;5392;O
2014-12-15;5393;O
2014-12-16;5394;O
2014-12-17;5394;O
2014-12-18;5396;O
2014-12-19;5399;O
2014-12-20;5403;O
2014-12-21;5407;O
2014-12-22;5412;O
2014-12-23;5419;O
2014-12-24;5425;O
2014-12-25;5431;O
2014-12-26;5433;O
2014-12-27;5435;O
2014-12-28;5433;O
2014-12-29;5432;O
2014-12-30;5430;O
2014-12-31;5430;O
2015-01-01;5428;O
2015-01-02;5428;O
2015-01-03;5426;O
2015-01-04;5430;O
2015-01-05;5429;O
2015-01-06;5429;O
2015-01-07;5429;O
2015-01-08;5428;O
2015-01-09;5427;O
2015-01-10;5430;O
2015-01-11;5431;O
2015-01-12;5437;O
2015-01-13;5440;O
2015-01-14;5441;O
2015-01-15;5445;O
2015-01-16;5447;O
2015-01-17;5450;O
2015-01-18;5451;O
2015-01-19;5451;O
2015-01-20;5450;O
2015-01-21;5450;O
2015-01-22;5449;O
2015-01-23;5447;O
2015-01-24;5446;O
2015-01-25;5444;O
2015-01-26;5442;O
2015-01-27;5441;O
2015-01-28;5440;O
2015-01-29;5441;O
2015-01-30;5441;O
2015-01-31;5440;O
2015-02-01;5439;O
2015-02-02;5439;O
2015-02-03;5439;O
2015-02-04;5435;O
2015-02-05;5433;O
2015-02-06;5432;O
2015-02-07;5430;O
2015-02-08;5426;O
2015-02-09;5426;O
2015-02-10;5426;O
2015-02-11;5423;O
2015-02-12;5425;O
2015-02-13;5425;O
2015-02-14;5423;O
2015-02-15;5423;O
2015-02-16;5424;O
2015-02-17;5422;O
2015-02-18;5420;O
2015-02-19;5421;O
2015-02-20;5420;O
2015-02-21;5421;O
2015-02-22;5420;O
2015-02-23;5422;O
2015-02-24;5421;O
2015-02-25;5421;O
2015-02-26;5421;O
2015-02-27;5422;O
2015-02-28;5420;O
2015-03-01;5421;O
2015-03-02;5421;O
2015-03-03;5420;O
2015-03-04;5420;O
2015-03-05;5422;O
2015-03-06;5422;O
2015-03-07;5425;O
2015-03-08;5423;O
2015-03-09;5422;O
2015-03-10;5422;O
2015-03-11;5421;O
2015-03-12;5420;O
2015-03-13;5418;O
2015-03-14;5416;O
2015-03-15;5416;O
2015-03-16;5415;O
2015-03-17;5416;O
2015-03-18;5412;O
2015-03-19;5412;O
2015-03-20;5411;O
2015-03-21;5411;O
2015-03-22;5410;O
2015-03-23;5409;O
2015-03-24;5409;O
2015-03-25;5409;O
2015-03-26;5410;O
2015-03-27;5408;O
2015-03-28;5407;O
2015-03-29;5408;O
2015-03-30;5409;O
2015-03-31;5414;O
2015-04-01;5417;O
2015-04-02;5419;O
2015-04-03;5423;O
2015-04-04;5423;O
2015-04-05;5422;O
2015-04-06;5421;O
2015-04-07;5421;O
2015-04-08;5420;O
2015-04-09;5420;O
2015-04-10;5420;O
2015-04-11;5421;O
2015-04-12;5419;O
2015-04-13;5420;O
2015-04-14;5420;O
2015-04-15;5422;O
2015-04-16;5420;O
2015-04-17;5422;O
2015-04-18;5421;O
2015-04-19;5421;O
2015-04-20;5420;O
2015-04-21;5419;O
2015-04-22;5420;O
2015-04-23;5420;O
2015-04-24;5418;O
2015-04-25;5419;O
2015-04-26;5420;O
2015-04-27;5420;O
2015-04-28;5418;O
2015-04-29;5419;O
2015-04-30;5419;O
2015-05-01;5418;O
2015-05-02;5418;O
2015-05-03;5418;O
2015-05-04;5420;O
2015-05-05;5419;O
2015-05-06;5419;O
2015-05-07;5420;O
2015-05-08;5418;O
2015-05-09;5419;O
2015-05-10;5419;O
2015-05-11;5420;O
2015-05-12;5419;O
2015-05-13;5419;O
2015-05-14;5419;O
2015-05-15;5419;O
2015-05-16;5418;O
2015-05-17;5418;O
2015-05-18;5419;O
2015-05-19;5420;O
2015-05-20;5421;O
2015-05-21;5419;O
2015-05-22;5418;O
2015-05-23;5418;O
2015-05-24;5419;O
2015-05-25;5419;O
2015-05-26;5419;O
2015-05-27;5417;O
2015-05-28;5417;O
2015-05-29;5416;O
2015-05-30;5416;O
2015-05-31;5414;O
2015-06-01;5414;O
2015-06-02;5416;O
2015-06-03;5416;O
2015-06-04;5415;O
2015-06-05;5415;O
2015-06-06;5413;O
2015-06-07;5415;O
2015-06-08;5415;O
2015-06-09;5412;O
2015-06-10;5412;O
2015-06-11;5410;O
2015-06-12;5408;O
2015-06-13;5409;O
2015-06-14;5408;O
2015-06-15;5406;O
2015-06-16;5406;O
2015-06-17;5406;O
2015-06-18;5406;O
2015-06-19;5406;O
2015-06-20;5406;O
2015-06-21;5406;O
2015-06-22;5406;O
2015-06-23;5407;O
2015-06-24;5407;O
2015-06-25;5406;O
2015-06-26;5406;O
2015-06-27;5404;O
2015-06-28;5404;O
2015-06-29;5404;O
2015-06-30;5403;O
2015-07-01;5402;O
2015-07-02;5402;O
2015-07-03;5402;O
2015-07-04;5400;O
2015-07-05;5398;O
2015-07-06;5400;O
2015-07-07;5398;O
2015-07-08;5398;O
2015-07-09;5397;O
2015-07-10;5395;O
2015-07-11;5396;O
2015-07-12;5396;O
2015-07-13;5394;O
2015-07-14;5393;O
2015-07-15;5393;O
2015-07-16;5392;O
2015-07-17;5392;O
2015-07-18;5392;O
2015-07-19;5391;O
2015-07-20;5392;O
2015-07-21;5390;O
2015-07-22;5390;O
2015-07-23;5389;O
2015-07-24;5389;O
2015-07-25;5389;O
2015-07-26;5387;O
2015-07-27;5387;O
2015-07-28;5387;O
2015-07-29;5389;O
2015-07-30;5389;O
2015-07-31;5386;O
2015-08-01;5386;O
2015-08-02;5386;O
2015-08-03;5386;O
2015-08-04;5386;O
2015-08-05;5385;O
2015-08-06;5386;O
2015-08-07;5386;O
2015-08-08;5384;O
2015-08-09;5386;O
2015-08-10;5384;O
2015-08-11;5383;O
2015-08-12;5383;O
2015-08-13;5382;O
2015-08-14;5381;O
2015-08-15;5380;O
2015-08-16;5378;O
2015-08-17;5380;O
2015-08-18;5378;O
2015-08-19;5376;O
2015-08-20;5374;O
2015-08-21;5375;O
2015-08-22;5374;O
2015-08-23;5373;O
2015-08-24;5371;O
2015-08-25;5370;O
2015-08-26;5370;O
2015-08-27;5369;O
2015-08-28;5368;O
2015-08-29;5368;O
2015-08-30;5368;O
2015-08-31;5366;O
2015-09-01;5364;O
2015-09-02;5364;O
2015-09-03;5363;O
2015-09-04;5362;O
2015-09-05;5362;O
2015-09-06;5363;O
2015-09-07;5362;O
2015-09-08;5362;O
2015-09-09;5361;O
2015-09-10;5361;O
2015-09-11;5360;O
2015-09-12;5359;O
2015-09-13;5359;O
2015-09-14;5358;O
2015-09-15;5357;O
2015-09-16;5358;O
2015-09-17;5359;O
2015-09-18;5357;O
2015-09-19;5356;O
2015-09-20;5356;O
2015-09-21;5356;O
2015-09-22;5356;O
2015-09-23;5356;O
2015-09-24;5356;O
2015-09-25;5352;O
2015-09-26;5346;O
2015-09-27;5355;O
2015-09-28;5354;O
2015-09-29;5351;O
2015-09-30;5352;O
2015-10-01;5352;O
2015-10-02;5351;O
2015-10-03;5351;O
2015-10-04;5350;O
2015-10-05;5350;O
2015-10-06;5350;O
2015-10-07;5352;O
2015-10-08;5350;O
2015-10-09;5350;O
2015-10-10;5350;O
2015-10-11;5347;O
2015-10-12;5345;O
2015-10-13;5344;O
2015-10-14;5343;O
2015-10-15;5343;O
2015-10-16;5343;O
2015-10-17;5345;O
2015-10-18;5342;O
2015-10-19;5341;O
2015-10-20;5341;O
2015-10-21;5341;O
2015-10-22;5342;O
2015-10-23;5342;O
2015-10-24;5339;O
2015-10-25;5339;O
2015-10-26;5342;O
2015-10-27;5341;O
2015-10-28;5341;O
2015-10-29;5341;O
2015-10-30;5341;O
2015-10-31;5340;O
2015-11-01;5340;O
2015-11-02;5338;O
2015-11-03;5338;O
2015-11-04;5338;O
2015-11-05;5338;O
2015-11-06;5339;O
2015-11-07;5341;O
2015-11-08;5336;O
2015-11-09;5341;O
2015-11-10;5341;O
2015-11-11;5342;O
2015-11-12;5345;O
2015-11-13;5346;O
2015-11-14;5348;O
2015-11-15;5349;O
2015-11-16;5350;O
2015-11-17;5350;O
2015-11-18;5350;O
2015-11-19;5350;O
2015-11-20;5356;O
2015-11-21;5358;O
2015-11-22;5362;O
2015-11-23;5365;O
2015-11-24;5367;O
2015-11-25;5370;O
2015-11-26;5373;O
2015-11-27;5377;O
2015-11-28;5382;O
2015-11-29;5387;O
2015-11-30;5390;O
2015-12-01;5396;O
2015-12-02;5403;O
2015-12-03;5408;O
2015-12-04;5413;O
2015-12-05;5414;O
2015-12-06;5416;O
2015-12-07;5419;O
2015-12-08;5422;O
2015-12-09;5422;O
2015-12-10;5422;O
2015-12-11;5422;O
2015-12-12;5423;O
2015-12-13;5424;O
2015-12-14;5426;O
2015-12-15;5426;O
2015-12-16;5425;O
2015-12-17;5425;O
2015-12-18;5426;O
2015-12-19;5424;O
2015-12-20;5425;O
2015-12-21;5425;O
2015-12-22;5423;O
2015-12-23;5426;O
2015-12-24;5429;O
2015-12-25;5431;O
2015-12-26;5432;O
2015-12-27;5436;O
2015-12-28;5439;O
2015-12-29;5443;O
2015-12-30;5444;O
2015-12-31;5443;O
2016-01-01;5442;O
2016-01-02;5441;O
2016-01-03;5440;O
2016-01-04;5439;O
2016-01-05;5440;O
2016-01-06;5438;O
2016-01-07;5431;O
2016-01-08;5430;O
2016-01-09;5428;O
2016-01-10;5427;O
2016-01-11;5426;O
2016-01-12;5423;O
2016-01-13;5422;O
2016-01-14;5421;O
2016-01-15;5419;O
2016-01-16;5420;O
2016-01-17;5421;O
2016-01-18;5420;O
2016-01-19;5420;O
2016-01-20;5420;O
2016-01-21;5419;O
2016-01-22;5419;O
2016-01-23;5416;O
2016-01-24;5414;O
2016-01-25;5413;O
2016-01-26;5412;O
2016-01-27;5413;O
2016-01-28;5414;O
2016-01-29;5416;O
2016-01-30;5421;O
2016-01-31;5425;O
2016-02-01;5428;O
2016-02-02;5428;O
2016-02-03;5427;O
2016-02-04;5430;O
2016-02-05;5430;O
2016-02-06;5430;O
2016-02-07;5430;O
2016-02-08;5430;O
2016-02-09;5430;O
2016-02-10;5432;O
2016-02-11;5435;O
2016-02-12;5436;O
2016-02-13;5437;O
2016-02-14;5436;O
2016-02-15;5435;O
2016-02-16;5435;O
2016-02-17;5434;O
2016-02-18;5433;O
2016-02-19;5432;O
2016-02-20;5432;O
2016-02-21;5431;O
2016-02-22;5432;O
2016-02-23;5433;O
2016-02-24;5434;O
2016-02-25;5434;O
2016-02-26;5433;O
2016-02-27;5432;O
2016-02-28;5431;O
2016-02-29;5430;O
2016-03-01;5428;O
2016-03-02;5428;O
2016-03-03;5427;O
2016-03-04;5428;O
2016-03-05;5426;O
2016-03-06;5425;O
2016-03-07;5425;O
2016-03-08;5426;O
2016-03-09;5426;O
2016-03-10;5425;O
2016-03-11;5425;O
2016-03-12;5425;O
2016-03-13;5424;O
2016-03-14;5423;O
2016-03-15;5423;O
2016-03-16;5423;O
2016-03-17;5422;O
2016-03-18;5421;O
2016-03-19;5421;O
2016-03-20;5420;O
2016-03-21;5419;O
2016-03-22;5416;O
2016-03-23;5416;O
2016-03-24;5416;O
2016-03-25;5416;O
2016-03-26;5417;O
2016-03-27;5419;O
2016-03-28;5416;O
2016-03-29;5415;O
2016-03-30;5413;O
2016-03-31;5413;O
2016-04-01;5413;O
2016-04-02;5413;O
2016-04-03;5413;O
2016-04-04;5414;O
2016-04-05;5414;O
2016-04-06;5412;O
2016-04-07;5412;O
2016-04-08;5414;O
2016-04-09;5413;O
2016-04-10;5412;O
2016-04-11;5414;O
2016-04-12;5414;O
2016-04-13;5414;O
2016-04-14;5414;O
2016-04-15;5416;O
2016-04-16;5416;O
2016-04-17;5416;O
2016-04-18;5416;O
2016-04-19;5415;O
2016-04-20;5415;O
2016-04-21;5415;O
2016-04-22;5414;O
2016-04-23;5415;O
2016-04-24;5415;O
2016-04-25;5414;O
2016-04-26;5417;O
2016-04-27;5418;O
2016-04-28;5419;O
2016-04-29;5421;O
2016-04-30;5424;O
2016-05-01;5422;O
2016-05-02;5420;O
2016-05-03;5420;O
2016-05-04;5420;O
2016-05-05;5421;O
2016-05-06;5421;O
2016-05-07;5420;O
2016-05-08;5419;O
2016-05-09;5420;O
2016-05-10;5419;O
2016-05-11;5419;O
2016-05-12;5419;O
2016-05-13;5418;O
2016-05-14;5416;O
2016-05-15;5416;O
2016-05-16;5416;O
2016-05-17;5414;O
2016-05-18;5414;O
2016-05-19;5414;O
2016-05-20;5414;O
2016-05-21;5414;O
2016-05-22;5415;O
2016-05-23;5413;O
2016-05-24;5412;O
2016-05-25;5411;O
2016-05-26;5411;O
2016-05-27;5411;O
2016-05-28;5410;O
2016-05-29;5409;O
2016-05-30;5410;O
2016-05-31;5408;O
2016-06-01;5407;O
2016-06-02;5406;O
2016-06-03;5405;O
2016-06-04;5404;O
2016-06-05;5404;O
2016-06-06;5403;O
2016-06-07;5402;O
2016-06-08;5400;O
2016-06-09;5400;O
2016-06-10;5398;O
2016-06-11;5397;O
2016-06-12;5396;O
2016-06-13;5396;O
2016-06-14;5396;O
2016-06-15;5395;O
2016-06-16;5394;O
2016-06-17;5395;O
2016-06-18;5393;O
2016-06-19;5392;O
2016-06-20;5392;O
2016-06-21;5392;O
2016-06-22;5390;O
2016-06-23;5391;O
2016-06-24;5393;O
2016-06-25;5395;O
2016-06-26;5396;O
2016-06-27;5393;O
2016-06-28;5393;O
2016-06-29;5393;O
2016-06-30;5392;O
2016-07-01;5392;O
2016-07-02;5394;O
2016-07-03;5393;O
2016-07-04;5391;O
2016-07-05;5392;O
2016-07-06;5392;O
2016-07-07;5394;O
2016-07-08;5394;O
2016-07-09;5393;O
2016-07-10;5394;O
2016-07-11;5395;O
2016-07-12;5398;O
2016-07-13;5399;O
2016-07-14;5399;O
2016-07-15;5398;O
2016-07-16;5398;O
2016-07-17;5398;O
2016-07-18;5396;O
2016-07-19;5394;O
2016-07-20;5391;O
2016-07-21;5393;O
2016-07-22;5391;O
2016-07-23;5389;O
2016-07-24;5389;O
2016-07-25;5390;O
2016-07-26;5390;O
2016-07-27;5387;O
2016-07-28;5386;O
2016-07-29;5385;O
2016-07-30;5386;O
2016-07-31;5385;O
2016-08-01;5384;O
2016-08-02;5384;O
2016-08-03;5383;O
2016-08-04;5384;O
2016-08-05;5382;O
2016-08-06;5381;O
2016-08-07;5380;O
2016-08-08;5381;O
2016-08-09;5380;O
2016-08-10;5379;O
2016-08-11;5377;O
2016-08-12;5377;O
2016-08-13;5377;O
2016-08-14;5376;O
2016-08-15;5376;O
2016-08-16;5376;O
2016-08-17;5376;O
2016-08-18;5378;O
2016-08-19;5375;O
2016-08-20;5375;O
2016-08-21;5375;O
2016-08-22;5378;O
2016-08-23;5378;O
2016-08-24;5378;O
2016-08-25;5378;O
2016-08-26;5378;O
2016-08-27;5366;O
2016-08-28;5366;O
2016-08-29;5367;O
2016-08-30;5366;O
2016-08-31;5366;O
2016-09-01;5366;O
2016-09-02;5366;O
2016-09-03;5366;O
2016-09-04;5365;O
2016-09-05;5365;O
2016-09-06;5365;O
2016-09-07;5365;O
2016-09-08;5362;O
2016-09-09;5365;O
2016-09-10;5365;O
2016-09-11;5365;O
2016-09-12;5361;O
2016-09-13;5359;O
2016-09-14;5358;O
2016-09-15;5357;O
2016-09-16;5357;O
2016-09-17;5356;O
2016-09-18;5356;O
2016-09-19;5352;O
2016-09-20;5352;O
2016-09-21;5352;O
2016-09-22;5353;O
2016-09-23;5350;O
2016-09-24;5350;O
2016-09-25;5350;O
2016-09-26;5351;O
2016-09-27;5348;O
2016-09-28;5349;O
2016-09-29;5346;O
2016-09-30;5346;O
2016-10-01;5350;O
2016-10-02;5350;O
2016-10-03;5346;O
2016-10-04;5346;O
2016-10-05;5346;O
2016-10-06;5344;O
2016-10-07;5344;O
2016-10-08;5343;O
2016-10-09;5341;O
2016-10-10;5341;O
2016-10-11;5341;O
2016-10-12;5340;O
2016-10-13;5338;O
2016-10-14;5339;O
2016-10-15;5340;O
2016-10-16;5339;O
2016-10-17;5343;O
2016-10-18;5337;O
2016-10-19;5336;O
2016-10-20;5338;O
2016-10-21;5337;O
2016-10-22;5338;O
2016-10-23;5336;O
2016-10-24;5337;O
2016-10-25;5337;O
2016-10-26;5336;O
2016-10-27;5338;O
2016-10-28;5338;O
2016-10-29;5336;O
2016-10-30;5338;O
2016-10-31;5339;O
2016-11-01;5340;O
2016-11-02;5338;O
2016-11-03;5338;O
2016-11-04;5340;O
2016-11-05;5340;O
2016-11-06;5341;O
2016-11-07;5344;O
2016-11-08;5342;O
2016-11-09;5344;O
2016-11-10;5345;O
2016-11-11;5346;O
2016-11-12;5346;O
2016-11-13;5345;O
2016-11-14;5344;O
2016-11-15;5345;O
2016-11-16;5350;O
2016-11-17;5348;O
2016-11-18;5350;O
2016-11-19;5350;O
2016-11-20;5352;O
2016-11-21;5354;O
2016-11-22;5356;O
2016-11-23;5357;O
2016-11-24;5357;O
2016-11-25;5357;O
2016-11-26;5356;O
2016-11-27;5356;O
2016-11-28;5354;O
2016-11-29;5354;O
2016-11-30;5352;O
2016-12-01;5352;O
2016-12-02;5352;O
2016-12-03;5352;O
2016-12-04;5352;O
2016-12-05;5352;O
2016-12-06;5340;O
2016-12-07;5340;O
2016-12-08;5350;O
2016-12-09;5350;O
2016-12-10;5350;O
2016-12-11;5351;O
2016-12-12;5352;O
2016-12-13;5352;O
2016-12-14;5352;O
2016-12-15;5352;O
2016-12-16;5352;O
2016-12-17;5351;O
2016-12-18;5351;O
2016-12-19;5350;O
2016-12-20;5350;O
2016-12-21;5350;O
2016-12-22;5350;O
2016-12-23;5350;O
2016-12-24;5350;O
2016-12-25;5350;O
2016-12-26;5350;O
2016-12-27;5347;O
2016-12-28;5350;O
2016-12-29;5350;O
2016-12-30;5355;O
2016-12-31;5354;O
2017-01-01;5354;O
2017-01-02;5355;O
2017-01-03;5354;O
2017-01-04;5350;O
2017-01-05;5353;O
2017-01-06;5353;O
2017-01-07;5353;O
2017-01-08;5352;O
2017-01-09;5352;O
2017-01-10;5351;O
2017-01-11;5351;O
2017-01-12;5351;O
2017-01-13;5351;O
2017-01-14;5351;O
2017-01-15;5350;O
2017-01-16;5351;O
2017-01-17;5350;O
2017-01-18;5351;O
2017-01-19;5352;O
2017-01-20;5352;O
2017-01-21;5352;O
2017-01-22;5352;O
2017-01-23;5351;O
2017-01-24;5354;O
2017-01-25;5355;O
2017-01-26;5355;O
2017-01-27;5355;O
2017-01-28;5356;O
2017-01-29;5356;O
2017-01-30;5356;O
2017-01-31;5356;O
2017-02-01;5357;O
2017-02-02;5357;O
2017-02-03;5358;O
2017-02-04;5358;O
2017-02-05;5358;O
2017-02-06;5359;O
2017-02-07;5359;O
2017-02-08;5358;O
2017-02-09;5360;O
2017-02-10;5360;O
2017-02-11;5360;O
2017-02-12;5360;O
2017-02-13;5361;O
2017-02-14;5360;O
2017-02-15;5362;O
2017-02-16;5360;O
2017-02-17;5360;O
2017-02-18;5361;O
2017-02-19;5363;O
2017-02-20;5364;O
2017-02-21;5367;O
2017-02-22;5372;O
2017-02-23;5374;O
2017-02-24;5380;O
2017-02-25;5383;O
2017-02-26;5386;O
2017-02-27;5390;O
2017-02-28;5396;O
2017-03-01;5400;O
2017-03-02;5402;O
2017-03-03;5405;O
2017-03-04;5406;O
2017-03-05;5410;O
2017-03-06;5410;O
2017-03-07;5410;O
2017-03-08;5411;O
2017-03-09;5413;O
2017-03-10;5412;O
2017-03-11;5413;O
2017-03-12;5412;O
2017-03-13;5411;O
2017-03-14;5411;O
2017-03-15;5412;O
2017-03-16;5412;O
2017-03-17;5410;O
2017-03-18;5414;O
2017-03-19;5414;O
2017-03-20;5414;O
2017-03-21;5413;O
2017-03-22;5415;O
2017-03-23;5416;O
2017-03-24;5417;O
2017-03-25;5416;O
2017-03-26;5418;O
2017-03-27;5418;O
2017-03-28;5418;O
2017-03-29;5418;O
2017-03-30;5416;O
2017-03-31;5416;O
2017-04-01;5417;O
2017-04-02;5415;O
2017-04-03;5415;O
2017-04-04;5416;O
2017-04-05;5416;O
2017-04-06;5415;O
2017-04-07;5415;O
2017-04-08;5414;O
2017-04-09;5414;O
2017-04-10;5416;O
2017-04-11;5416;O
2017-04-12;5415;O
2017-04-13;5415;O
2017-04-14;5414;O
2017-04-15;5416;O
2017-04-16;5418;O
2017-04-17;5420;O
2017-04-18;5420;O
2017-04-19;5420;O
2017-04-20;5420;O
2017-04-21;5418;O
2017-04-22;5417;O
2017-04-23;5417;O
2017-04-24;5419;O
2017-04-25;5420;O
2017-04-26;5420;O
2017-04-27;5420;O
2017-04-28;5420;O
2017-04-29;5419;O
2017-04-30;5418;O
2017-05-01;5419;O
2017-05-02;5419;O
2017-05-03;5418;O
2017-05-04;5418;O
2017-05-05;5417;O
2017-05-06;5417;O
2017-05-07;5417;O
2017-05-08;5417;O
2017-05-09;5417;O
2017-05-10;5418;O
2017-05-11;5418;O
2017-05-12;5418;O
2017-05-13;5418;O
2017-05-14;5417;O
2017-05-15;5416;O
2017-05-16;5417;O
2017-05-17;5417;O
2017-05-18;5417;O
2017-05-19;5416;O
2017-05-20;5415;O
2017-05-21;5413;O
2017-05-22;5413;O
2017-05-23;5414;O
2017-05-24;5412;O
2017-05-25;5411;O
2017-05-26;5413;O
2017-05-27;5412;O
2017-05-28;5411;O
2017-05-29;5411;O
2017-05-30;5411;O
2017-05-31;5409;O
2017-06-01;5408;O
2017-06-02;5409;O
2017-06-03;5408;O
2017-06-04;5406;O
2017-06-05;5406;O
2017-06-06;5407;O
2017-06-07;5407;O
2017-06-08;5408;O
2017-06-09;5410;O
2017-06-10;5409;O
2017-06-11;5410;O
2017-06-12;5410;O
2017-06-13;5409;O
2017-06-14;5407;O
2017-06-15;5406;O
2017-06-16;5406;O
2017-06-17;5406;O
2017-06-18;5406;O
2017-06-19;5406;O
2017-06-20;5405;O
2017-06-21;5405;O
2017-06-22;5404;O
2017-06-23;5402;O
2017-06-24;5401;O
2017-06-25;5400;O
2017-06-26;5399;O
2017-06-27;5398;O
2017-06-28;5399;O
2017-06-29;5398;O
2017-06-30;5397;O
2017-07-01;5398;O
2017-07-02;5396;O
2017-07-03;5396;O
2017-07-04;5396;O
2017-07-05;5396;O
2017-07-06;5396;O
2017-07-07;5396;O
2017-07-08;5396;O
2017-07-09;5395;O
2017-07-10;5394;O
2017-07-11;5393;O
2017-07-12;5391;O
2017-07-13;5390;O
2017-07-14;5389;O
2017-07-15;5390;O
2017-07-16;5390;O
2017-07-17;5390;O
2017-07-18;5389;O
2017-07-19;5388;O
2017-07-20;5387;O
2017-07-21;5387;O
2017-07-22;5388;O
2017-07-23;5388;O
2017-07-24;5391;O
2017-07-25;5390;O
2017-07-26;5390;O
2017-07-27;5389;O
2017-07-28;5388;O
2017-07-29;5388;O
2017-07-30;5389;O
2017-07-31;5388;O
2017-08-01;5387;O
2017-08-02;5387;O
2017-08-03;5386;O
2017-08-04;5389;O
2017-08-05;5388;O
2017-08-06;5388;O
2017-08-07;5388;O
2017-08-08;5389;O
2017-08-09;5390;O
2017-08-10;5389;O
2017-08-11;5388;O
2017-08-12;5387;O
2017-08-13;5385;O
2017-08-14;5383;O
2017-08-15;5382;O
2017-08-16;5381;O
2017-08-17;5380;O
2017-08-18;5380;O
2017-08-19;5380;O
2017-08-20;5379;O
2017-08-21;5380;O
2017-08-22;5380;O
2017-08-23;5380;O
2017-08-24;5378;O
2017-08-25;5376;O
2017-08-26;5376;O
2017-08-27;5376;O
2017-08-28;5377;O
2017-08-29;5376;O
2017-08-30;5378;O
2017-08-31;5376;O
2017-09-01;5374;O
2017-09-02;5372;O
2017-09-03;5373;O
2017-09-04;5372;O
2017-09-05;5372;O
2017-09-06;5371;O
2017-09-07;5375;O
2017-09-08;5374;O
2017-09-09;5375;O
2017-09-10;5376;O
2017-09-11;5377;O
2017-09-12;5376;O
2017-09-13;5377;O
2017-09-14;5382;O
2017-09-15;5385;O
2017-09-16;5389;O
2017-09-17;5392;O
2017-09-18;5392;O
2017-09-19;5394;O
2017-09-20;5396;O
2017-09-21;5396;O
2017-09-22;5394;O
2017-09-23;5395;O
2017-09-24;5395;O
2017-09-25;5395;O
2017-09-26;5395;O
2017-09-27;5394;O
2017-09-28;5396;O
2017-09-29;5394;O
2017-09-30;5394;O
2017-10-01;5392;O
2017-10-02;5393;O
2017-10-03;5391;O
2017-10-04;5389;O
2017-10-05;5390;O
2017-10-06;5390;O
2017-10-07;5392;O
2017-10-08;5394;O
2017-10-09;5395;O
2017-10-10;5396;O
2017-10-11;5396;O
2017-10-12;5399;O
2017-10-13;5398;O
2017-10-14;5398;O
2017-10-15;5399;O
2017-10-16;5400;O
2017-10-17;5401;O
2017-10-18;5401;O
2017-10-19;5402;O
2017-10-20;5402;O
2017-10-21;5403;O
2017-10-22;5404;O
2017-10-23;5406;O
2017-10-24;5407;O
2017-10-25;5410;O
2017-10-26;5411;O
2017-10-27;5412;O
2017-10-28;5410;O
2017-10-29;5413;O
2017-10-30;5415;O
2017-10-31;5416;O
2017-11-01;5416;O
2017-11-02;5416;O
2017-11-03;5416;O
2017-11-04;5417;O
2017-11-05;5417;O
2017-11-06;5416;O
2017-11-07;5415;O
2017-11-08;5414;O
2017-11-09;5413;O
2017-11-10;5412;O
2017-11-11;5415;O
2017-11-12;5416;O
2017-11-13;5416;O
2017-11-14;5419;O
2017-11-15;5419;O
2017-11-16;5420;O
2017-11-17;5421;O
2017-11-18;5421;O
2017-11-19;5421;O
2017-11-20;5422;O
2017-11-21;5422;O
2017-11-22;5424;O
2017-11-23;5425;O
2017-11-24;5425;O
2017-11-25;5425;O
2017-11-26;5425;O
2017-11-27;5424;O
2017-11-28;5426;O
2017-11-29;5430;O
2017-11-30;5432;O
2017-12-01;5432;O
2017-12-02;5432;O
2017-12-03;5431;O
2017-12-04;5431;O
2017-12-05;5431;O
2017-12-06;5428;O
2017-12-07;5433;O
2017-12-08;5436;O
2017-12-09;5438;O
2017-12-10;5439;O
2017-12-11;5439;O
2017-12-12;5441;O
2017-12-13;5439;O
2017-12-14;5440;O
2017-12-15;5442;O
2017-12-16;5444;O
2017-12-17;5444;O
2017-12-18;5444;O
2017-12-19;5442;O
2017-12-20;5441;O
2017-12-21;5440;O
2017-12-22;5439;O
2017-12-23;5437;O
2017-12-24;5435;O
2017-12-25;5438;O
2017-12-26;5439;O
2017-12-27;5440;O
2017-12-28;5439;O
2017-12-29;5438;O
2017-12-30;5438;O
2017-12-31;5436;O
2018-01-01;5436;O
2018-01-02;5437;O
2018-01-03;5437;O
2018-01-04;5440;O
2018-01-05;5439;O
2018-01-06;5441;O
2018-01-07;5441;O
2018-01-08;5440;O
2018-01-09;5439;O
2018-01-10;5438;O
2018-01-11;5437;O
2018-01-12;5436;O
2018-01-13;5436;O
2018-01-14;5434;O
2018-01-15;5434;O
2018-01-16;5431;O
2018-01-17;5431;O
2018-01-18;5428;O
2018-01-19;5428;O
2018-01-20;5426;O
2018-01-21;5426;O
2018-01-22;5424;O
2018-01-23;5423;O
2018-01-24;5422;O
2018-01-25;5420;O
2018-01-26;5423;O
2018-01-27;5426;O
2018-01-28;5426;O
2018-01-29;5427;O
2018-01-30;5428;O
2018-01-31;5428;O
2018-02-01;5432;O
2018-02-02;5433;O
2018-02-03;5435;O
2018-02-04;5435;O
2018-02-05;5433;O
2018-02-06;5433;O
2018-02-07;5432;O
2018-02-08;5431;O
2018-02-09;5429;O
2018-02-10;5428;O
2018-02-11;5426;O
2018-02-12;5424;O
2018-02-13;5423;O
2018-02-14;5421;O
2018-02-15;5420;O
2018-02-16;5420;O
2018-02-17;5421;O
2018-02-18;5422;O
2018-02-19;5422;O
2018-02-20;5422;O
2018-02-21;5422;O
2018-02-22;5422;O
2018-02-23;5422;O
2018-02-24;5422;O
2018-02-25;5421;O
2018-02-26;5422;O
2018-02-27;5419;O
2018-02-28;5418;O
2018-03-01;5419;O
2018-03-02;5416;O
2018-03-03;5416;O
2018-03-04;5414;O
2018-03-05;5412;O
2018-03-06;5411;O
2018-03-07;5412;O
2018-03-08;5410;O
2018-03-09;5409;O
2018-03-10;5408;O
2018-03-11;5408;O
2018-03-12;5408;O
2018-03-13;5410;O
2018-03-14;5412;O
2018-03-15;5416;O
2018-03-16;5418;O
2018-03-17;5420;O
2018-03-18;5420;O
2018-03-19;5420;O
2018-03-20;5420;O
2018-03-21;5419;O
2018-03-22;5418;O
2018-03-23;5419;O
2018-03-24;5419;O
2018-03-25;5419;O
2018-03-26;5420;O
2018-03-27;5420;O
2018-03-28;5421;O
2018-03-29;5420;O
2018-03-30;5423;O
2018-03-31;5420;O
2018-04-01;5421;O
2018-04-02;5420;O
2018-04-03;5420;O
2018-04-04;5420;O
2018-04-05;5420;O
2018-04-06;5422;O
2018-04-07;5422;O
2018-04-08;5424;O
2018-04-09;5424;O
2018-04-10;5425;O
2018-04-11;5424;O
2018-04-12;5425;O
2018-04-13;5422;O
2018-04-14;5423;O
2018-04-15;5421;O
2018-04-16;5420;O
2018-04-17;5420;O
2018-04-18;5420;O
2018-04-19;5420;O
2018-04-20;5420;O
2018-04-21;5419;O
2018-04-22;5419;O
2018-04-23;5419;O
2018-04-24;5420;O
2018-04-25;5418;O
2018-04-26;5418;O
2018-04-27;5419;O
2018-04-28;5420;O
2018-04-29;5420;O
2018-04-30;5420;O
2018-05-01;5419;O
2018-05-02;5420;O
2018-05-03;5418;O
2018-05-04;5419;O
2018-05-05;5418;O
2018-05-06;5418;O
2018-05-07;5418;O
2018-05-08;5418;O
2018-05-09;5418;O
2018-05-10;5418;O
2018-05-11;5418;O
2018-05-12;5416;O
2018-05-13;5417;O
2018-05-14;5416;O
2018-05-15;5416;O
2018-05-16;5416;O
2018-05-17;5416;O
2018-05-18;5415;O
2018-05-19;5416;O
2018-05-20;5415;O
2018-05-21;5412;O
2018-05-22;5412;O
2018-05-23;5412;O
2018-05-24;5412;O
2018-05-25;5412;O
2018-05-26;5411;O
2018-05-27;5411;O
2018-05-28;5410;O
2018-05-29;5408;O
2018-05-30;5406;O
2018-05-31;5405;O
2018-06-01;5404;O
2018-06-02;5403;O
2018-06-03;5402;O
2018-06-04;5401;O
2018-06-05;5400;O
2018-06-06;5399;O
2018-06-07;5398;O
2018-06-08;5396;O
2018-06-09;5395;O
2018-06-10;5394;O
2018-06-11;5393;O
2018-06-12;5391;O
2018-06-13;5389;O
2018-06-14;5388;O
2018-06-15;5390;O
2018-06-16;5389;O
2018-06-17;5388;O
2018-06-18;5388;O
2018-06-19;5387;O
2018-06-20;5386;O
2018-06-21;5384;O
2018-06-22;5382;O
2018-06-23;5382;O
2018-06-24;5382;O
2018-06-25;5381;O
2018-06-26;5380;O
2018-06-27;5379;O
2018-06-28;5378;O
2018-06-29;5377;O
2018-06-30;5376;O
2018-07-01;5375;O
2018-07-02;5372;O
2018-07-03;5372;O
2018-07-04;5370;O
2018-07-05;5370;O
2018-07-06;5368;O
2018-07-07;5366;O
2018-07-08;5366;O
2018-07-09;5365;O
2018-07-10;5364;O
2018-07-11;5363;O
2018-07-12;5361;O
2018-07-13;5360;O
2018-07-14;5360;O
2018-07-15;5358;O
2018-07-16;5357;O
2018-07-17;5356;O
2018-07-18;5356;O
2018-07-19;5354;O
2018-07-20;5354;O
2018-07-21;5354;O
2018-07-22;5353;O
2018-07-23;5352;O
2018-07-24;5352;O
2018-07-25;5351;O
2018-07-26;5352;O
2018-07-27;5351;O
2018-07-28;5350;O
2018-07-29;5350;O
2018-07-30;5346;O
2018-07-31;5346;O
2018-08-01;5344;O
2018-08-02;5346;O
2018-08-03;5344;O
2018-08-04;5343;O
2018-08-05;5342;O
2018-08-06;5341;O
2018-08-07;5348;O
2018-08-08;5339;O
2018-08-09;5338;O
2018-08-10;5338;O
2018-08-11;5338;O
2018-08-12;5336;O
2018-08-13;5334;O
2018-08-14;5335;O
2018-08-15;5336;O
2018-08-16;5336;O
2018-08-17;5336;O
2018-08-18;5335;O
2018-08-19;5334;O
2018-08-20;5333;O
2018-08-21;5333;O
2018-08-22;5332;O
2018-08-23;5331;O
2018-08-24;5330;O
2018-08-25;5330;O
2018-08-26;5330;O
2018-08-27;5329;O
2018-08-28;5330;O
2018-08-29;5330;O
2018-08-30;5328;O
2018-08-31;5329;O
2018-09-01;5329;O
2018-09-02;5328;O
2018-09-03;5329;O
2018-09-04;5328;O
2018-09-05;5328;O
2018-09-06;5328;O
2018-09-07;5328;O
2018-09-08;5328;O
2018-09-09;5327;O
2018-09-10;5326;O
2018-09-11;5326;O
2018-09-12;5325;O
2018-09-13;5325;O
2018-09-14;5324;O
2018-09-15;5324;O
2018-09-16;5324;O
2018-09-17;5323;O
2018-09-18;5325;O
2018-09-19;5322;O
2018-09-20;5322;O
2018-09-21;5322;O
2018-09-22;5322;O
2018-09-23;5319;O
2018-09-24;5320;O
2018-09-25;5320;O
2018-09-26;5320;O
2018-09-27;5319;O
2018-09-28;5317;O
2018-09-29;5317;O
2018-09-30;5316;O
2018-10-01;5316;O
2018-10-02;5316;O
2018-10-03;5316;O
2018-10-04;5316;O
2018-10-05;5316;O
2018-10-06;5316;O
2018-10-07;5316;O
2018-10-08;5315;O
2018-10-09;5318;O
2018-10-10;5317;O
2018-10-11;5317;O
2018-10-12;5316;O
2018-10-13;5316;O
2018-10-14;5316;O
2018-10-15;5316;O
2018-10-16;5316;O
2018-10-17;5315;O
2018-10-18;5314;O
2018-10-19;5315;O
2018-10-20;5314;O
2018-10-21;5313;O
2018-10-22;5312;O
2018-10-23;5312;O
2018-10-24;5311;O
2018-10-25;5312;O
2018-10-26;5310;O
2018-10-27;5313;O
2018-10-28;5314;O
2018-10-29;5314;O
2018-10-30;5314;O
2018-10-31;5316;O
2018-11-01;5315;O
2018-11-02;5315;O
2018-11-03;5316;O
2018-11-04;5315;O
2018-11-05;5314;O
2018-11-06;5315;O
2018-11-07;5315;O
2018-11-08;5314;O
2018-11-09;5315;O
2018-11-10;5314;O
2018-11-11;5316;O
2018-11-12;5316;O
2018-11-13;5316;O
2018-11-14;5316;O
2018-11-15;5316;O
2018-11-16;5316;O
2018-11-17;5317;O
2018-11-18;5316;O
2018-11-19;5316;O
2018-11-20;5316;O
2018-11-21;5316;O
2018-11-22;5318;O
2018-11-23;5316;O
2018-11-24;5317;O
2018-11-25;5317;O
2018-11-26;5317;O
2018-11-27;5316;O
2018-11-28;5316;O
2018-11-29;5317;O
2018-11-30;5319;O
2018-12-01;5319;O
2018-12-02;5318;O
2018-12-03;5319;O
2018-12-04;5318;O
2018-12-05;5318;O
2018-12-06;5318;O
2018-12-07;5319;O
2018-12-08;5320;O
2018-12-09;5320;O
2018-12-10;5323;O
2018-12-11;5323;O
2018-12-12;5325;O
2018-12-13;5326;O
2018-12-14;5326;O
2018-12-15;5327;O
2018-12-16;5328;O
2018-12-17;5329;O
2018-12-18;5329;O
2018-12-19;5329;O
2018-12-20;5331;O
2018-12-21;5330;O
2018-12-22;5331;O
2018-12-23;5331;O
2018-12-24;5332;O
2018-12-25;5332;O
2018-12-26;5332;O
2018-12-27;5333;O
2018-12-28;5334;O
2018-12-29;5335;O
2018-12-30;5336;O
2018-12-31;5337;O
2019-01-01;5338;O
2019-01-02;5337;O
2019-01-03;5336;O
2019-01-04;5340;O
2019-01-05;5342;O
2019-01-06;5342;O
2019-01-07;5342;O
2019-01-08;5344;O
2019-01-09;5344;O
2019-01-10;5344;O
2019-01-11;5345;O
2019-01-12;5346;O
2019-01-13;5346;O
2019-01-14;5348;O
2019-01-15;5348;O
2019-01-16;5350;O
2019-01-17;5351;O
2019-01-18;5354;O
2019-01-19;5356;O
2019-01-20;5358;O
2019-01-21;5359;O
2019-01-22;5360;O
2019-01-23;5362;O
2019-01-24;5362;O
2019-01-25;5361;O
2019-01-26;5360;O
2019-01-27;5360;O
2019-01-28;5360;O
2019-01-29;5362;O
2019-01-30;5362;O
2019-01-31;5364;O
2019-02-01;5364;O
2019-02-02;5365;O
2019-02-03;5365;O
2019-02-04;5366;O
2019-02-05;5366;O
2019-02-06;5366;O
2019-02-07;5368;O
2019-02-08;5370;O
2019-02-09;5372;O
2019-02-10;5376;O
2019-02-11;5380;O
2019-02-12;5383;O
2019-02-13;5386;O
2019-02-14;5386;O
2019-02-15;5390;O
2019-02-16;5390;O
2019-02-17;5392;O
2019-02-18;5392;O
2019-02-19;5395;O
2019-02-20;5394;O
2019-02-21;5394;O
2019-02-22;5397;O
2019-02-23;5399;O
2019-02-24;5401;O
2019-02-25;5401;O
2019-02-26;5401;O
2019-02-27;5402;O
2019-02-28;5403;O
2019-03-01;5403;O
2019-03-02;5403;O
2019-03-03;5402;O
2019-03-04;5404;O
2019-03-05;5404;O
2019-03-06;5405;O
2019-03-07;5410;O
2019-03-08;5413;O
2019-03-09;5417;O
2019-03-10;5420;O
2019-03-11;5421;O
2019-03-12;5423;O
2019-03-13;5425;O
2019-03-14;5426;O
2019-03-15;5426;O
2019-03-16;5428;O
2019-03-17;5432;O
2019-03-18;5436;O
2019-03-19;5438;O
2019-03-20;5439;O
2019-03-21;5439;O
2019-03-22;5438;O
2019-03-23;5438;O
2019-03-24;5435;O
2019-03-25;5435;O
2019-03-26;5333;O
2019-03-27;5431;O
2019-03-28;5429;O
2019-03-29;5428;O
2019-03-30;5427;O
2019-03-31;5425;O
2019-04-01;5422;O
2019-04-02;5419;O
2019-04-03;5420;O
2019-04-04;5420;O
2019-04-05;5421;O
2019-04-06;5420;O
2019-04-07;5419;O
2019-04-08;5419;O
2019-04-09;5418;O
2019-04-10;5418;O
2019-04-11;5418;O
2019-04-12;5417;O
2019-04-13;5416;O
2019-04-14;5416;O
2019-04-15;5416;O
2019-04-16;5416;O
2019-04-17;5416;O
2019-04-18;5416;O
2019-04-19;5416;O
2019-04-20;5416;O
2019-04-21;5416;O
2019-04-22;5416;O
2019-04-23;5416;O
2019-04-24;5416;O
2019-04-25;5416;O
2019-04-26;5416;O
2019-04-27;5415;O
2019-04-28;5414;O
2019-04-29;5414;O
2019-04-30;5416;O
2019-05-01;5416;O
2019-05-02;5416;O
2019-05-03;5413;O
2019-05-04;5415;O
2019-05-05;5415;O
2019-05-06;5416;O
2019-05-07;5416;O
2019-05-08;5416;O
2019-05-09;5413;O
2019-05-10;5416;O
2019-05-11;5415;O
2019-05-12;5415;O
2019-05-13;5414;O
2019-05-14;5414;O
2019-05-15;5414;O
2019-05-16;5414;O
2019-05-17;5413;O
2019-05-18;5413;O
2019-05-19;5413;O
2019-05-20;5413;O
2019-05-21;5413;O
2019-05-22;5412;O
2019-05-23;5414;O
2019-05-24;5412;O
2019-05-25;5412;O
2019-05-26;5412;O
2019-05-27;5410;O
2019-05-28;5412;O
2019-05-29;5411;O
2019-05-30;5408;O
2019-05-31;5410;O
2019-06-01;5408;O
2019-06-02;5410;O
2019-06-03;5408;O
2019-06-04;5408;O
2019-06-05;5408;O
2019-06-06;5408;O
2019-06-07;5408;O
2019-06-08;5406;O
2019-06-09;5406;O
2019-06-10;5406;O
2019-06-11;5402;O
2019-06-12;5402;O
2019-06-13;5405;O
2019-06-14;5404;O
2019-06-15;5404;O
2019-06-16;5402;O
2019-06-17;5402;O
2019-06-18;5402;O
2019-06-19;5402;O
2019-06-20;5400;O
2019-06-21;5401;O
2019-06-22;5400;O
2019-06-23;5400;O
2019-06-24;5399;O
2019-06-25;5398;O
2019-06-26;5400;O
2019-06-27;5397;O
2019-06-28;5394;O
2019-06-29;5395;O
2019-06-30;5392;O
2019-07-01;5395;O
2019-07-02;5390;O
2019-07-03;5387;O
2019-07-04;5387;O
2019-07-05;5386;O
2019-07-06;5386;O
2019-07-07;5386;O
2019-07-08;5386;O
2019-07-09;5385;O
2019-07-10;5384;O
2019-07-11;5385;O
2019-07-12;5384;O
2019-07-13;5384;O
2019-07-14;5383;O
2019-07-15;5383;O
2019-07-16;5385;O
2019-07-17;5385;O
2019-07-18;5382;O
2019-07-19;5382;O
2019-07-20;5381;O
2019-07-21;5380;O
2019-07-22;5379;O
2019-07-23;5379;O
2019-07-24;5378;O
2019-07-25;5377;O
2019-07-26;5377;O
2019-07-27;5376;O
2019-07-28;5376;O
2019-07-29;5376;O
2019-07-30;5374;O
2019-07-31;5373;O
2019-08-01;5372;O
2019-08-02;5372;O
2019-08-03;5370;O
2019-08-04;5370;O
2019-08-05;5368;O
2019-08-06;5368;O
2019-08-07;5367;O
2019-08-08;5366;O
2019-08-09;5364;O
2019-08-10;5365;O
2019-08-11;5366;O
2019-08-12;5364;O
2019-08-13;5363;O
2019-08-14;5362;O
2019-08-15;5361;O
2019-08-16;5361;O
2019-08-17;5360;O
2019-08-18;5360;O
2019-08-19;5360;O
2019-08-20;5360;O
2019-08-21;5359;O
2019-08-22;5358;O
2019-08-23;5357;O
2019-08-24;5356;O
2019-08-25;5355;O
2019-08-26;5355;O
2019-08-27;5355;O
2019-08-28;5355;O
2019-08-29;5354;O
2019-08-30;5353;O
2019-08-31;5352;O
2019-09-01;5351;O
2019-09-02;5350;O
2019-09-03;5349;O
2019-09-04;5348;O
2019-09-05;5346;O
2019-09-06;5346;O
2019-09-07;5346;O
2019-09-08;5345;O
2019-09-09;5345;O
2019-09-10;5344;O
2019-09-11;5344;O
2019-09-12;5346;O
2019-09-13;5346;O
2019-09-14;5346;O
2019-09-15;5346;O
2019-09-16;5346;O
2019-09-17;5343;O
2019-09-18;5344;O
2019-09-19;5343;O
2019-09-20;5344;O
2019-09-21;5344;O
2019-09-22;5343;O
2019-09-23;5342;O
2019-09-24;5344;O
2019-09-25;5342;O
2019-09-26;5341;O
2019-09-27;5340;O
2019-09-28;5340;O
2019-09-29;5340;O
2019-09-30;5340;O
2019-10-01;5340;O
2019-10-02;5339;O
2019-10-03;5339;O
2019-10-04;5339;O
2019-10-05;5339;O
2019-10-06;5338;O
2019-10-07;5337;O
2019-10-08;5336;O
2019-10-09;5337;O
2019-10-10;5336;O
2019-10-11;5336;O
2019-10-12;5338;O
2019-10-13;5341;O
2019-10-14;5342;O
2019-10-15;5344;O
2019-10-16;5348;O
2019-10-17;5346;O
2019-10-18;5346;O
2019-10-19;5348;O
2019-10-20;5350;O
2019-10-21;5350;O
2019-10-22;5351;O
2019-10-23;5352;O
2019-10-24;5351;O
2019-10-25;5352;O
2019-10-26;5352;O
2019-10-27;5353;O
2019-10-28;5352;O
2019-10-29;5352;O
2019-10-30;5352;O
2019-10-31;5353;O
2019-11-01;5353;O
2019-11-02;5354;O
2019-11-03;5354;O
2019-11-04;5356;O
2019-11-05;5355;O
2019-11-06;5355;O
2019-11-07;5355;O
2019-11-08;5355;O
2019-11-09;5356;O
2019-11-10;5354;O
2019-11-11;5354;O
2019-11-12;5356;O
2019-11-13;5356;O
2019-11-14;5356;O
2019-11-15;5356;O
2019-11-16;5356;O
2019-11-17;5356;O
2019-11-18;5358;O
2019-11-19;5359;O
2019-11-20;5359;O
2019-11-21;5359;O
2019-11-22;5360;O
2019-11-23;5360;O
2019-11-24;5362;O
2019-11-25;5362;O
2019-11-26;5363;O
2019-11-27;5362;O
2019-11-28;5361;O
2019-11-29;5361;O
2019-11-30;5362;O
2019-12-01;5363;O
2019-12-02;5363;O
2019-12-03;5362;O
2019-12-04;5362;O
2019-12-05;5363;O
2019-12-06;5365;O
2019-12-07;5365;O
2019-12-08;5367;O
2019-12-09;5368;O
2019-12-10;5372;O
2019-12-11;5375;O
2019-12-12;5379;O
2019-12-13;5382;O
2019-12-14;5385;O
2019-12-15;5388;O
2019-12-16;5390;O
2019-12-17;5392;O
2019-12-18;5394;O
2019-12-19;5394;O
2019-12-20;5398;O
2019-12-21;5400;O
2019-12-22;5401;O
2019-12-23;5402;O
2019-12-24;5403;O
2019-12-25;5404;O
2019-12-26;5405;O
2019-12-27;5406;O
2019-12-28;5406;O
2019-12-29;5406;O
2019-12-30;5406;O
2019-12-31;5403;O
2020-01-01;5398;O
2020-01-02;5400;O
2020-01-03;5400;O
2020-01-04;5399;O
2020-01-05;5398;O
2020-01-06;5398;O
2020-01-07;5396;O
2020-01-08;5396;O
2020-01-09;5397;O
2020-01-10;5397;O
2020-01-11;5398;O
2020-01-12;5398;O
2020-01-13;5398;O
2020-01-14;5401;O
2020-01-15;5405;O
2020-01-16;5406;O
2020-01-17;5407;O
2020-01-18;5410;O
2020-01-19;5412;O
2020-01-20;5413;O
2020-01-21;5413;O
2020-01-22;5412;O
2020-01-23;5412;O
2020-01-24;5416;O
2020-01-25;5415;O
2020-01-26;5415;O
2020-01-27;5415;O
2020-01-28;5414;O
2020-01-29;5415;O
2020-01-30;5414;O
2020-01-31;5415;O
2020-02-01;5416;O
2020-02-02;5418;O
2020-02-03;5420;O
2020-02-04;5424;O
2020-02-05;5425;O
2020-02-06;5425;O
2020-02-07;5423;O
2020-02-08;5426;O
2020-02-09;5426;O
2020-02-10;5425;O
2020-02-11;5426;O
2020-02-12;5426;O
2020-02-13;5426;O
2020-02-14;5426;O
2020-02-15;5426;O
2020-02-16;5426;O
2020-02-17;5428;O
2020-02-18;5429;O
2020-02-19;5431;O
2020-02-20;5434;O
2020-02-21;5435;O
2020-02-22;5436;O
2020-02-23;5439;O
2020-02-24;5440;O
2020-02-25;5441;O
2020-02-26;5444;O
2020-02-27;5444;O
2020-02-28;5445;O
2020-02-29;5444;O
2020-03-01;5444;O
2020-03-02;5444;O
2020-03-03;5443;O
2020-03-04;5442;O
2020-03-05;5441;O
2020-03-06;5441;O
2020-03-07;5441;O
2020-03-08;5438;O
2020-03-09;5438;O
2020-03-10;5437;O
2020-03-11;5434;O
2020-03-12;5435;O
2020-03-13;5436;O
2020-03-14;5435;O
2020-03-15;5434;O
2020-03-16;5434;O
2020-03-17;5432;O
2020-03-18;5431;O
2020-03-19;5430;O
2020-03-20;5429;O
2020-03-21;5427;O
2020-03-22;5425;O
2020-03-23;5424;O
2020-03-24;5422;O
2020-03-25;5421;O
2020-03-26;5420;O
2020-03-27;5420;O
2020-03-28;5420;O
2020-03-29;5420;O
2020-03-30;5419;O
2020-03-31;5419;O
2020-04-01;5418;O
2020-04-02;5416;O
2020-04-03;5416;O
2020-04-04;5414;O
2020-04-05;5414;O
2020-04-06;5414;O
2020-04-07;5414;O
2020-04-08;5414;O
2020-04-09;5414;O
2020-04-10;5415;O
2020-04-11;5414;O
2020-04-12;5414;O
2020-04-13;5414;O
2020-04-14;5412;O
2020-04-15;5412;O
2020-04-16;5412;O
2020-04-17;5409;O
2020-04-18;5412;O
2020-04-19;5412;O
2020-04-20;5412;O
2020-04-21;5412;O
2020-04-22;5412;O
2020-04-23;5411;O
2020-04-24;5411;O
2020-04-25;5412;O
2020-04-26;5411;O
2020-04-27;5411;O
2020-04-28;5412;O
2020-04-29;5410;O
2020-04-30;5410;O
2020-05-01;5410;O
2020-05-02;5411;O
2020-05-03;5410;O
2020-05-04;5411;O
2020-05-05;5411;O
2020-05-06;5410;O
2020-05-07;5410;O
2020-05-08;5410;O
2020-05-09;5410;O
2020-05-10;5409;O
2020-05-11;5409;O
2020-05-12;5408;O
2020-05-13;5408;O
2020-05-14;5407;O
2020-05-15;5406;O
2020-05-16;5406;O
2020-05-17;5406;O
2020-05-18;5406;O
2020-05-19;5405;O
2020-05-20;5405;O
2020-05-21;5405;O
2020-05-22;5405;O
2020-05-23;5404;O
2020-05-24;5405;O
2020-05-25;5404;O
2020-05-26;5406;O
2020-05-27;5404;O
2020-05-28;5404;O
2020-05-29;5405;O
2020-05-30;5402;O
2020-05-31;5402;O
2020-06-01;5400;O
2020-06-02;5401;O
2020-06-03;5398;O
2020-06-04;5400;O
2020-06-05;5399;O
2020-06-06;5400;O
2020-06-07;5398;O
2020-06-08;5398;O
2020-06-09;5396;O
2020-06-10;5396;O
2020-06-11;5396;O
2020-06-12;5396;O
2020-06-13;5394;O
2020-06-14;5394;O
2020-06-15;5393;O
2020-06-16;5391;O
2020-06-17;5390;O
2020-06-18;5388;O
2020-06-19;5390;O
2020-06-20;5388;O
2020-06-21;5391;O
2020-06-22;5388;O
2020-06-23;5388;O
2020-06-24;5386;O
2020-06-25;5386;O
2020-06-26;5386;O
2020-06-27;5386;O
2020-06-28;5385;O
2020-06-29;5384;O
2020-06-30;5384;O
2020-07-01;5382;O
2020-07-02;5380;O
2020-07-03;5380;O
2020-07-04;5379;O
2020-07-05;5380;O
2020-07-06;5381;O
2020-07-07;5381;O
2020-07-08;5380;O
2020-07-09;5380;O
2020-07-10;5379;O
2020-07-11;5379;O
2020-07-12;5378;O
2020-07-13;5378;O
2020-07-14;5378;O
2020-07-15;5378;O
2020-07-16;5378;O
2020-07-17;5378;O
2020-07-18;5376;O
2020-07-19;5376;O
2020-07-20;5376;O
2020-07-21;5375;O
2020-07-22;5372;O
2020-07-23;5372;O
2020-07-24;5372;O
2020-07-25;5372;O
2020-07-26;5372;O
2020-07-27;5372;O
2020-07-28;5371;O
2020-07-29;5372;O
2020-07-30;5370;O
2020-07-31;5369;O
2020-08-01;5368;O
2020-08-02;5368;O
2020-08-03;5368;O
2020-08-04;5366;O
2020-08-05;5366;O
2020-08-06;5366;O
2020-08-07;5365;O
2020-08-08;5364;O
2020-08-09;5364;O
2020-08-10;5365;O
2020-08-11;5362;O
2020-08-12;5362;O
2020-08-13;5361;O
2020-08-14;5360;O
2020-08-15;5360;O
2020-08-16;5358;O
2020-08-17;5358;O
2020-08-18;5357;O
2020-08-19;5356;O
2020-08-20;5356;O
2020-08-21;5356;O
2020-08-22;5356;O
2020-08-23;5353;O
2020-08-24;5354;O
2020-08-25;5353;O
2020-08-26;5352;O
2020-08-27;5352;O
2020-08-28;5350;O
2020-08-29;5351;O
2020-08-30;5350;O
2020-08-31;5350;O
2020-09-01;5351;O
2020-09-02;5350;O
2020-09-03;5350;O
2020-09-04;5351;O
2020-09-05;5350;O
2020-09-06;5350;O
2020-09-07;5348;O
2020-09-08;5348;O
2020-09-09;5349;O
2020-09-10;5348;O
2020-09-11;5346;O
2020-09-12;5346;O
2020-09-13;5346;O
2020-09-14;5344;O
2020-09-15;5344;O
2020-09-16;5343;O
2020-09-17;5343;O
2020-09-18;5342;O
2020-09-19;5342;O
2020-09-20;5341;O
2020-09-21;5340;O
2020-09-22;5340;O
2020-09-23;5340;O
2020-09-24;5340;O
2020-09-25;5340;O
2020-09-26;5338;O
2020-09-27;5343;O
2020-09-28;5343;O
2020-09-29;5342;O
2020-09-30;5342;O
2020-10-01;5342;O
2020-10-02;5342;O
2020-10-03;5342;O
2020-10-04;5344;O
2020-10-05;5342;O
2020-10-06;5342;O
2020-10-07;5342;O
2020-10-08;5342;O
2020-10-09;5342;O
2020-10-10;5342;O
2020-10-11;5342;O
2020-10-12;5342;O
2020-10-13;5342;O
2020-10-14;5342;O
2020-10-15;5342;O
2020-10-16;5340;O
2020-10-17;5340;O
2020-10-18;5340;O
2020-10-19;5339;O
2020-10-20;5339;O
2020-10-21;5339;O
2020-10-22;5339;O
2020-10-23;5338;O
2020-10-24;5338;O
2020-10-25;5339;O
2020-10-26;5339;O
2020-10-27;5341;O
2020-10-28;5341;O
2020-10-29;5342;O
2020-10-30;5343;O
2020-10-31;5344;O
2020-11-01;5345;O
2020-11-02;5345;O
2020-11-03;5346;O
2020-11-04;5346;O
2020-11-05;5348;O
2020-11-06;5346;O
2020-11-07;5347;O
2020-11-08;5348;O
2020-11-09;5348;O
2020-11-10;5348;O
2020-11-11;5348;O
2020-11-12;5348;O
2020-11-13;5349;O
2020-11-14;5348;O
2020-11-15;5348;O
2020-11-16;5349;O
2020-11-17;5348;O
2020-11-18;5348;O
2020-11-19;5348;O
2020-11-20;5347;O
2020-11-21;5348;O
2020-11-22;5350;O
2020-11-23;5350;O
2020-11-24;5351;O
2020-11-25;5352;O
2020-11-26;5353;O
2020-11-27;5354;O
2020-11-28;5354;O
2020-11-29;5355;O
2020-11-30;5354;O
2020-12-01;5355;O
2020-12-02;5354;O
2020-12-03;5354;O
2020-12-04;5356;O
2020-12-05;5356;O
2020-12-06;5353;O
2020-12-07;5352;O
2020-12-08;5354;O
2020-12-09;5352;O
2020-12-10;5352;O
2020-12-11;5352;O
2020-12-12;5352;O
2020-12-13;5350;O
2020-12-14;5350;O
2020-12-15;5350;O
2020-12-16;5350;O
2020-12-17;5350;O
2020-12-18;5351;O
2020-12-19;5350;O
2020-12-20;5351;O
2020-12-21;5352;O
2020-12-22;5352;O
2020-12-23;5354;O
2020-12-24;5355;O
2020-12-25;5356;O
2020-12-26;5356;O
2020-12-27;5356;O
2020-12-28;5360;O
2020-12-29;5360;O
2020-12-30;5360;O
2020-12-31;5360;O
2021-01-01;5362;O
2021-01-02;5362;O
2021-01-03;5363;O
2021-01-04;5363;O
2021-01-05;5363;O
2021-01-06;5361;O
2021-01-07;5362;O
2021-01-08;5364;O
2021-01-09;5365;O
2021-01-10;5366;O
2021-01-11;5366;O
2021-01-12;5367;O
2021-01-13;5368;O
2021-01-14;5372;O
2021-01-15;5376;O
2021-01-16;5378;O
2021-01-17;5378;O
2021-01-18;5378;O
2021-01-19;5380;O
2021-01-20;5382;O
2021-01-21;5382;O
2021-01-22;5388;O
2021-01-23;5392;O
2021-01-24;5396;O
2021-01-25;5398;O
2021-01-26;5402;O
2021-01-27;5404;O
2021-01-28;5405;O
2021-01-29;5406;O
2021-01-30;5408;O
2021-01-31;5408;O
2021-02-01;5409;O
2021-02-02;5410;O
2021-02-03;5410;O
2021-02-04;5410;O
2021-02-05;5409;O
2021-02-06;5409;O
2021-02-07;5407;O
2021-02-08;5405;O
2021-02-09;5400;O
2021-02-10;5400;O
2021-02-11;5400;O
2021-02-12;5400;O
2021-02-13;5398;O
2021-02-14;5397;O
2021-02-15;5396;O
2021-02-16;5395;O
2021-02-17;5393;O
2021-02-18;5393;O
2021-02-19;5392;O
2021-02-20;5392;O
2021-02-21;5394;O
2021-02-22;5395;O
2021-02-23;5396;O
2021-02-24;5399;O
2021-02-26;5401;O
2021-02-27;5403;O
2021-02-28;5405;O
2021-03-01;5406;O
2021-03-02;5406;O
2021-03-03;5406;O
2021-03-04;5405;O
2021-03-05;5406;O
2021-03-06;5405;O
2021-03-07;5406;O
2021-03-08;5405;O
2021-03-09;5406;O
2021-03-10;5406;O
2021-03-11;5406;O
2021-03-12;5406;O
2021-03-13;5406;O
2021-03-14;5407;O
2021-03-15;5413;O
2021-03-16;5416;O
2021-03-17;5417;O
2021-03-18;5419;O
2021-03-19;5421;O
2021-03-20;5421;O
2021-03-21;5422;O
2021-03-22;5422;O
2021-03-23;5423;O
2021-03-24;5421;O
2021-03-25;5421;O
2021-03-26;5420;O
2021-03-27;5420;O
2021-03-28;5420;O
2021-03-29;5420;O
2021-03-30;5419;O
2021-03-31;5420;O
2021-04-01;5419;O
2021-04-02;5420;O
2021-04-03;5421;O
2021-04-04;5420;O
2021-04-05;5420;O
2021-04-06;5420;O
2021-04-07;5419;O
2021-04-08;5419;O
2021-04-09;5418;O
2021-04-10;5419;O
2021-04-11;5418;O
2021-04-12;5418;O
2021-04-13;5419;O
2021-04-14;5421;O
2021-04-15;5420;O
2021-04-16;5420;O
2021-04-17;5420;O
2021-04-18;5420;O
2021-04-19;5420;O
2021-04-20;5420;O
2021-04-21;5420;O
2021-04-22;5419;O
2021-04-23;5418;O
2021-04-24;5418;O
2021-04-25;5418;O
2021-04-26;5419;O
2021-04-27;5418;O
2021-04-28;5418;O
2021-04-29;5417;O
2021-04-30;5418;O
2021-05-01;5418;O
2021-05-02;5419;O
2021-05-03;5417;O
2021-05-04;5418;O
2021-05-05;5418;O
2021-05-06;5419;O
2021-05-07;5420;O
2021-05-08;5421;O
2021-05-09;5421;O
2021-05-10;5421;O
2021-05-11;5420;O
2021-05-12;5420;O
2021-05-13;5420;O
2021-05-14;5420;O
2021-05-15;5420;O
2021-05-16;5420;O
2021-05-17;5420;O
2021-05-18;5418;O
2021-05-19;5418;O
2021-05-20;5418;O
2021-05-21;5418;O
2021-05-22;5418;O
2021-05-23;5418;O
2021-05-24;5417;O
2021-05-25;5417;O
2021-05-26;5418;O
2021-05-27;5418;O
2021-05-28;5418;O
2021-05-29;5417;O
2021-05-30;5416;O
2021-05-31;5416;O
2021-06-01;5417;O
2021-06-02;5416;O
2021-06-03;5416;O
2021-06-04;5414;O
2021-06-05;5414;O
2021-06-06;5413;O
2021-06-07;5411;O
2021-06-08;5411;O
2021-06-09;5411;O
2021-06-10;5410;O
2021-06-11;5410;O
2021-06-12;5409;O
2021-06-13;5407;O
2021-06-14;5409;O
2021-06-15;5410;O
2021-06-16;5410;O
2021-06-17;5405;O
2021-06-18;5403;O
2021-06-19;5402;O
2021-06-20;5402;O
2021-06-21;5401;O
2021-06-22;5399;O
2021-06-23;5399;O
2021-06-24;5397;O
2021-06-25;5397;O
2021-06-26;5395;O
2021-06-27;5395;O
2021-06-28;5394;O
2021-06-29;5393;O
2021-06-30;5395;O
2021-07-01;5394;O
2021-07-02;5393;O
2021-07-03;5393;O
2021-07-04;5394;O
2021-07-05;5393;O
2021-07-06;5393;O
2021-07-07;5393;O
2021-07-08;5393;O
2021-07-09;5393;O
2021-07-10;5392;O
2021-07-11;5392;O
2021-07-12;5393;O
2021-07-13;5392;O
2021-07-14;5392;O
2021-07-15;5392;O
2021-07-16;5392;O
2021-07-17;5391;O
2021-07-18;5391;O
2021-07-19;5389;O
2021-07-20;5388;O
2021-07-21;5388;O
2021-07-22;5387;O
2021-07-23;5385;O
2021-07-24;5385;O
2021-07-25;5385;O
2021-07-26;5383;O
2021-07-27;5382;O
2021-07-28;5383;O
2021-07-29;5383;O
2021-07-30;5383;O
2021-07-31;5382;O
2021-08-01;5381;O
2021-08-02;5381;O
2021-08-03;5380;O
2021-08-04;5380;O
2021-08-05;5379;O
2021-08-06;5379;O
2021-08-07;5378;O
2021-08-08;5378;O
2021-08-09;5378;O
2021-08-10;5377;O
2021-08-11;5376;O
2021-08-12;5376;O
2021-08-13;5376;O
2021-08-14;5376;O
2021-08-15;5374;O
2021-08-16;5374;O
2021-08-17;5375;O
2021-08-18;5376;O
2021-08-19;5376;O
2021-08-20;5377;O
2021-08-21;5378;O
2021-08-22;5376;O
2021-08-23;5376;O
2021-08-24;5377;O
2021-08-25;5377;O
2021-08-26;5376;O
2021-08-27;5376;O
2021-08-28;5376;O
2021-08-29;5377;O
2021-08-30;5379;O
2021-08-31;5380;O
2021-09-01;5380;O
2021-09-02;5380;O
2021-09-03;5380;O
2021-09-04;5380;O
2021-09-05;5379;O
2021-09-06;5379;O
2021-09-07;5377;O
2021-09-08;5376;O
2021-09-09;5376;O
2021-09-10;5376;O
2021-09-11;5374;O
2021-09-12;5373;O
2021-09-13;5373;O
2021-09-14;5371;O
2021-09-15;5370;O
2021-09-16;5371;O
2021-09-17;5372;O
2021-09-18;5372;O
2021-09-19;5372;O
2021-09-20;5371;O
2021-09-21;5371;O
2021-09-22;5370;O
2021-09-23;5370;O
2021-09-24;5368;O
2021-09-25;5368;O
2021-09-26;5368;O
2021-09-27;5368;O
2021-09-28;5368;O
2021-09-29;5368;O
2021-09-30;5371;O
2021-10-01;5375;O
2021-10-02;5376;O
2021-10-03;5374;O
2021-10-04;5375;O
2021-10-05;5374;O
2021-10-06;5374;O
2021-10-07;5375;O
2021-10-08;5377;O
2021-10-09;5377;O
2021-10-10;5378;O
2021-10-11;5378;O
2021-10-12;5377;O
2021-10-13;5377;O
2021-10-14;5376;O
2021-10-15;5376;O
2021-10-16;5376;O
2021-10-17;5377;O
2021-10-18;5376;O
2021-10-19;5377;O
2021-10-20;5377;O
2021-10-21;5377;O
2021-10-22;5377;O
2021-10-23;5383;O
2021-10-24;5388;O
2021-10-25;5394;O
2021-10-26;5396;O
2021-10-27;5397;O
2021-10-28;5399;O
2021-10-29;5400;O
2021-10-30;5401;O
2021-10-31;5403;O
2021-11-01;5403;O
2021-11-02;5403;O
2021-11-03;5402;O
2021-11-04;5402;O
2021-11-05;5402;O
2021-11-06;5402;O
2021-11-07;5401;O
2021-11-08;5402;O
2021-11-09;5405;O
2021-11-10;5406;O
2021-11-11;5405;O
2021-11-12;5406;O
2021-11-13;5406;O
2021-11-14;5408;O
2021-11-15;5407;O
2021-11-16;5405;O
2021-11-17;5405;O
2021-11-18;5404;O
2021-11-19;5405;O
2021-11-20;5404;O
2021-11-21;5403;O
2021-11-22;5404;O
2021-11-23;5404;O
2021-11-24;5404;O
2021-11-25;5404;O
2021-11-26;5405;O
2021-11-27;5405;O
2021-11-28;5406;O
2021-11-29;5406;O
2021-11-30;5408;O
2021-12-01;5411;O
2021-12-02;5412;O
2021-12-03;5414;O
2021-12-04;5418;O
2021-12-05;5423;O
2021-12-06;5427;O
2021-12-07;5429;O
2021-12-08;5431;O
2021-12-09;5433;O
2021-12-10;5434;O
2021-12-11;5432;O
2021-12-12;5433;O
2021-12-13;5432;O
2021-12-14;5431;O
2021-12-15;5434;O
2021-12-16;5437;O
2021-12-17;5438;O
2021-12-18;5440;O
2021-12-19;5444;O
2021-12-20;5442;O
2021-12-21;5443;O
2021-12-22;5444;O
2021-12-23;5443;O
2021-12-24;5442;O
2021-12-25;5440;O
2021-12-26;5439;O
2021-12-27;5439;O
2021-12-28;5439;O
2021-12-29;5437;O
2021-12-30;5436;O
2021-12-31;5434;O
2022-01-01;5435;O
2022-01-02;5436;O
2022-01-03;5437;O
2022-01-04;5441;O
2022-01-05;5445;O
2022-01-06;5448;O
2022-01-07;5448;O
2022-01-08;5449;O
2022-01-09;5449;O
2022-01-10;5450;O
2022-01-11;5448;O
2022-01-12;5447;O
2022-01-13;5448;O
2022-01-14;5448;O
2022-01-15;5444;O
2022-01-16;5443;O
2022-01-17;5438;O
2022-01-18;5437;O
2022-01-19;5438;O
2022-01-20;5438;O
2022-01-21;5436;O
2022-01-22;5436;O
2022-01-23;5435;O
2022-01-24;5433;O
2022-01-25;5432;O
2022-01-26;5432;O
2022-01-27;5431;O
2022-01-28;5430;O
2022-01-29;5430;O
2022-01-30;5431;O
2022-01-31;5424;O
2022-02-01;5428;O
2022-02-02;5431;O
2022-02-03;5432;O
2022-02-04;5431;O
2022-02-05;5432;O
2022-02-06;5433;O
2022-02-07;5434;O
2022-02-08;5436;O
2022-02-09;5438;O
2022-02-10;5439;O
2022-02-11;5439;O
2022-02-12;5439;O
2022-02-13;5439;O
2022-02-14;5439;O
2022-02-15;5438;O
2022-02-16;5437;O
2022-02-17;5437;O
2022-02-18;5438;O
2022-02-19;5439;O
2022-02-20;5442;O
2022-02-21;5448;O
2022-02-22;5450;O
2022-02-23;5454;O
2022-02-24;5457;O
2022-02-25;5460;O
2022-02-26;5461;O
2022-02-27;5462;O
2022-02-28;5462;O
2022-03-01;5460;O
2022-03-02;5460;O
2022-03-03;5458;O
2022-03-04;5456;O
2022-03-05;5455;O
2022-03-06;5454;O
2022-03-07;5453;O
2022-03-08;5452;O
2022-03-09;5448;O
2022-03-10;5446;O
2022-03-11;5446;O
2022-03-12;5445;O
2022-03-13;5443;O
2022-03-14;5440;O
2022-03-15;5438;O
2022-03-16;5437;O
2022-03-17;5437;O
2022-03-18;5437;O
2022-03-19;5433;O
2022-03-20;5429;O
2022-03-21;5428;O
2022-03-22;5427;O
2022-03-23;5426;O
2022-03-24;5425;O
2022-03-25;5423;O
2022-03-26;5423;O
2022-03-27;5423;O
2022-03-28;5420;O
2022-03-29;5419;O
2022-03-30;5419;O
2022-03-31;5419;O
2022-04-01;5419;O
2022-04-02;5418;O
2022-04-03;5418;O
2022-04-04;5418;O
2022-04-05;5418;O
2022-04-06;5419;O
2022-04-07;5420;O
2022-04-08;5419;O
2022-04-09;5422;O
2022-04-10;5424;O
2022-04-11;5425;O
2022-04-12;5426;O
2022-04-13;5425;O
2022-04-14;5424;O
2022-04-15;5423;O
2022-04-16;5422;O
2022-04-17;5422;O
2022-04-18;5421;O
2022-04-19;5420;O
2022-04-20;5421;O
2022-04-21;5422;O
2022-04-22;5422;O
2022-04-23;5420;O
2022-04-24;5419;O
2022-04-25;5419;O
2022-04-26;5419;O
2022-04-27;5419;O
2022-04-28;5418;O
2022-04-29;5417;O
2022-04-30;5416;O
2022-05-01;5417;O
2022-05-02;5417;O
2022-05-03;5416;O
2022-05-04;5416;O
2022-05-05;5416;O
2022-05-06;5416;O
2022-05-07;5417;O
2022-05-08;5417;O
2022-05-09;5417;O
2022-05-10;5417;O
2022-05-11;5415;O
2022-05-12;5415;O
2022-05-13;5416;O
2022-05-14;5415;O
2022-05-15;5415;O
2022-05-16;5416;O
2022-05-17;5416;O
2022-05-18;5416;O
2022-05-19;5416;O
2022-05-20;5415;O
2022-05-21;5414;O
2022-05-22;5414;O
2022-05-23;5415;O
2022-05-24;5416;O
2022-05-25;5416;O
2022-05-26;5416;O
2022-05-27;5415;O
2022-05-28;5414;O
2022-05-29;5414;O
2022-05-30;5414;O
2022-05-31;5414;O
2022-06-01;5414;O
2022-06-02;5414;O
2022-06-03;5414;O
2022-06-04;5414;O
2022-06-05;5413;O
2022-06-06;5412;O
2022-06-07;5411;O
2022-06-08;5411;O
2022-06-09;5411;O
2022-06-10;5409;O
2022-06-11;5408;O
2022-06-12;5408;O
2022-06-13;5407;O
2022-06-14;5405;O
2022-06-15;5405;O
2022-06-16;5405;O
2022-06-17;5405;O
2022-06-18;5404;O
2022-06-19;5405;O
2022-06-20;5406;O
2022-06-21;5406;O
2022-06-22;5406;O
2022-06-23;5405;O
2022-06-24;5403;O
2022-06-25;5403;O
2022-06-26;5402;O
2022-06-27;5402;O
2022-06-28;5401;O
2022-06-29;5401;O
2022-06-30;5401;O
2022-07-01;5399;O
2022-07-02;5398;O
2022-07-03;5398;O
2022-07-04;5399;O
2022-07-05;5398;O
2022-07-06;5397;O
2022-07-07;5397;O
2022-07-08;5396;O
2022-07-09;5395;O
2022-07-10;5394;O
2022-07-11;5393;O
2022-07-12;5393;O
2022-07-13;5392;O
2022-07-14;5391;O
2022-07-15;5390;O
2022-07-16;5389;O
2022-07-17;5389;O
2022-07-18;5389;O
2022-07-19;5390;O
2022-07-20;5389;O
2022-07-21;5388;O
2022-07-22;5387;O
2022-07-23;5386;O
2022-07-24;5385;O
2022-07-25;5385;O
2022-07-26;5384;O
2022-07-27;5383;O
2022-07-28;5382;O
2022-07-29;5382;O
2022-07-30;5382;O
2022-07-31;5382;O
2022-08-01;5381;O
2022-08-02;5380;O
2022-08-03;5379;O
2022-08-04;5379;O
2022-08-05;5377;O
2022-08-06;5376;O
2022-08-07;5376;O
2022-08-08;5376;O
2022-08-09;5376;O
2022-08-10;5376;O
2022-08-11;5375;O
2022-08-12;5375;O
2022-08-13;5375;O
2022-08-14;5373;O
2022-08-15;5372;O
2022-08-16;5372;O
2022-08-17;5371;O
2022-08-18;5370;O
2022-08-19;5370;O
2022-08-20;5369;O
2022-08-21;5368;O
2022-08-22;5367;O
2022-08-23;5366;O
2022-08-24;5366;O
2022-08-25;5366;O
2022-08-26;5366;O
2022-08-27;5365;O
2022-08-28;5364;O
2022-08-29;5363;O
2022-08-30;5362;O
2022-08-31;5361;O
2022-09-01;5360;O
2022-09-02;5360;O
2022-09-03;5359;O
2022-09-04;5358;O
2022-09-05;5357;O
2022-09-06;5356;O
2022-09-07;5357;O
2022-09-08;5356;O
2022-09-09;5357;O
2022-09-10;5356;O
2022-09-11;5356;O
2022-09-12;5353;O
2022-09-13;5352;O
2022-09-14;5352;O
2022-09-15;5351;O
2022-09-16;5351;O
2022-09-17;5351;O
2022-09-18;5352;O
2022-09-19;5350;O
2022-09-20;5348;O
2022-09-21;5349;O
2022-09-22;5348;O
2022-09-23;5347;O
2022-09-24;5347;O
2022-09-25;5347;O
2022-09-26;5347;O
2022-09-27;5346;O
2022-09-28;5346;O
2022-09-29;5347;O
2022-09-30;5348;O
2022-10-01;5349;O
2022-10-02;5349;O
2022-10-03;5347;O
2022-10-04;5347;O
2022-10-05;5347;O
2022-10-06;5347;O
2022-10-07;5347;O
2022-10-08;5346;O
2022-10-09;5346;O
2022-10-10;5346;O
2022-10-11;5346;O
2022-10-12;5345;O
2022-10-13;5345;O
2022-10-14;5345;O
2022-10-15;5346;O
2022-10-16;5345;O
2022-10-17;5345;O
2022-10-18;5345;O
2022-10-19;5346;O
2022-10-20;5345;O
2022-10-21;5345;O
2022-10-22;5345;O
2022-10-23;5344;O
2022-10-24;5344;O
2022-10-25;5344;O
2022-10-26;5345;O
2022-10-27;5344;O
2022-10-28;5345;O
2022-10-29;5345;O
2022-10-30;5345;O
2022-10-31;5344;O
2022-11-01;5344;O
2022-11-02;5345;O
2022-11-03;5345;O
2022-11-04;5345;O
2022-11-05;5344;O
2022-11-06;5344;O
2022-11-07;5344;O
2022-11-08;5343;O
2022-11-09;5343;O
2022-11-10;5342;O
2022-11-11;5341;O
2022-11-12;5342;O
2022-11-13;5342;O
2022-11-14;5343;O
2022-11-15;5343;O
2022-11-16;5342;O
2022-11-17;5343;O
2022-11-18;5342;O
2022-11-19;5341;O
2022-11-20;5340;O
2022-11-21;5340;O
2022-11-22;5339;O
2022-11-23;5341;O
2022-11-24;5341;O
2022-11-25;5341;O
2022-11-26;5341;O
2022-11-27;5340;O
2022-11-28;5340;O
2022-11-29;5340;O
2022-11-30;5339;O
2022-12-01;5338;O
2022-12-02;5338;O
2022-12-03;5339;O
2022-12-04;5339;O
2022-12-05;5338;O
2022-12-06;5339;O
2022-12-07;5340;O
2022-12-08;5340;O
2022-12-09;5339;O
2022-12-10;5338;O
2022-12-11;5339;O
2022-12-12;5339;O
2022-12-13;5339;O
2022-12-14;5339;O
2022-12-15;5340;O
2022-12-16;5340;O
2022-12-17;5339;O
2022-12-18;5338;O
2022-12-19;5339;O
2022-12-20;5339;O
2022-12-21;5339;O
2022-12-22;5340;O
2022-12-23;5340;O
2022-12-24;5341;O
2022-12-25;5341;O
2022-12-26;5341;O
2022-12-27;5342;O
2022-12-28;5344;O
2022-12-29;5346;O
2022-12-30;5348;O
2022-12-31;5350;O
2023-01-01;5353;O
2023-01-02;5356;O
2023-01-03;5358;O
2023-01-04;5362;O
2023-01-05;5366;O
2023-01-06;5371;O
2023-01-07;5373;O
2023-01-08;5376;O
2023-01-09;5380;O
2023-01-10;5383;O
2023-01-11;5387;O
2023-01-12;5390;O
2023-01-13;5394;O
2023-01-14;5399;O
2023-01-15;5404;O
2023-01-16;5410;O
2023-01-17;5415;O
2023-01-18;5418;O
2023-01-19;5420;O
2023-01-20;5422;O
2023-01-21;5422;O
2023-01-22;5422;O
2023-01-23;5422;O
2023-01-24;5422;O
2023-01-25;5421;O
2023-01-26;5421;O
2023-01-27;5421;O
2023-01-28;5420;O
2023-01-29;5420;O
2023-01-30;5420;O
2023-01-31;5419;O
2023-02-01;5419;O
2023-02-02;5420;O
2023-02-03;5422;O
2023-02-04;5423;O
2023-02-05;5423;O
2023-02-06;5423;O
2023-02-07;5423;O
2023-02-08;5423;O
2023-02-09;5423;O
2023-02-10;5422;O
2023-02-11;5421;O
2023-02-12;5421;O
2023-02-13;5421;O
2023-02-14;5421;O
2023-02-15;5421;O
2023-02-16;5420;O
2023-02-17;5420;O
2023-02-18;5419;O
2023-02-19;5420;O
2023-02-20;5422;O
2023-02-21;5423;O
2023-02-22;5425;O
2023-02-23;5427;O
2023-02-24;5428;O
2023-02-25;5427;O
2023-02-26;5426;O
2023-02-27;5426;O
2023-02-28;5426;O
2023-03-01;5425;O
2023-03-02;5425;O
2023-03-03;5423;O
2023-03-04;5422;O
2023-03-05;5422;O
2023-03-06;5421;O
2023-03-07;5421;O
2023-03-08;5420;O
2023-03-09;5419;O
2023-03-10;5420;O
2023-03-11;5419;O
2023-03-12;5418;O
2023-03-13;5418;O
2023-03-14;5419;O
2023-03-15;5421;O
2023-03-16;5422;O
2023-03-17;5424;O
2023-03-18;5424;O
2023-03-19;5423;O
2023-03-20;5423;O
2023-03-21;5424;O
2023-03-22;5425;O
2023-03-23;5427;O
2023-03-24;5429;O
2023-03-25;5430;O
2023-03-26;5432;O
2023-03-27;5432;O
2023-03-28;5432;O
2023-03-29;5432;O
2023-03-30;5431;O
2023-03-31;5432;O
2023-04-01;5433;O
2023-04-02;5432;O
2023-04-03;5431;O
2023-04-04;5431;O
2023-04-05;5429;O
2023-04-06;5428;O
2023-04-07;5427;O
2023-04-08;5426;O
2023-04-09;5425;O
2023-04-10;5423;O
2023-04-11;5423;O
2023-04-12;5421;O
2023-04-13;5421;O
2023-04-14;5421;O
2023-04-15;5421;O
2023-04-16;5421;O
2023-04-17;5420;O
2023-04-18;5420;O
2023-04-19;5419;O
2023-04-20;5418;O
2023-04-21;5419;O
2023-04-22;5419;O
2023-04-23;5419;O
2023-04-24;5419;O
2023-04-25;5418;O
2023-04-26;5418;O
2023-04-27;5418;O
2023-04-28;5418;O
2023-04-29;5418;O
2023-04-30;5418;O
2023-05-01;5418;O
2023-05-02;5418;O
2023-05-03;5418;O
2023-05-04;5418;O
2023-05-05;5418;O
2023-05-06;5418;O
2023-05-07;5417;O
2023-05-08;5416;O
2023-05-09;5416;O
2023-05-10;5416;O
2023-05-11;5415;O
2023-05-12;5414;O
2023-05-13;5414;O
2023-05-14;5414;O
2023-05-15;5413;O
2023-05-16;5413;O
2023-05-17;5412;O
2023-05-18;5411;O
2023-05-19;5412;O
2023-05-20;5412;O
2023-05-21;5411;O
2023-05-22;5411;O
2023-05-23;5410;O
2023-05-24;5410;O
2023-05-25;5410;O
2023-05-26;5409;O
2023-05-27;5410;O
2023-05-28;5409;O
2023-05-29;5408;O
2023-05-30;5407;O
2023-05-31;5407;O
2023-06-01;5406;O
2023-06-02;5406;O
2023-06-03;5405;O
2023-06-04;5405;O
2023-06-05;5405;O
2023-06-06;5404;O
2023-06-07;5403;O
2023-06-08;5402;O
2023-06-09;5402;O
2023-06-10;5401;O
2023-06-11;5399;O
2023-06-12;5398;O
2023-06-13;5397;O
2023-06-14;5396;O
2023-06-15;5395;O
2023-06-16;5395;O
2023-06-17;5395;O
2023-06-18;5393;O
2023-06-19;5393;O
2023-06-20;5393;O
2023-06-21;5393;O
2023-06-22;5393;O
2023-06-23;5393;O
2023-06-24;5393;O
2023-06-25;5393;O
2023-06-26;5390;O
2023-06-27;5388;O
2023-06-28;5388;O
2023-06-29;5387;O
2023-06-30;5385;O
2023-07-01;5385;O
2023-07-02;5385;O
2023-07-03;5384;O
2023-07-04;5384;O
2023-07-05;5384;O
2023-07-06;5384;O
2023-07-07;5384;O
2023-07-08;5383;O
2023-07-09;5382;O
2023-07-10;5382;O
2023-07-11;5382;O
2023-07-12;5382;O
2023-07-13;5382;O
2023-07-14;5382;O
2023-07-15;5382;O
2023-07-16;5382;O
2023-07-17;5382;O
2023-07-18;5382;O
2023-07-19;5382;O
2023-07-20;5382;O
2023-07-21;5382;O
2023-07-22;5382;O
2023-07-23;5382;O
2023-07-24;5382;O
2023-07-25;5382;O
2023-07-26;5382;O
2023-07-27;5382;O
2023-07-28;5382;O
2023-07-29;5382;O
2023-07-30;5382;O
2023-07-31;5382;O
2023-08-01;5382;O
2023-08-02;5382;O
2023-08-03;5382;O
2023-08-04;5382;O
2023-08-05;5382;O
2023-08-06;5382;O
2023-08-07;5382;O
2023-08-08;5382;O
2023-08-09;5382;O
2023-08-10;5382;O
2023-08-11;5382;O
2023-08-12;5382;O
2023-08-13;5382;O
2023-08-14;5382;O
2023-08-15;5387;O
2023-08-16;5390;O
2023-08-17;5390;O
2023-08-18;5389;O
2023-08-19;5389;O
2023-08-20;5390;O
2023-08-21;5390;O
2023-08-22;5389;O
2023-08-23;5388;O
2023-08-24;5388;O
2023-08-25;5388;O
2023-08-26;5388;O
2023-08-27;5387;O
2023-08-28;5388;O
2023-08-29;5388;O
2023-08-30;5388;O
2023-08-31;5388;O
2023-09-01;5389;O
2023-09-02;5389;O
2023-09-03;5389;O
2023-09-04;5389;O
2023-09-05;5389;O
2023-09-06;5389;O
2023-09-07;5389;O
2023-09-08;5388;O
2023-09-09;5388;O
2023-09-10;5388;O
2023-09-11;5387;O
2023-09-12;5386;O
2023-09-13;5387;O
2023-09-14;5387;O
2023-09-15;5387;O
2023-09-16;5387;O
2023-09-17;5386;O
2023-09-18;5386;O
2023-09-19;5386;O
2023-09-20;5386;O
2023-09-21;5385;O
2023-09-22;5385;O
2023-09-23;5384;O
2023-09-24;5383;O
2023-09-25;5383;O
2023-09-26;5383;O
2023-09-27;5382;O
2023-09-28;5382;O
2023-09-29;5381;O
2023-09-30;5381;O
2023-10-01;5380;O
2023-10-02;5380;O
2023-10-03;5380;O
2023-10-04;5379;O
2023-10-05;5380;O
2023-10-11;5380;O
2023-10-12;5379;O
2023-10-13;5379;O
2023-10-14;5381;O
2023-10-28;5393;O
2023-10-29;5393;O
2023-10-30;5396;O
2023-10-31;5397;O
2023-11-01;5402;O
2023-11-02;5406;O
2023-11-03;5411;O
2023-11-04;5414;O
2023-11-05;5416;O
2023-11-06;5417;O
2023-11-07;5418;O
2023-11-08;5419;O
2023-11-09;5421;O
2023-11-10;5422;O
2023-11-11;5423;O
2023-11-12;5424;O
2023-11-13;5424;O
2023-11-14;5424;O
2023-11-15;5425;O
2023-11-16;5426;O
2023-11-17;5430;O
2023-11-18;5435;O
2023-11-19;5441;O
2023-11-20;5446;O
2023-11-21;5448;O
2023-11-22;5449;O
2023-11-23;5449;O
2023-11-24;5449;O
2023-11-25;5451;O
2023-11-26;5454;O
2023-11-27;5453;O
2023-11-28;5454;O
2023-11-29;5453;O
2023-11-30;5452;O
2023-12-01;5451;O
2023-12-02;5450;O
2023-12-03;5449;O
2023-12-04;5447;O
2023-12-05;5446;O
2023-12-06;5445;O
2023-12-07;5443;O
2023-12-08;5442;O
2023-12-09;5442;O
2023-12-10;5442;O
2023-12-11;5442;O
2023-12-12;5442;O
2023-12-13;5443;O
2023-12-14;5443;O
2023-12-15;5442;O
2023-12-16;5442;O
2023-12-17;5442;O
2023-12-18;5443;O
2023-12-19;5443;O
2023-12-20;5445;O
2023-12-21;5447;O
2023-12-22;5449;O
2023-12-23;5453;O
2023-12-24;5456;O
2023-12-25;5457;O
2023-12-26;5458;O
2023-12-27;5460;O
2023-12-28;5461;O
2023-12-29;5463;O
2023-12-30;5464;O
2023-12-31;5466;O
2024-01-01;5466;O
2024-01-02;5468;O
2024-01-03;5472;O
2024-01-04;5473;O
2024-01-05;5472;O
2024-01-06;5471;O
2024-01-07;5470;O
2024-01-08;5469;O
2024-01-09;5467;O
2024-01-10;5466;O
2024-01-11;5465;O
2024-01-12;5463;O
2024-01-13;5462;O
2024-01-14;5461;O
2024-01-15;5460;O
2024-01-16;5460;O
2024-01-17;5460;O
2024-01-18;5459;O
2024-01-19;5458;O
2024-01-20;5457;O
2024-01-21;5456;O
2024-01-22;5457;O
2024-01-23;5460;O
2024-01-24;5466;O
2024-01-25;5474;O
2024-01-26;5481;O
2024-01-27;5486;O
2024-01-28;5490;O
2024-01-29;5493;O
2024-01-30;5492;O
2024-01-31;5491;O
2024-02-01;5490;O
2024-02-02;5489;O
2024-02-03;5488;O
2024-02-04;5487;O
2024-02-05;5487;O
2024-02-06;5488;O
2024-02-07;5490;O
2024-02-08;5491;O
2024-02-09;5493;O
2024-02-10;5494;O
2024-02-11;5493;O
2024-02-12;5491;O
2024-02-13;5489;O
2024-02-14;5488;O
2024-02-15;5487;O
2024-02-16;5487;O
2024-02-17;5486;O
2024-02-18;5485;O
2024-02-19;5486;O
2024-02-20;5486;O
2024-02-21;5486;O
2024-02-22;5486;O
2024-02-23;5486;O
2024-02-24;5485;O
2024-02-25;5484;O
2024-02-26;5483;O
2024-02-27;5481;O
2024-02-28;5480;O
2024-02-29;5478;O
2024-03-01;5476;O
2024-03-02;5474;O
2024-03-03;5472;O
2024-03-04;5471;O
2024-03-05;5469;O
2024-03-06;5467;O
2024-03-07;5465;O
2024-03-08;5463;O
2024-03-09;5461;O
2024-03-10;5460;O
2024-03-11;5458;O
2024-03-12;5456;O
2024-03-13;5454;O
2024-03-14;5451;O
2024-03-15;5450;O
2024-03-16;5450;O
2024-03-17;5448;O
2024-03-18;5445;O
2024-03-19;5444;O
2024-03-20;5442;O
2024-03-21;5440;O
2024-03-22;5438;O
2024-03-23;5437;O
2024-03-24;5436;O
2024-03-25;5436;O
2024-03-26;5435;O
2024-03-27;5434;O
2024-03-28;5433;O
2024-03-31;5430;O
2024-04-01;5429;O
2024-04-04;5427;O
2024-04-05;5426;O
2024-04-10;5427;O
2024-04-11;5426;O
2024-04-16;5421;O
2024-04-17;5420;O
2024-04-18;5419;O
2024-04-19;5420;O
2024-04-22;5420;O
2024-04-23;5420;O
2024-04-27;5419;O
2024-04-28;5420;O
2024-04-29;5419;O
2024-04-30;5419;O
2024-05-01;5420;O
2024-05-02;5419;O
2024-05-03;5419;O
2024-05-04;5418;O
2024-05-05;5418;O
2024-05-06;5418;O
2024-05-07;5419;O
2024-05-08;5418;O
2024-05-09;5418;O
2024-05-10;5417;O
2024-05-11;5418;O
2024-05-12;5418;O
2024-05-13;5418;O
2024-05-14;5417;O
2024-05-15;5416;O
2024-05-16;5417;O
2024-05-17;5418;O
2024-05-18;5416;O
2024-05-19;5414;O
2024-05-20;5414;O
2024-05-21;5413;O
2024-05-22;5413;O
2024-05-23;5412;O
2024-05-24;5412;O
2024-05-25;5411;O
2024-05-26;5410;O
2024-05-27;5410;O
2024-05-28;5410;O
2024-05-29;5410;O
2024-05-30;5410;O
2024-05-31;5409;O
2024-06-01;5407;O
2024-06-02;5406;O
2024-06-03;5407;O
2024-06-04;5407;O
2024-06-05;5407;O
2024-06-06;5407;O
2024-06-07;5406;O
2024-06-08;5405;O
2024-06-09;5403;O
2024-06-10;5402;O
2024-06-11;5402;O
2024-06-12;5402;O
2024-06-13;5402;O
2024-06-14;5402;O
2024-06-15;5402;O
2024-06-16;5401;O
2024-06-17;5401;O
2024-06-18;5400;O
2024-06-19;5400;O
2024-06-20;5400;O
2024-06-21;5400;O
2024-06-22;5399;O
2024-06-23;5398;O
2024-06-24;5397;O
2024-06-25;5397;O
2024-06-26;5397;O
2024-06-27;5396;O
2024-06-28;5395;O
2024-06-29;5395;O
2024-06-30;5396;O
2024-07-01;5394;O
2024-07-02;5392;O
2024-07-03;5391;O
2024-07-04;5391;O
2024-07-05;5390;O
2024-07-06;5390;O
2024-07-07;5390;O
2024-07-08;5390;O
2024-07-09;5390;O
2024-07-10;5389;O
2024-07-11;5389;O
2024-07-12;5390;O
2024-07-13;5390;O
2024-07-14;5390;O
2024-07-15;5390;O
2024-07-16;5389;O
2024-07-17;5388;O
2024-07-18;5388;O
2024-07-19;5388;O
2024-07-20;5387;O
2024-07-21;5387;O
2024-07-22;5387;O
2024-07-23;5387;O
2024-07-24;5387;O
2024-07-25;5386;O
2024-07-26;5386;O
2024-07-27;5386;O
2024-07-28;5385;O
2024-07-29;5383;O
2024-07-30;5383;O
2024-07-31;5383;O
2024-08-01;5381;O
2024-08-02;5380;O
2024-08-03;5379;O
2024-08-04;5379;O
2024-08-05;5379;O
2024-08-06;5379;O
2024-08-07;5380;O
2024-08-08;5380;O
2024-08-09;5379;O
2024-08-10;5378;O
2024-08-13;5376;O
2024-08-14;5376;O
2024-08-15;5375;O
2024-08-16;5373;O
2024-08-17;5372;O
2024-08-18;5372;O
2024-08-19;5371;O
2024-08-20;5370;O
2024-08-21;5371;O
2024-08-22;5370;O
2024-08-23;5369;O
2024-08-24;5369;O
2024-08-25;5369;O
2024-08-26;5368;O
2024-08-27;5366;O
2024-08-28;5366;O
2024-08-29;5365;O
2024-08-30;5364;O
2024-08-31;5363;O
2024-09-01;5362;O
2024-09-02;5362;O
2024-09-03;5362;O
2024-09-04;5362;O
2024-09-05;5361;O
2024-09-06;5360;O
2024-09-07;5360;O
2024-09-08;5359;O
2024-09-09;5358;O
2024-09-10;5358;O
2024-09-11;5359;O
2024-09-12;5359;O
2024-09-13;5377;O
2024-09-14;5369;O
2024-09-15;5357;O
2024-09-16;5356;O
2024-09-17;5356;O
2024-09-18;5356;O
2024-09-19;5356;O
2024-09-20;5356;O
2024-09-21;5355;O
2024-09-22;5353;O
2024-09-23;5354;O
2024-09-24;5353;O
2024-09-25;5352;O
2024-09-26;5352;O
2024-09-27;5355;O
2024-09-28;2009;O
2024-09-29;0;O
2024-09-30;0;O
2024-10-01;0;O
2024-10-02;0;O
2024-10-03;0;O
2024-10-04;2771;O
2024-10-05;2771;O
2024-10-06;5353;O
2024-10-07;5353;O
2024-10-08;5353;O
2024-10-09;5353;O
2024-10-10;5355;O
2024-10-11;5357;O
2024-10-12;5358;O
2024-10-13;5359;O
2024-10-14;5359;O
2024-10-15;5359;O
2024-10-16;5358;O
2024-10-17;3058;O
2024-10-18;3058;O
2024-10-19;5358;O
2024-10-20;5358;O
2024-10-21;5358;O
2024-10-22;5358;O
2024-10-23;5358;O
2024-10-24;5358;O
2024-10-25;5358;O
2024-10-26;5356;O
2024-10-27;5356;O
2024-10-28;5356;O
2024-10-29;5356;O
2024-10-30;5356;O
2024-10-31;5355;O
2024-11-01;5355;O
2024-11-02;5355;O
2024-11-03;5355;O
2024-11-04;5355;O
2024-11-05;5354;O
2024-11-06;5353;O
2024-11-07;5352;O
2024-11-08;5353;O
2024-11-09;5353;O
2024-11-10;5352;O
2024-11-11;5353;O
2024-11-12;5353;O
2024-11-13;5352;O
2024-11-14;5350;O
2024-11-15;5350;O
2024-11-16;5350;O
2024-11-17;5350;O
2024-11-18;5349;O
2024-11-19;5349;O
2024-11-20;5348;O
2024-11-21;5348;O
2024-11-22;5348;O
2024-11-23;5348;O
2024-11-24;5348;O
2024-11-25;5349;O
2024-11-26;5350;O
2024-11-27;5350;O
2024-11-28;5350;O
2024-11-29;5351;O
2024-11-30;5352;O
2024-12-01;5353;O
2024-12-02;5353;O
2024-12-03;5354;O
2024-12-04;5355;O
2024-12-05;5354;O
2024-12-06;5355;O
2024-12-07;5356;O
2024-12-08;5356;O
2024-12-09;5355;O
2024-12-10;5354;O
2024-12-11;5353;O
2024-12-12;5354;O
2024-12-13;5354;O
2024-12-14;5353;O
2024-12-15;5352;O
2024-12-16;5351;O
2024-12-17;5352;O
2024-12-18;5355;O
2024-12-19;5358;O
2024-12-20;5361;O
2024-12-21;5364;O
2024-12-22;5367;O
2024-12-23;5368;O
2024-12-24;5370;O
2024-12-25;5373;O
2024-12-26;5374;O
2024-12-27;5374;O
2024-12-28;5374;O
2024-12-29;5375;O
2024-12-30;5376;O
2024-12-31;5378;O
2025-01-01;5381;O
2025-01-02;5384;O
2025-01-03;5388;O
2025-01-04;5391;O
2025-01-05;5393;O
2025-01-06;5397;O
2025-01-07;5400;O
2025-01-08;5404;O
2025-01-09;5407;O
2025-01-10;5409;O
2025-01-11;5410;O
2025-01-12;5412;O
2025-01-13;5414;O
2025-01-14;5414;O
2025-01-15;5415;O
2025-01-16;5416;O
2025-01-17;5416;O
2025-01-18;5416;O
2025-01-19;5416;O
2025-01-20;5416;O
2025-01-21;5416;O
2025-01-22;5415;O
2025-01-23;5416;O
2025-01-24;5415;O
2025-01-25;5416;O
2025-01-26;5416;O
2025-01-27;5417;O
2025-01-28;5418;O
2025-01-29;5418;O
2025-01-30;5419;O
2025-01-31;5420;O
2025-02-01;5420;O
2025-02-02;5420;O
2025-02-03;5420;O
2025-02-04;5420;O
2025-02-05;5420;O
2025-02-06;5420;O
2025-02-07;5419;O
2025-02-08;5418;O
2025-02-09;5417;O
2025-02-10;5415;O
2025-02-11;5414;O
2025-02-12;5413;O
2025-02-13;5412;O
2025-02-14;5411;O
2025-02-15;5409;O
2025-02-16;5407;O
2025-02-17;5406;O
2025-02-18;5404;O
2025-02-19;5403;O
2025-02-20;5401;O
2025-02-21;5401;O
2025-02-22;5400;O
2025-02-23;5399;O
2025-02-24;5398;O
2025-02-25;5397;O
2025-02-26;5397;O
2025-02-27;5397;O
2025-02-28;5397;O
2025-03-01;5398;O
2025-03-02;5398;O
2025-03-03;5398;O
2025-03-04;5398;O
2025-03-05;5399;O
2025-03-06;5398;O
2025-03-07;5398;O
2025-03-08;5397;O
2025-03-09;5397;O
2025-03-10;5396;O
2025-03-11;5396;O
2025-03-12;5396;O
2025-03-13;5396;O
2025-03-14;5396;O
2025-03-15;5396;O
2025-03-16;5396;O
2025-03-17;5396;O
2025-03-18;5396;O
2025-03-19;5396;O
2025-03-20;5396;O
2025-03-21;5396;O
2025-03-22;5397;O
2025-03-23;5397;O
2025-03-24;5397;O
2025-03-25;5396;O
2025-03-26;5395;O
2025-03-27;5395;O
2025-03-28;5396;O
2025-03-29;5396;O
2025-03-30;5395;O
2025-03-31;5396;O
2025-04-01;5396;O
2025-04-02;5397;O
2025-04-03;5396;O
2025-04-04;5396;O
2025-04-05;5396;O
2025-04-06;5396;O
2025-04-07;5396;O
2025-04-08;5395;O
2025-04-09;5396;O
2025-04-10;5395;O
2025-04-11;5395;O
2025-04-12;5394;O
2025-04-13;5395;O
2025-04-14;5395;O
2025-04-15;5395;O
2025-04-16;5395;O
2025-04-17;5395;O
2025-04-18;5395;O
2025-04-19;5394;O
2025-04-20;5394;O
2025-04-21;5394;O
2025-04-22;5394;O
2025-04-23;5393;O
2025-04-24;5393;O
2025-04-25;5392;O
2025-04-26;5393;O
2025-04-27;5393;O
2025-04-28;5393;O
2025-04-29;5391;O
2025-04-30;5390;O
2025-05-01;5391;O
2025-05-02;5391;O
2025-05-03;5390;O
2025-05-04;5389;O
2025-05-05;5390;O
2025-05-06;5390;O
2025-05-07;5390;O
2025-05-08;5390;O
2025-05-09;5389;O
2025-05-10;5389;O
2025-05-11;5389;O
2025-05-12;5388;O
2025-05-13;5388;O
2025-05-14;5387;O
2025-05-15;5386;O
2025-05-16;5386;O
2025-05-17;5385;O
2025-05-18;5385;O
2025-05-19;5384;O
2025-05-20;5384;O
2025-05-21;5384;O
2025-05-22;5383;O
2025-05-23;5382;O
2025-05-24;5383;O
2025-05-25;5383;O
2025-05-26;5382;O
2025-05-27;5382;O
2025-05-28;5383;O
2025-05-29;5382;O
2025-05-30;5383;O
2025-05-31;5382;O
2025-06-01;5382;O
2025-06-02;5382;O
2025-06-03;5382;O
2025-06-04;5382;O
2025-06-05;5381;O
2025-06-06;5381;O
2025-06-07;5382;O
2025-06-08;5381;O
2025-06-09;5381;O
2025-06-10;5381;O
2025-06-11;5380;O
2025-06-12;5380;O
2025-06-13;5380;O
2025-06-14;5380;O
2025-06-15;5379;O
2025-06-16;5378;O
2025-06-17;5377;O
2025-06-18;5376;O
2025-06-19;5375;O
2025-06-20;5374;O
2025-06-21;5375;O
2025-06-22;5374;O
2025-06-23;5372;O
2025-06-24;5370;O
2025-06-25;5370;O
2025-06-26;5369;O
2025-06-27;5369;O
2025-06-28;5368;O
2025-06-29;5367;O
2025-06-30;5366;O
2025-07-01;5364;O
2025-07-02;5365;O
2025-07-03;5365;O
2025-07-04;5363;O
2025-07-05;5363;O
2025-07-06;5363;O
2025-07-07;5362;O
2025-07-08;5362;O
2025-07-09;5361;O
2025-07-10;5362;O
2025-07-11;5361;O
2025-07-12;5361;O
2025-07-13;5361;O
2025-07-14;5361;O
2025-07-15;5360;O
2025-07-16;5359;O
2025-07-17;5359;O
2025-07-18;5359;O
2025-07-19;5358;O
2025-07-20;5358;O
2025-07-21;5358;O
2025-07-22;5357;O
2025-07-23;5357;O
2025-07-24;5356;O
2025-07-25;5354;O
2025-07-26;5354;O
2025-07-27;5354;O
2025-07-28;5354;O
2025-07-29;5354;O
2025-07-30;5352;O
2025-07-31;5351;O
2025-08-01;5350;O
2025-08-02;5350;O
2025-08-03;5350;O
2025-08-04;5351;O
2025-08-05;5351;O
2025-08-06;5350;O
2025-08-07;5349;O
2025-08-08;5348;O
2025-08-09;5348;O
2025-08-10;5347;O
2025-08-11;5346;O
2025-08-12;5346;O
2025-08-13;5346;O
2025-08-14;5346;O
2025-08-15;5345;O
2025-08-16;5344;O
2025-08-17;5343;O
2025-08-18;5343;O
2025-08-19;5343;O
2025-08-20;5342;O
2025-08-21;5341;O
2025-08-22;5340;O
2025-08-23;5339;O
2025-08-24;5338;O
2025-08-25;5337;O
2025-08-26;5336;O
2025-08-27;5336;O
2025-08-28;5336;O
2025-08-29;5336;O
2025-08-30;5335;O
2025-08-31;5335;O
2025-09-01;5335;O
2025-09-02;5335;O
2025-09-03;5336;O
2025-09-04;5336;O
2025-09-05;5336;O
2025-09-06;5336;O
2025-09-07;5336;O
2025-09-08;5336;O
2025-09-09;5335;O
2025-09-10;5334;O
2025-09-11;5335;O
2025-09-12;5336;O
2025-09-13;5336;O
2025-09-14;5336;O
2025-09-15;5336;O
2025-09-16;5337;O
2025-09-17;5336;O
2025-09-18;5336;O
2025-09-19;5335;O
2025-09-20;5336;O
2025-09-21;5336;O
2025-09-22;5335;O
2025-09-23;5335;O
2025-09-24;5333;O
2025-09-25;5332;O
2025-09-26;5332;O
2025-09-27;5332;O
2025-09-28;5332;O
2025-09-29;5331;O
2025-09-30;5331;O
2025-10-01;5330;O
2025-10-02;5330;O
2025-10-03;5330;O
2025-10-04;5330;O
2025-10-05;5331;O
2025-10-06;5332;O
2025-10-07;5332;O
2025-10-08;5332;O
2025-10-09;5332;O
2025-10-10;5331;O
2025-10-11;5329;O
2025-10-12;5329;O
2025-10-13;5331;O
2025-10-14;5331;O
2025-10-15;5331;O
2025-10-16;5330;O
2025-10-17;5330;O
2025-10-18;5329;O
2025-10-19;5328;O
2025-10-20;5329;O
2025-10-21;5330;O
2025-10-22;5329;O
2025-10-23;5329;O
2025-10-24;5329;O
2025-10-25;5329;O
2025-10-26;5329;O
2025-10-27;5329;O
2025-10-28;5329;O
2025-10-29;5329;O
2025-10-30;5330;O
2025-10-31;5330;O
2025-11-01;5331;O
2025-11-02;5331;O
2025-11-03;5332;O
2025-11-04;5332;O
2025-11-05;5332;O
2025-11-06;5333;O
2025-11-07;5333;O
2025-11-08;5333;O
2025-11-09;5333;O
2025-11-10;5333;O
2025-11-11;5333;O
2025-11-12;5332;O
2025-11-13;5332;O
2025-11-14;5332;O
2025-11-15;5332;O
2025-11-16;5332;O
2025-11-17;5331;O
2025-11-18;5330;O
2025-11-19;5330;O
2025-11-20;5331;O
2025-11-21;5331;O
2025-11-22;5332;O
2025-11-23;5332;O
2025-11-24;5333;O
2025-11-25;5332;O
2025-11-26;5332;O
2025-11-27;5332;O
2025-11-28;5333;O
2025-11-29;5334;O
2025-11-30;5335;O
2025-12-01;5335;O
2025-12-02;5336;O
2025-12-03;5335;O
2025-12-04;5336;O
2025-12-05;5336;O
2025-12-06;5336;O
2025-12-07;5336;O
2025-12-08;5336;O
2025-12-09;5336;O
2025-12-10;5337;O
2025-12-11;5339;O
2025-12-12;5339;O
2025-12-13;5339;O
2025-12-14;5340;O
2025-12-15;5341;O
2025-12-16;5341;O
2025-12-17;5340;O
2025-12-18;5340;O
2025-12-19;5340;O
2025-12-20;5341;O
2025-12-21;5341;O
2025-12-22;5341;O
2025-12-23;5341;O
2025-12-24;5341;O
2025-12-25;5340;O
2025-12-26;5340;O
2025-12-27;5340;O
2025-12-28;5340;O
2025-12-29;5341;O
2025-12-30;5340;O
2025-12-31;5340;O
2026-01-01;5340;O
2026-01-02;5341;O
2026-01-03;5340;O
2026-01-04;5341;O
2026-01-05;5342;O
2026-01-06;5342;O
2026-01-07;5342;O
2026-01-08;5342;O
2026-01-09;5342;O
2026-01-10;5341;O
2026-01-11;5340;O
2026-01-12;5340;O
2026-01-13;5340;O
2026-01-14;5341;O
2026-01-15;5342;O
2026-01-16;5343;O
2026-01-17;5343;O
2026-01-18;5343;O
2026-01-19;5345;O
2026-01-20;5346;O
2026-01-21;5346;O
2026-01-22;5346;O
2026-01-23;5346;O
2026-01-24;5345;O
2026-01-25;5346;O
2026-01-26;5345;O
2026-01-27;5345;O
2026-01-28;5345;O
2026-01-29;5346;O
2026-01-30;5346;O
2026-01-31;5346;O
2026-02-01;5346;O
2026-02-02;5345;O
2026-02-03;5345;O
2026-02-04;5344;O
2026-02-05;5344;O
2026-02-06;5344;O
2026-02-07;5344;O
2026-02-08;5344;O
2026-02-09;5344;O
2026-02-10;5344;O
2026-02-11;5344;O
2026-02-12;5344;O
2026-02-13;5344;O
2026-02-14;5344;O
2026-02-15;5344;O
2026-02-16;5344;O
2026-02-17;5343;O
2026-02-18;5343;O
2026-02-19;5343;O
2026-02-20;5343;O
2026-02-21;5343;O
2026-02-22;5343;O
2026-02-23;5343;O
2026-02-24;5344;O
2026-02-25;5345;O
2026-02-26;5345;O
2026-02-27;5346;O
2026-02-28;5347;O
2026-03-01;5348;O
2026-03-02;5350;O
2026-03-03;5350;O
2026-03-04;5352;O
2026-03-05;5353;O
2026-03-06;5354;O
2026-03-07;5354;O
2026-03-08;5355;O
2026-03-09;5355;O
2026-03-10;5355;O
2026-03-11;5356;O
2026-03-12;5356;O
2026-03-13;5358;O
2026-03-14;5359;O
2026-03-15;5359;O
2026-03-16;5361;O
2026-03-17;5362;O
2026-03-18;5362;O
2026-03-19;5363;O
2026-03-20;5363;O
2026-03-21;5364;O
2026-03-22;5365;O
2026-03-23;5364;O
2026-03-24;5365;O
2026-03-25;5367;O
2026-03-26;5367;O
2026-03-27;5367;O
2026-03-28;5369;O
2026-03-29;5369;O
2026-03-30;5370;O
2026-03-31;5370;O
2026-04-01;5370;O
2026-04-02;5370;O
2026-04-03;5371;O
2026-04-04;5370;O
2026-04-05;5372;O
2026-04-06;5372;O
2026-04-07;5371;O
2026-04-08;5372;O
2026-04-09;5372;O
2026-04-10;5373;O
2026-04-11;5373;O
2026-04-12;5372;O
2026-04-13;5372;O
2026-04-14;5373;O
2026-04-15;5372;O
2026-04-16;5372;O
2026-04-17;5372;O
2026-04-18;5372;O
2026-04-19;5372;O
2026-04-20;5372;O
2026-04-21;5372;O
2026-04-22;5371;O
2026-04-23;5371;O
2026-04-24;5370;O
2026-04-25;5370;O
2026-04-26;5370;O
2026-04-27;5370;O
2026-04-28;5370;O
2026-04-29;5370;O
2026-04-30;5370;O
2026-05-01;5370;O
2026-05-02;5370;O
2026-05-03;5370;O
2026-05-04;5370;O
2026-05-05;5370;O
2026-05-06;5370;O
2026-05-07;5369;O
2026-05-08;5369;O
2026-05-09;5369;O
2026-05-10;5369;O
2026-05-11;5368;O
2026-05-12;5369;O
2026-05-13;5370;O
2026-05-14;5370;O
2026-05-15;5371;O
